Company,URL,Sentiment,Polarity Score,Raw Text,Cleaned Text
Samsung ,https://semiconductor.samsung.com/foundry/manufacturing/ ,Positive,0.11416666666666664,"Click here to learn more about Samsung Foundry Forum & SAFE™.
Click here to learn more about Samsung Foundry Forum & SAFE™.
Click here to learn more about Samsung Foundry Forum.
Samsung Foundry Forum 더 알아보려면 여기를 클릭하세요 
Samsung Foundry Forum についての詳細はここをクリックして下さい
点击这里了解更多关于 Samsung Foundry Forum & SAFE™
 Sorry, we are having a problem executing your request.The page you requested could not be found. 
            Copyright© 2025 Samsung. All rights reserved.
           
						If you want a quick solution, check out FAQ or Global Network first.
					 
						For inquiries about consumer electronics such as mobile phones, TVs, storage, and home appliances, please visit https://www.samsung.com.
					 This field is required This field is required This field is required This field is required This field is required This field is required This field is required * Find help about consumer storage product at samsung.com support. Business customer Technical support DRAM Component EU / UK Product Spec Client This field is required This field is required This field is required This field is required This field is required This field is required This field is required Please, Check""I'm not a robot"" 
					  
						This site uses cookies to personalise your experience, analyse site traffic. By Clicking Accept or continuing to browse the site you are agreeing to our use of cookies.
						
						You can read our Privacy Policy and Cookie Policy for more information.
					  
					  
					 We use cookies to improve you experience on our website and to show you experience on our website and to show you relevant advertising, manage your settings for our cookies below. These cookies are essential as they enable you to move around the website. This category cannot be disabled. These cookies collect information about how you use our website, for example which pages you visit most often. All information these cookies collect is used to improve how the website works. These cookies allow our website to remember choices you make (such as your user name, language or the region you are in) and tailor the website to provide enhanced features and content for you. These cookies gather information about your browser habits. They remember that you've visited our website and share this information with other organizations such as advertisers. Cookies are small files that store information on your computer, TV, mobile phone, or other device. They enable the entity that put the cookie on your device to recognize you across different websites, services, devices, and/or browsing sessions.",click learn samsung foundry forum safe click learn samsung foundry forum safe click learn samsung foundry forum samsung foundry forum samsung foundry forum samsung foundry forum safe sorry problem executing requestthe page requested could found copyright samsung rights reserved want quick solution check faq global network first inquiries consumer electronics mobile phones tvs storage home appliances please visit httpswwwsamsungcom field required field required field required field required field required field required field required find help consumer storage product samsungcom support business customer technical support dram component eu uk product spec client field required field required field required field required field required field required field required please checkim robot site uses cookies personalise experience analyse site traffic clicking accept continuing browse site agreeing use cookies read privacy policy cookie policy information use cookies improve experience website show experience website show relevant advertising manage settings cookies cookies essential enable move around website category cannot disabled cookies collect information use website example pages visit often information cookies collect used improve website works cookies allow website remember choices make user name language region tailor website provide enhanced features content cookies gather information browser habits remember youve visited website share information organizations advertisers cookies small files store information computer tv mobile phone device enable entity put cookie device recognize across different websites services devices andor browsing sessions
Samsung ,https://semiconsam.substack.com/p/samsung-securities-2025-semiconductor,Neutral,0.03527211792237684,"Key Factor 1. Can Earnings Forecasts Be Revised Upward?

For companies with high exposure to general-purpose semiconductors, it will likely be difficult for earnings forecasts to be revised upward in the short term. In an effort to accelerate the cycle recovery, the supply industry is strongly controlling general-purpose semiconductor production. In this environment, it is challenging to be certain that Capex and utilization rate forecasts have bottomed out.

The market will want to see more concrete evidence of a cycle recovery going forward. Only when such evidence becomes visible will traditional semiconductor equipment and materials investment ideas—such as expectations of a Capex and utilization rate bottom-out—start being further reflected in stock prices. At this point, we believe that companies with high exposure to AI semiconductors have the upper hand in terms of earnings visibility and the potential for earnings revisions.

When Will Evidence of Improvement in General-Purpose Semiconductors Appear?

According to our projections, more concrete evidence of a general-purpose semiconductor cycle recovery (such as customer inventory normalization and the visible effects of supply reductions) is expected to emerge in May–June 2025. As this timeline approaches, expectations for a bottom-out in Capex and utilization rates could also gain further traction.

• Preconditions for Cycle Improvement: A key prerequisite for cycle improvement is the normalization of customer inventories. Once customer inventories return to normal, the rebound in general-purpose semiconductor purchases will become more tangible. Historically, the stock market has reacted more strongly to demand recovery opportunities than to supply reductions.

• The Winter Phase: We expect demand weakness to be inevitable from Q4 2024 to early Q2 2025. Even considering seasonal slowdowns, the Q1 2025 sales guidance recently provided by major memory semiconductor companies was weaker than expected. As customers have already secured sufficient inventory, they have little incentive to build additional stock, and they are likely to focus on digesting their existing inventory during this period.

• Signs of a Rebound: A positive aspect is that a sharp increase in supply chain inventories appears unlikely. For DRAM, the impact of high-bandwidth memory (HBM) capacity encroachment is expected to limit production increases in the first half of the year. For NAND, given the past restraint in front-end process investments, it will be difficult for production to surge. If inventory levels in the supply industry do not rise sharply during a period of weak demand, opportunities for a rebound could emerge sooner than expected.

• When Will the Effects of Supply Reduction Appear? Supply is just as important as demand in determining semiconductor market dynamics. The supply industry is estimated to be aggressively controlling production to expedite cycle recovery. Given that the lead time for memory semiconductors is typically around four months, if wafer input was reduced in January, the impact should become apparent by May. Once supply reductions become visible, customers may begin to shift their stance. Some may adopt a strategy of purchasing before prices rise significantly, which could shift bargaining power back from customers to suppliers.

• When Will Customer Inventory Normalize? Considering supply-demand changes, we expect customer inventory to begin normalizing around May–June 2025. Since purchasing plans for general-purpose semiconductors have been significantly reduced in recent months, we anticipate seeing signs of a recovery in purchasing from that period onward. As a result, expectations for a bottom-out in Capex and utilization rate forecasts could also begin to gain momentum in line with this timeline.





Key Factor 2. How Will Semiconductor Technology Change in 2025?

If semiconductor manufacturers’ Capex and utilization rates serve as short-term profit factors for the semiconductor equipment and materials industry, then the response to technological changes becomes a key determinant in valuing semiconductor equipment and materials stocks. Timely adaptation to technological changes is essential to create future growth drivers, and the stock market has always priced in future value in advance. Therefore, it is necessary to examine which technologies will be applied in 2025.





1. DRAM 1c Will Emerge in the First Half

DRAM 1c is expected to appear in the first half of 2025. One of the key technological changes to be emphasized is High‑K Metal Gate. With the growing need for technology that enables faster AI processing while consuming less power, High‑K Metal Gate is viewed as the core technology to achieve this. Although this technology has been applied mainly in mobile and graphics applications until now, it is expected to extend across all applications.

Looking at the process steps in detail, the following changes are anticipated:

1. Lithography:

• The number of EUV layers is expected to expand further. Micron Technology, which has not previously used EUV, is anticipated to introduce EUV starting with DRAM 1c. Similarly, Samsung Electronics and SK Hynix are expected to increase the number of EUV layers compared to DRAM 1b, thereby controlling the increase in lithography process steps and seizing opportunities for performance improvements.

• High‑NA EUV is not expected to be utilized until DRAM 1c. Although pre‑development for DRAM 1d is underway and may eventually incorporate High‑NA EUV, maximizing its utility will require prior upgrades in materials and components. Given that High‑NA EUV demands significantly higher source power compared to the existing Low‑NA EUV, further improvements in the durability of materials and components are presumed necessary.

2. Etching:

• With the expanded use of EUV leading to a more controlled increase in lithography process steps, the growth in the number of etching process steps is also expected to be more constrained compared to the past.

• However, as etching must be performed on increasingly finer scales, there remains an opportunity for ASP (Average Selling Price) increases driven by specification upgrades.

3. Deposition:

• There is an increasing need to form thinner and more uniform films to enhance integration density. This environment may lead to an increased number of ALD (Atomic Layer Deposition) process steps.

• Additionally, for existing CVD (Chemical Vapor Deposition) equipment, the proportion of Single‑Type systems—which can deposit films more uniformly than Batch‑Type systems—is expected to rise.

2. AI Memory Semiconductors: Spreading Optimism and Diversifying Product Lines

1. HBM:

• HBM4 is expected to emerge in the second half of 2025. From a process technology standpoint, the following changes are anticipated:

• Front‑End Process Changes:

• There will likely be an increase in the number of I/Os (expected to rise from 1,024 to 2,048 to boost bandwidth) and the adoption of new logic/foundry processes within the Base Die.

• Historically, the Base Die has consumed a significant amount of power; hence, its design is now presumed to focus on power efficiency. With the additional incorporation of logic IP, the role of the Base Die is expected to expand—potentially even performing some computations directly.

• Back‑End Process Changes:

• For HBM4, existing technologies such as TC‑NCF and MR‑MUF are expected to be maintained.

• With JEDEC’s height standard relaxed from 720 µm to 775 µm, the introduction of Hybrid Bonding is anticipated to be delayed until HBM4e. The cost associated with switching to Hybrid Bonding and the diminished net benefits are considered key factors for this delay.

• Additionally, as the number of stacking layers increases, the wafer thickness is further reduced. Consequently, new technologies—such as laser grooving in the cutting process and enhanced inspection/measurement lineups for warpage control—are expected to be adopted.

2. The Emergence of SO‑CAMM:

• Nvidia’s GB300, which is expected to complete development by the end of the first half of 2025, is anticipated to feature a change in the DRAM form factor supporting the Grace CPU.

• While the existing GB200 employed standalone LPDDR5x, it is believed that GB300 will adopt a new technology using a small substrate called SO‑CAMM.

• It is estimated that some supply for AI PCs has already begun, and from the second half of the year onward, penetration of GB300 into the general server market is expected to accelerate.

• As a new product, this change is anticipated to have a positive impact on pricing and margins.



Direction of Semiconductor Capex in 2025

Selective Focus

Memory semiconductor production in 2025 is expected to exhibit a “rich get richer, poor get poorer” phenomenon. For DRAM, the focus is anticipated to be on shifting the production mix toward high value-added products, while for NAND, efforts will center on reducing industry inventories through stringent production control. The same applies to logic/foundry, where a growing shift toward TSMC is evident—with only TSMC among the Big 3 expected to expand capacity. Consequently, Capex is anticipated to follow this production strategy.

Direction of Memory Semiconductor Capex in 2025: Selectivity and Focus

Memory semiconductor Capex in 2025 is expected to experience modest growth compared to the previous year. As the business strategies in the supply industry shift from a focus on market share to profitability, changes in capital expenditure approaches are also anticipated. Rather than pursuing aggressive capacity expansions, there will likely be an increased reliance on cost-effective conversion investments, along with the reconfiguration of production lines tailored to each product’s characteristics to enhance production efficiency.

• DRAM Equipment:

Capex is expected to be directed toward expanding production of HBM and high value-added DDR5. To achieve this, the share of advanced processes—such as DRAM 1b/1c—is expected to continue increasing in the front-end process, while in the back-end process, there will be capacity expansion for TSV (through-silicon via) needed for HBM production and production line conversions (reflecting a product generation shift).

• NAND Equipment:

In 2025, Capex restraint is expected to continue. Investments will be limited and focused on conversion investments for the most advanced process (V9) and R&D investments for next-generation platforms (V10).

• Infrastructure Investment:

For companies like SK Hynix and Micron Technology, infrastructure investments are expected to expand significantly compared to the previous year. They are pursuing multiple greenfield projects (new factory constructions) in anticipation of future demand, and there are also some conversion investments in existing plants aimed at enhancing production line operations.

TLDR:

DRAM Equipment:

1. Front-end Processes:

• The proportion of DRAM 1b/1c is expected to expand further to address the demand for HBM and high value-added DDR5.

• In terms of capacity growth rate, DRAM 1b is anticipated to exhibit the highest increase.

2. Back-end Processes:

• Investments will focus on additional TSV capacity expansion and production line conversion.

NAND Equipment:

1. First Half:

• An expansion of V9 conversion investments is expected, with significant capacity loss occurring during the transition phase.

2. R&D for Next-Generation Platforms:

• Continued R&D investment in V10 is anticipated, with a pilot line setup expected in the second half.

Infrastructure:

1. Greenfield Projects:

• Multiple greenfield projects (e.g., SK Hynix’s M15x, Micron Technology’s Hiroshima 2nd plant, as well as new plants in New York and Idaho) are underway in anticipation of future demand.

2. Conversion Investments:

• Some conversion investments aimed at improving production line operations are also expected to be implemented.



DRAM – Continued Polarization of Production in 2025

1. Expansion of the Share of Front-End/Advanced Processes (DRAM 1b/1c)

Amid the expansion of the AI ecosystem, DRAM demand is shifting toward high-end products. In order to promptly respond to the robust customer demand for high value-added products (such as HBM and high value-added DDR5), the share of advanced processes is expected to continue to increase.

Why Must DRAM 1b Capacity Increase?

It is projected that the DRAM 1b capacity in the supply industry will expand from approximately 340K per month at the end of 2024 to around 565–570K per month by the end of 2025. Although the background for increasing capacity may differ among suppliers, the ultimate goal remains the same.

1. Samsung Electronics – Focusing on Production Line Optimization

• Since HBM3e is being mass-produced using the DRAM 1a process, it is inferred that the share of DRAM 1b in overall DRAM production must be increased. Accordingly, production lines are likely to be optimized according to product characteristics (for example, shifting the general-purpose DRAM production base to the DRAM 1b process, while utilizing the existing DRAM 1a capacity primarily for HBM3e).

• With the business focus on improving profitability and quality, there is limited scope for aggressively expanding new capacity. Instead, capital investments will likely focus on regulating the pace of new plant expansions (e.g., P4L, P5L) and converting underutilized legacy lines to enhance production and cost efficiency.

2. SK Hynix – DRAM 1b Capacity Is Essential Regardless of What They Produce

• By the end of 2025, DRAM 1b capacity is expected to roughly double compared to the end of 2024. Even solely to expand HBM3e production, it is anticipated that the DRAM 1b share must be increased; from an overall sales perspective, the ability to meet general-purpose DRAM demand via DRAM 1b must also be enhanced relative to the previous year. Accordingly, SK Hynix is expected to aggressively expand DRAM 1b capacity by appropriately balancing conversion investments with investments in new capacity expansion.

• Key Considerations:

• HBM is not a technology that can be implemented solely through back-end processes. The DRAM dies that constitute the cube are manufactured in the front-end process; without robust front-end support, HBM production cannot be significantly increased.

• The encroachment effect of HBM on DRAM 1b capacity is expected to continue in 2025. In 2024, it is estimated that over 90% of DRAM 1b capacity was utilized for HBM mass production—in effect, leaving insufficient capacity via DRAM 1b to address general-purpose DRAM demand.

• Given the nature of the industry, it is impractical to focus production solely on HBM. If a chasm occurs in HBM demand, production lines might need to revert to a focus on general-purpose products, inevitably causing sales disruptions. From an overall sales perspective, it is equally important to promptly respond to the steady demand for high value-added DDR5/LPDDR5x.

• In order to strengthen the response to high value-added DDR5/LPDDR5x demand, production lines are expected to be operated with that priority in mind. This could involve further reducing DRAM 1y/1z lines—which are currently used for legacy products (DDR4, LPDDR4)—and converting them into DRAM 1a/1b lines through targeted capital investments.

Production Line Optimization:

In 2025, efforts to optimize production lines at individual production bases are expected to intensify further. For example, the Wuxi plant is anticipated to be reorganized from DRAM 1y/1z to a configuration centered on DRAM 1a (i.e., an increased share of DRAM 1a).

• Due to U.S. semiconductor sanctions on China (specifically, the ban on importing EUV equipment into China), it is expected that the Wuxi plant will face difficulties migrating to DRAM 1a or higher processes. Although there might be plans to perform only the EUV process in Korea while conducting the remaining processes at Wuxi, such an approach is considered unfeasible starting from DRAM 1b due to the additional cost burden (e.g., increased logistics costs) from more EUV layers.

• To maximize the utilization of the Wuxi plant, medium- to long-term production is likely to be restructured by expanding DRAM 1a capacity at Wuxi and increasing DRAM 1b/1c capacity at Korean facilities.

3. Micron Technology – Catching Two Birds with One Stone

• Micron Technology is expected to follow a Capex strategy similar to that of SK Hynix. To address the production demands for HBM3e and high value-added DDR5, Micron is anticipated to aggressively expand its DRAM 1b share.

• With the Hiroshima 1 plant—which has been used for advanced processes—approaching full capacity, the expansion of DRAM 1b capacity is expected to be centered on its Taiwanese plant. It is anticipated that the Hiroshima 1 plant will continue to operate primarily on DRAM 1b, with some DRAM 1c lines incorporating new EUV processes being set up.

• Given that the existing fabs must suffice until the Hiroshima 2 plant begins operations in 2027—and considering the limited remaining front-end space at the Taiwanese plant—Micron is expected to focus its Capex on conversion investments aimed at enhancing space efficiency and profitability.

• Currently, Micron is assumed to be mass-producing DDR4 and low-end DDR5 using its DRAM 1a process. However, since strong customer demand exists for high value-added DDR5 and HBM via the DRAM 1b process, it will be necessary for Micron to secure additional DRAM 1b capacity to adequately meet the demand for advanced products.





2. HBM and TSV Capacity Will Continue to Expand in 2025

HBM production is expected to grow from 12.5 billion Gb in 2024 to over 24.9 billion Gb in 2025 (base assumption: 24.9 billion Gb). Accordingly, the TSV capacity required for HBM production is also anticipated to expand. However, the absolute increment in capacity is expected to be lower than in 2024. In order to enhance the efficiency of capital investments and for risk hedging purposes, it is believed that Capex will primarily focus on yield improvements and production line conversions.

• Mainstream Product Shifts:

While demand has previously centered on 8-channel products, starting in the first half of 2025 the proportion of 12-channel products is expected to expand significantly (for SK Hynix, a crossover between 8-channel and 12-channel product shares is anticipated in 2Q25). In the second half of the year, the next-generation product—HBM4 12-channel—will be introduced.

• Production Line Differences:

A key characteristic of HBM is that production lines vary by product. There exists a process gap between 8-channel and 12-channel products, necessitating tailored production line conversions. It is expected that Capex for HBM in 2025 will be executed primarily with investments centered on these production line adjustments.



3. NAND – Overall Production Will Decline, but Some Cutting-Edge Process Transitions Will Occur

The supply industry is expected to aggressively control NAND production in 2025. Given the subdued demand outlook, aggressive production control is necessary to accelerate the cycle recovery, making it difficult to increase Capex. It is anticipated that this restrained Capex approach will likely persist for three consecutive years (2023–2025).

On an encouraging note, investments in converting to cutting-edge processes (V9) and R&D for developing a new platform (V10) are expected to be implemented to some extent. From a supply chain perspective, increasing the contribution of cutting-edge processes will be critical for profitability in 2025. If this contribution can be enhanced, the negative impact of the industry’s restrained Capex on overall performance may be minimized.

4. Preparing for the Future: Building New Factories

Every time new demand emerges, memory semiconductor demand has experienced high growth, and numerous Greenfield Projects (new factory completions) are underway in anticipation of future demand. Samsung Electronics is securing long-term capacity centered around its Pyeongtaek facility, while SK Hynix is currently completing the M15x project in Cheongju.

Among the companies, Micron Technology is expected to see the largest increase in infrastructure investments through Greenfield Projects. Over the past 20 years, Micron Technology expanded its capacity through M&A—acquiring factories whenever competitors went bankrupt in a “chicken game,” with Rexchip and Elpida Fab being representative examples.

However, such a strategy is now becoming difficult to implement. With the DRAM industry restructured into a tripartite model, the number of additional factories available for acquisition is limited, and the expansion of the advanced process share has further intensified front-end capacity constraints. Consequently, as three Greenfield Projects (based on the front-end process) are currently underway and related investments are being executed, it is expected that the Capex growth rate in 2025 will be the highest among the three DRAM companies.



What are the directions for Capex by customer?

1. Samsung Electronics: From New Capacity Expansion to Technology Investment

• Memory semiconductor Capex in 2025 is expected to be around the early-to-mid 30 trillion won level, similar to the previous year.

• Instead of focusing on short-term production expansion investments (such as new capacity expansion or investment in new P4L lines), the focus will shift toward increasing the proportion of R&D investments aimed at enhancing technological competitiveness.

• DRAM:

• Investments are expected to center on DRAM 1b conversion (to address the demand for high value-added DDR5).

• For DRAM 1c, development is anticipated to be completed in the first half of the year, with mass production lines beginning operation in the second half.

• NAND:

• Capital investments are expected to focus on V9 conversion investments (in Pyeongtaek and Xi’an) as well as V10 R&D investments.

2. SK Hynix: Expansion of DRAM 1b and Strengthening Fab Operations

• Capex in 2025 is forecast to be around 20–21 trillion won, representing a slight increase compared to the previous year.

• DRAM:

• Investments will likely focus on expanding DRAM 1b and TSV capacity (to respond to the demand for HBM and high value-added DDR5/LPDDR5x) and on establishing the new M15x production line.

• In the second half of the year, investments are expected to be flexibly adjusted in response to market conditions.

• NAND:

• Similar to the past two years, capital investments in NAND are expected to remain limited.

• Apart from the 321-layer conversion investment in the second half (anticipated to be executed at less than 20K per month), no significant investments are expected, and there is a strong possibility that stringent control over NAND production will be implemented through reduced wafer input.

3. Micron Technology: Plenty of Areas for Expenditure

• In terms of Capex growth rate alone, Micron Technology is expected to lead due to its low baseline Capex and the anticipated surge in infrastructure costs.

• (1) Infrastructure Investment:

• To prepare for future demand, Micron is currently executing three new factory projects (based on front-end processes). Among these, the first production line—Hiroshima 2—is expected to begin operations in 2027.

• The significant increase in infrastructure costs is viewed as the fundamental driver behind the highest Capex growth rate.

• (2) Equipment Investment:

• For DRAM, investments are anticipated to follow a strategy similar to that of SK Hynix, focusing on expanding DRAM 1b and TSV capacity.

• For NAND, while maintaining controlled Capex, the pace of process conversion is expected to be slowed, with a focus on reducing overall production.





How Will Capex in Logic/Foundry Develop?

Among the three major logic/foundry companies (TSMC, Samsung Foundry, and Intel), only TSMC is expected to increase its Capex. The primary drivers for this increase include investments in new lines for 2/3nm processes and expansion investments in 2.5D packaging (CoWoS).

In contrast, Samsung Foundry and Intel are anticipated to significantly reduce their Capex compared to the previous year. They are expected to allocate their Capex primarily toward R&D investments aimed at enhancing the competitiveness of their cutting-edge process technology, rather than expanding capacity.

• TSMC:

In a recent earnings release, TSMC provided a Capex guidance for 2025 of USD 38–42 billion. They plan to allocate 70% of their total Capex to investments in advanced processes, 10–20% to specialty technologies, and 10–20% to non-wafer areas (such as advanced packaging and testing).

• Samsung Foundry:

It is anticipated that a pilot line for cutting-edge processes below 2nm will begin partial operations. Samsung Foundry is expected to focus on securing fabless customer orders through a strategic shift toward technology development.





Direction of DRAM Production in 2025

Cut Down Boldly What Needs to Be Reduced

DRAM Production Outlook for 2025

DRAM production in 2025 is expected to grow by 20% compared to the previous year. Although different production growth rates are anticipated depending on the product and supplier, if we exclude CXMT—which is planning aggressive capacity expansion—the overall DRAM production growth rate is expected to be limited to around 15% year-over-year (compared to an average annual production growth rate of +23% during 2013–2022).

• General-Purpose DRAM Production:

It is forecast to grow by 16% from 239.9 billion Gb in 2024 to 277.1 billion Gb in 2025. Excluding CXMT, the production growth rate is expected to be around 10% year-over-year, reflecting a more limited increase compared to the past. This is attributed to the expanding displacement effect on DRAM capacity due to an increased proportion of HBM, as well as changes in the supply industry’s general-purpose DRAM business strategy (shifting from a focus on market share to profitability and a restraint in Capex). In terms of products, production is expected to increase in high value-added DDR5—which is meeting shifting customer demand—while production of legacy products such as DDR4 will be further reduced. Consequently, the DDR4 production share is expected to drop to a single-digit percentage by the end of 2025.

• HBM Production:

HBM production is forecast to grow by more than 99% year-over-year, increasing from 12.5 billion Gb in 2024 to over 24.9 billion Gb in 2025 (base assumption: 24.9 billion Gb in 2025). It is anticipated that the capacity built up by the end of 2024 will be fully reflected in production throughout the year, leading to a full-scale expansion in production.





What Is the Background Behind the Polarized Production of General-Purpose DRAM?

General-purpose DRAM production is forecast to grow by 16% year-over-year—from 239.9 billion Gb in 2024 to 277.1 billion Gb in 2025 (if CXMT is excluded, the production increase is expected to be limited to around 10% year-over-year).

• It is anticipated that the polarization of production by product will continue in 2025, as it did in 2024.

• The production share of legacy products such as DDR4 is expected to be further reduced (for the three DRAM companies, DDR4 production share is projected to shrink from the mid-10% level in Q4 2024 to a single-digit percentage by Q4 2025), with production being restructured to focus on high value-added DDR5 products in response to customer demand.

1. Penetration of Chinese Semiconductors (CXMT) and Intensifying Competition in the General-Purpose DRAM Market

CXMT (Changxin Memory), a cornerstone of China’s DRAM industry, is expected to continue its aggressive capacity expansion into 2025 following 2024. Production is forecast to increase from 15 billion Gb in 2024 to 30–31 billion Gb in 2025. Since CXMT has sufficiently stocked the equipment necessary for mass production using its established technology platforms (Gen 3 and Gen 4 processes), it is believed they will be able to expand capacity as planned. In 2025, CXMT is likely to focus on improving the self-sufficiency of Chinese semiconductors—emphasizing market share expansion in the domestic market.

Supported by strong policy measures from the Chinese government (such as providing subsidies to customers to boost the price competitiveness of domestic firms and policies that prioritize the use of Chinese semiconductors), the market share of Korean semiconductors in general-purpose DRAM could decline to some extent due to CXMT’s increasing penetration. The market is well aware of this threat and is paying close attention to the potential impact of Chinese semiconductors.

Going forward, the key point to watch will be the speed at which CXMT penetrates the high-end market. To succeed in the high-end segment, CXMT will need to overcome its current technical limitations—particularly regarding speed and density—which is expected to take additional time.



1. Demand Restructuring Toward High-End Products

DRAM demand in 2025 is expected to shift toward high-end products. This is driven by the widespread adoption of AI in the device market and the increasing need to minimize power consumption in the server market due to a growing share of AI servers.

Device Market – Upgraded DRAM Specifications

Efforts to run AI services on devices are ongoing, and additional increases in DRAM speed are required to support these services. If DRAM speed is not sufficiently high, the effective utilization of AI services may be limited. To broaden the adoption of AI services, the deployment of faster DRAM is deemed necessary.

• Smartphones:

For example, in the smartphone segment, customer demand is centered on LPDDR5/5x products with speeds exceeding 7,500 Mbps. In 2025, it is estimated that the latest flagship devices will predominantly adopt LPDDR5x products with speeds around 8,533 Mbps. Moreover, if the support for AI services expands to mid- to low-end smartphones, the trend toward increased demand for these high value-added products is likely to be further reinforced.

Since AI services are emerging as a key driver for smartphone replacement demand, the trend of adopting new high value-added products is expected to continue expanding.

• Capacity Expansion as a Key Trend:

In addition to speed improvements, a notable trend is the increase in capacity. Until now, the set-top box industry has managed DRAM capacity increases through software optimization. However, with the launch of AI services, it is becoming more challenging to maintain current capacity levels. To provide AI services alongside existing device functionalities, additional DRAM capacity will be required. Thus, the shift toward higher capacity DRAM is expected to serve as a catalyst for future demand growth.

• Smartphones:

Even Apple, which has successfully controlled DRAM capacity increases through software optimization in the past, is anticipated to debut 12GB in its upcoming iPhone 17 Pro series. In contrast, Chinese mobile companies—which are relatively less adept at managing DRAM capacity increases via software—seem poised to equip their flagship models with 16GB or more. Additionally, there are early-stage trials in some mid-to-low-end lines for deploying 24GB or 32GB of DRAM.

• PCs:

With support for Windows 10 ending in the second half of the year, new AI PC products are expected to expand significantly. While current AI PCs have generally been equipped with 16GB of DRAM, new platforms are anticipated to increasingly adopt 24GB or 32GB modules.

Server Market – Reducing Power Consumption

The share of AI servers within the overall server market continues to grow. AI servers consume considerable power, and to counteract rising power consumption, investments in infrastructure—such as small modular reactors—are also on the rise. Given the limitations in available power, there is an increasing need for improved power efficiency within servers. Consequently, the demand for low-power platform construction is expected to expand not only for AI servers but also for general servers (necessitating enhanced spatial efficiency).

• Low-Power DRAM Platforms:

Low power consumption will be achieved by adopting high-performance DRAM platforms. Demand for high-end products, such as 128GB modules, is rising to enhance general server performance, and the industry is responding by optimizing production lines (for instance, by shifting production to DRAM 1b) to facilitate the mass production of these high value-added products.

• 128GB Module Production Methods:

It is estimated that 128GB modules are being mass produced via two approaches. One method involves maximizing the capacity of a single Mono Die to 32Gb—thereby implementing the chip without the use of TSV. The other method involves linking two 16Gb dies with TSV to achieve 32Gb, which is then integrated into a module.

• Preference for Mono Die Implementation:

Maximizing the Mono Die capacity to implement a single chip is believed to support faster speeds compared to connecting dies with TSV. Currently, Samsung is reportedly successfully meeting the demand for 128GB modules using this approach. In line with this trend, efforts to expand Mono Die capacity to 32Gb are expected to continue to grow.



2. How Far Has CXMT Come?

It is believed that CXMT’s current process technology will not be able to fully meet high-end demand. To completely address high-end demand, improvements such as enhanced speeds through the new adoption of High‑K Metal Gate technology and further miniaturization of process technology are necessary. It is judged that CXMT still needs more time to acquire these technical capabilities.

CXMT’s Process Technology Roadmap

Currently, CXMT’s core process technologies are Gen 3 (equivalent to DRAM 1x in Korean semiconductor terms) and Gen 4 (equivalent to DRAM 1z). It is estimated that starting in the second half of 2024, they will increase the proportion of Gen 4 and gradually enter the DDR5 market. However, it is believed that the current Gen 4 technology has limitations in terms of mass-producible products.

• What products are being mass-produced with Gen 4?

It is estimated that they are mass-producing products based on the initial DDR5 speed of 5,600 Mbps (Mono Die capacity: 16 Gb, product generation: DDR5). Their goal is to upgrade speeds to 6,400 Mbps (Mono Die capacity: 16 Gb, product generation: DDR5) by 1Q25, and they plan to enter the PC and server markets based on these products.

• How feasible is penetration into the server market?

With the current DDR5 specifications, it is thought that meaningful penetration into servers will be difficult (estimated market share in China is below 10%). There is still a need to improve data margins further (i.e., increasing data margins to achieve additional speed improvements).

• How feasible is penetration into the mobile market?

It is estimated that with their existing LPDDR5 products, CXMT can adequately support DRAM capacities up to 12 GB, and mobile companies have sufficient incentive to purchase CXMT’s products. Utilizing CXMT’s products allows for government subsidies, which gives them an advantage in the general-purpose DRAM market where price differences are not significant. As the need for material cost control intensifies with the upgrade of mobile product specifications, the price merit provided through subsidies is expected to serve as a basis for rapidly increasing market share in the mid- to low-end segments. However, it is important to note that customer demand is rapidly shifting toward high‑end products. There remain limitations in mass-producing the 16 GB DRAM (LPDDR5/5x) mainly used in the latest flagship products in the Greater China region. The chip needs to be made thinner and its speed further increased, with additional improvements in product stability. Therefore, it is believed that full-scale penetration is still challenging at this point.

Efforts to Overcome Technological Limitations

To overcome these technological limitations, CXMT is developing a process called Gen 4b. Gen 4b is a revision of the existing Gen 4 process that applies High‑K Metal Gate technology to further improve speed. On an encouraging note, the process development period is extending beyond the original target.

• In semiconductor development, completing process development at the research lab stage does not automatically translate into mass production capability. Once process development is completed in the lab, it must be transferred to a mass production line and optimized for production; only after this mass production work is complete will wafers be fed into mass production.

• If the development timeline is further delayed beyond the original target of 1Q25, then penetration into the high‑end market within the year will be limited. In that case, the level of apprehension that the stock market holds toward CXMT may decrease further.

After Gen 4b

The next process in preparation after Gen 4b is Gen 5 (equivalent to DRAM 1b in Korean semiconductor terms). The immediate challenge is that new equipment is required compared to the existing Gen 4/4b processes, and it is anticipated that securing these equipment will be difficult due to the impact of U.S. sanctions on Chinese semiconductors. If Chinese semiconductor equipment experiences rapid growth, the mass production timeline for Gen 5 might proceed as originally planned (by the end of 2026). However, considering limitations in etching and lithography technologies, it is judged that the transition to Gen 5 is likely to be further delayed compared to the original target.





HBM Production Will Increase in 2025

HBM production is forecast to grow by more than 99% year-over-year, increasing from 12.5 billion Gb in 2024 to over 24.9 billion Gb in 2025 (base assumption: 24.9 billion Gb). Although such a high growth rate might raise concerns about oversupply, it is judged that the likelihood of oversupply will be limited during 2025.

1. New Products Pose Challenges for Achieving High Yields

As HBM undergoes a generational transition, production difficulties are also increasing. For example, the HBM3e 12-stack product, which is expected to become the mainstream product in the first half of 2025, is anticipated to struggle to rapidly achieve mass production yields compared to the 8-stack version.

1. High-Stack Products: The More Layers, the Greater the Difficulty

Increasing the number of layers does not change the height of the HBM cube. Even in the case of HBM3e, the cube height remains the same for both 8-stack and 12-stack products. As the number of layers must be increased within a limited height, the required technical difficulty will also rise, which is likely to slow the pace of yield improvement.

• Bonding Process:

Within the limited cube height, more chips must be stacked and the spacing between chips must be more finely controlled, which is expected to increase the difficulty of the bonding process. To achieve yields for high-stack products comparable to those of lower-stack products, the yield of single-layer bonding must also be further improved.

• Reduction in Wafer Thickness:

For the mass production of high-stack products, the thickness of individual wafers or dies must be further reduced. Thinner wafers increase the difficulty of the cutting process (which separates the wafer into individual chips) and make the wafers more susceptible to warpage.

• Approach to Yield Improvement:

The process for improving HBM yields differs from that of general-purpose DRAM. A few major issues (around three to four) act as bottlenecks for yield improvement, and yields typically increase in a stepwise manner as each issue is resolved. Therefore, conventional methods—investing time and money in yield improvement—do not always work consistently.

2. In the Second Half, New Products (HBM4) Will Emerge

HBM4 is designed to enhance bandwidth by incorporating twice as many I/Os as HBM3e (HBM4 is composed of 2,048 I/Os) and will be released in 12-stack and 16-stack versions. With the increase in I/Os, the chip size will also grow and the TSV array will become finer. Consequently, technical challenges in both the front-end and back-end processes are expected to increase, making overall yield achievement more difficult compared to HBM3e with the same stack count.

3. Overall Production Volume Will Not Increase as Rapidly as Anticipated

During a period when the mainstream HBM product is changing (a transition in the product mix), the increasing technical challenges will make it difficult to rapidly expand production. In 2025, significant changes in the product mix are expected:

• First Half 2025:

A crossover in the proportion of HBM3e 8-stack and 12-stack products is expected to occur during the first half of the year. Starting in Q1 2025, the proportion of HBM3e 12-stack products is anticipated to begin rising significantly, with a crossover expected in Q2 2025. This transition is aimed at meeting the demand for new GPUs—such as the Blackwell Ultra—which are expected to launch in the latter part of the first half of 2025.

• Second Half 2025:

The initial supply of HBM4 is expected to begin in Q4 2025. For some companies, sample certification is anticipated to be completed by the first half of the year, and with initial supplies scheduled for Q4 2025, investments for mass production are expected to ramp up from the end of Q2 to the beginning of Q3 2025.

Given the rapid changes in product generations, it will be challenging to quickly increase supply. Assuming there is no sharp contraction in demand, from a supply perspective the likelihood of oversupply is not expected to be high at least until Q3 2025 (base assumption: no oversupply in 2025).



How Much Will HBM Capacity Increase?

HBM capacity is projected to grow by 47%, from 290K per month at the end of 2024 to 425K per month at the end of 2025. Investments are expected to focus on production line reconfiguration in line with product generation changes and on yield improvement.

1. Samsung Electronics – Not Increasing as Much as Initially Expected

• HBM capacity for Samsung Electronics is forecast to rise from 130K per month at the end of 2024 to 160–170K per month at the end of 2025. This expansion is smaller than the market’s previous expectation of 180K per month, indicating that the approach will focus more on quality improvements in the HBM market rather than on rapid capacity expansion.

• Since the HBM3e 12-stack revision is expected to be finalized by the end of Q1 2025, the ramp-up in mass production volumes is likely to occur in the second half of 2025. Consequently, the capacity increase in the latter half of the year is expected to be larger than in the first half.

• For HBM4, it is anticipated that the conventional TC‑NCF process will be used, meaning that capacity expansion will primarily revolve around TC‑NCF. Although some test lines for Hybrid Bonding are reportedly in place, full-scale mass production using Hybrid Bonding is expected to commence with HBM4e.

2. SK Hynix – Year-End Capacity Increase in Preparation for H1 2026 Production

• SK Hynix’s HBM capacity is expected to increase from 130K per month at the end of 2024 to 155–160K per month at the end of 2025. This represents an upward revision of 10–15K from the previous forecast of 145K.



Micron Technology: Focusing on Achieving Targets Rather Than Excessive Investment

HBM capacity is expected to increase from 25–30K per month at the end of 2024 to 60–70K per month at the end of 2025. The goal for 2025 is to raise the HBM share to the level of the current DRAM share (in the early 20%s), and it is believed that this target could be achieved around Q3 2025. Since HBM and DDR5 are mass-produced using the DRAM 1b process—and given the constraints on front-end capacity—Capex is expected to be deployed in a pragmatic manner rather than pursuing an overly aggressive expansion of the HBM share.

Background of the Taiwanese Back-End Plant Acquisition

• The Hiroshima Plant Is at Full Capacity:

It is estimated that HBM front-end processing is currently being performed at Hiroshima Plant 1. The problem is that there is no available fab space. In the short term, a Taiwanese plant with available space must be used for HBM front-end processing, and in the medium to long term, Taiwanese and U.S. plants are expected to serve as forward bases for HBM front-end production.

To improve production efficiency, the back-end plant should be located close to the front-end facility. If the back-end plant is located too far away, wafers that have completed front-end processing would need to be transported by air to the back-end plant, thereby increasing logistics costs. Given the need to expand short-term production primarily through Taiwanese facilities, acquiring a back-end plant in Taiwan was deemed necessary.

• The TSV Process Requires Higher Cleanroom Specifications:

The TSV process demands higher cleanroom standards than those in existing back-end plants. The newly acquired plant was formerly used as an LCD factory, making it easier to configure an environment suitable for TSV processes (since display processes are similar to semiconductor processes). After remodeling to accommodate the TSV process, it is expected that the facility will be fully utilized for HBM back-end processing within the year.

Establishment of a New Singapore Back-End Plant: What Does It Imply?

A groundbreaking ceremony for the new Singapore back-end plant was recently held, and discussions regarding its utilization are active. It is anticipated that the plant will be used exclusively for advanced packaging. Moreover, it is highly likely that the facility was established with the versatility to be convertible for both HBM and NAND back-end processing.

• Singapore serves as Micron Technology’s forward base for NAND production, and it is estimated that there is some available land within the Singapore site.

• For next-generation NAND, it is expected that Hybrid Bonding will be applied to the cell-periphery structure, and it is believed that the new facility will partially implement the Hybrid Bonding process.



Direction of NAND Production in 2025

The Premise for Cycle Recovery Is Production Reduction

NAND Production Outlook for 2025

NAND production in 2025 is expected to grow by a modest 8% compared to the previous year. In NAND, the production increase effect from process conversion is greater than in DRAM—so much so that the industry is sometimes said to achieve a 15% production increase merely by “breathing.” Our forecast of an 8% production increase for 2025 assumes that some level of production reduction (i.e., reduced wafer input) will be implemented, and we believe that the effects of these cuts are likely to begin from Q2 2025. Currently, companies such as Kioxia, Micron Technology, and SK Hynix are discussing production restraint in NAND; although their approaches may differ, this trend is expected to spread throughout the entire NAND supply chain.

Why Reduce Production?

The primary reason is that the expectations for NAND demand have declined, and the competitive capacity expansion (the so-called “chicken game”) that characterized the past is no longer as effective. As a result, profitability is likely to become the top priority for businesses, and efforts to accelerate the cycle recovery through production control are expected to be further strengthened.

1. Declining Expectations for NAND Demand

• From 2015 to 2024, the annual average demand growth rate for NAND is estimated to have been around 30%. Demand experienced rapid growth due to factors such as the expansion of storage within IT devices (increased NAND adoption) and the substitution for HDDs (hard disk drives).

• However, recent NAND demand forecasts are not very optimistic. After 20 years of NAND’s existence, the high base created by previous growth makes further expansion more challenging, and in the short term, AI is not driving NAND demand growth to the same extent as it does for DRAM.

• Will Demand Remain Weak?

There are certainly triggers that could reverse the trend in NAND demand. High-capacity eSSDs, which are increasingly penetrating AI servers, could serve as a new growth driver. In 2024, Solidigm enjoyed a near-monopoly, but now several companies have reportedly completed quality testing for customer applications, and diversification of the supply chain tends to lead to the normalization of elevated prices. Consequently, from the customer’s perspective, there is a high likelihood of renewed adoption driven by the positive effects of eSSDs.

• For Now, Cut Production:

Although it is difficult to predict the exact timing, given the high volatility in demand forecasts, it appears more rational at this point to reduce industry inventories through production cuts rather than betting on uncertain demand. This approach is expected to help accelerate the cycle recovery.

2. The Reduced Effectiveness of the ‘Chicken Game’

• In past periods of weak demand, competitive capacity expansion—often referred to as a “chicken game”—would occur simultaneously. However, in today’s environment, the effectiveness of such a strategy is considerably lower.

• Semiconductors have now become strategic assets, and efforts to build domestic semiconductor supply chains are intensifying. Even if companies engage in a chicken game, no one is willing to let their domestic competitors fail. This new reality fundamentally reduces the effectiveness of capacity expansion competitions, making the normalization of supply through production cuts the top priority.

3. YMTC Is Unlikely to Have a Significant Short-Term Impact

• China’s NAND industry is led by YMTC, and YMTC—like CXMT—is expected to plan aggressive capacity expansion (forecasted to increase production by the mid-30% range year-over-year in 2025).

• However, capacity growth is expected to be limited. To mass-produce 3D NAND with 128 layers or more, support from global semiconductor equipment manufacturers is still required, but U.S. sanctions are anticipated to create challenges in securing such equipment.

• Although there is talk of replacing these with Chinese-made equipment—and companies such as Naura and AMEC are pursuing localization—it will take time before they achieve the technological level of industry leaders like Lam Research and Tokyo Electron.

• Given these limitations, YMTC is unlikely to have a dramatic impact on short-term NAND supply.

Evolution of DRAM Process Technology

The Era of 11nm (Feat. DRAM 1c)

Executive Summary

In the first half of 2025, DRAM 1c is expected to emerge. Starting with the pilot line and a small-scale mass production capacity setup in the first half, the full-scale expansion of DRAM 1c capacity is anticipated to begin in the second half. The market is expected to align with this trend by seeking out the technological changes and beneficiary stocks that will come to the fore with DRAM 1c.

What Will Be Emphasized?

The key technological change to be emphasized is the adoption of High‑K Metal Gate. While the applications in the DRAM 1a/1b segments have been largely limited to mobile and graphics, it is anticipated that these applications will further expand to include servers and PCs. This change aims to improve leakage current issues through the use of materials with high dielectric constants and to further enhance speed. As customer demand shifts toward high‑end products, the significance of this technology is expected to grow accordingly.

How Will Process Technology Change?

• EUV Layers: The number of EUV layers is expected to increase, which will help moderate the growth in etching process steps.

• Deposition Processes: There will be intensified efforts to deposit thinner and more uniform films. Changes are expected in the form of an increase in the number of ALD (Atomic Layer Deposition) steps and a higher proportion of Single‑Type systems within CVD (Chemical Vapor Deposition).

• Inspection/Measurement and Annealing: An increase in process steps for inspection, measurement, and annealing (using methods such as laser or high‑pressure annealing) is also anticipated. These changes are driven by the need to enhance yield improvement solutions.

DRAM 1c: How Will Process Technology Change?

1. Lithography Process: Expansion of EUV Layers

It is expected that EUV penetration within DRAM will increase. For instance, Micron Technology— which has not previously utilized EUV—plans to apply EUV for the first time in DRAM 1c and is believed to have already deployed EUV at its Hiroshima plant. Similarly, Samsung Electronics and SK Hynix are anticipated to increase their EUV layer counts. Through the expanded use of EUV, companies aim to control the growth in process steps that comes with further miniaturization and to seize opportunities for performance innovation.

2. Timing for the Introduction of High-NA EUV

High-NA EUV is not expected to be introduced until after DRAM 1c. For DRAM 1d, while pre-development is currently underway, the introduction of High-NA EUV remains uncertain. Although there is consideration for applying it to approximately one layer, the current outlook suggests that its adoption might be delayed until after DRAM 1d.

• To implement High-NA EUV, innovations in materials and components are essential. High-NA EUV operates with a higher source power compared to conventional Low-NA EUV, so changes in the materials/components to withstand the increased power are required before it can be applied in mass production.

• Even in DRAM 1c—which uses an increased number of Low-NA EUV layers—development has encountered challenges at the materials/components level. For example, in the case of photoresist, the industry has primarily relied on products from Infineon. Any issues have largely been due to the material composition; although these photoresists contain a high percentage of metal oxide with excellent selectivity, this component poses a limitation by potentially causing wafer contamination during non-metal processing.

• Given the significant changes that High-NA EUV is expected to bring, if the necessary innovations in materials and components do not occur, the industry will find it challenging to deploy High-NA EUV in DRAM 1d without hesitation. While there might be new equipment purchases for R&D purposes, breakthroughs in materials/components are critical for its broader adoption within DRAM.



2. Etching Process: Opportunity for ASP Growth Remains

• With the expansion of EUV layers, the growth in the number of etching process steps is expected to be limited. However, there remains room for growth in equipment ASP.

• The DRAM process follows a LELE (Lithography-Etching-Lithography-Etching) structure, essentially a repetition of sketching the circuit via lithography and then removing unwanted areas through etching.

• If the number of EUV layers increases within this structure, the overall increase in lithography process steps will be limited—since tasks that previously required multiple exposures with DUV can now be accomplished in one step using EUV—and the subsequent increase in etching process steps will also be constrained.

• Although the number of front-end process steps is rapidly increasing due to process miniaturization, the extent of the increase in etching steps may be limited by the expanded use of EUV layers.

• Nonetheless, there is still potential for additional growth in equipment ASP, as the need to etch in increasingly finer areas will drive continuous upgrades in equipment specifications.

3. Deposition Process

• Efforts to reduce film thickness for improved integration density will continue. The development direction in deposition technology is toward forming thinner and more uniform films.

• In pursuit of this, the number of ALD (Atomic Layer Deposition) steps—advantageous for thin film deposition—is expected to continue growing. While ALD was applied to fewer than five layers up to DRAM 1a, from DRAM 1c onward, its contribution could expand to 10 or more steps.

• In the CVD (Chemical Vapor Deposition) domain, which has an advantage in equipment throughput compared to ALD, the share of Single Type over Batch Type equipment is expected to increase. This is because processing each wafer uniformly using Single Type equipment can yield better film characteristics.

4. Other Processes

1. Process Control (Inspection/Measurement):

The difficulty of securing acceptable yields is increasing, and to enhance the effectiveness of yield improvement, the number of inspection/measurement steps is continuously expanding.

2. Annealing Process:

As a process that can help remedy yield-degrading factors (such as voids and interfacial defects) occurring during processing, additional annealing steps are expected. Techniques such as laser annealing and high-pressure annealing are anticipated to contribute.

Changes in AI Memory Semiconductor Process Technology: The Spread of Warmth and Diversification of the Product Portfolio

HBM4: Getting Stronger and Faster

1. Changes in Front-End Process Technology

HBM4 (6th generation) is expected to be launched in the second half of 2025, while HBM4e (7th generation) is projected to emerge between 2026 and 2027. Since HBM4 is scheduled to be partially supplied to major customers in Q4 2025, HBM4 pilot lines are expected to be set up between Q2 and Q3 2025. In the front-end process, major changes are anticipated in three key areas.

1. Efforts to Increase Bandwidth and the Rising Number of I/Os

For faster data processing, HBM4 is expected to further expand its bandwidth. It is anticipated that the number of I/Os—serving as the data transmission channels—will be doubled compared to HBM3e (from 1,024 I/Os in previous generation products to 2,048 I/Os in HBM4) to explore additional opportunities for bandwidth expansion.

• The background for GPU customers’ willingness to pay a premium for HBM ultimately lies in its superior bandwidth.

• In the conventional DRAM architecture, where the maximum number of I/Os was limited to 64, the data processing burden per pin was high, and in environments where large volumes of data are transmitted simultaneously, there exists a risk of errors. Reducing the data processing load per pin and maximizing data transfer speed fundamentally depends on increasing the number of I/Os.

Along with the increase in I/Os, chip size is also expected to grow relative to previous generations. However, given that the wafer size is limited to 12 inches, an increase in chip size will inevitably result in a reduction in net die (the number of chips that can be produced per wafer). Therefore, to minimize the decline in productivity, the growth in chip size must be properly controlled. To achieve this, technological development is expected to focus on creating a more refined TSV array.



How much will the Net Die decrease?

The reduction in Net Die count is expected to vary by supplier due to differences in the processes applied by each, but generally, it is estimated that the Net Die count will drop by approximately 20% compared to HBM3e. Consequently, as the HBM4 capacity share increases, the displacement effect of HBM on DRAM capacity is likely to further expand.

2) Mono Die Capacity Remains the Same as HBM3e

The Mono Die capacity of HBM4 is projected to remain at 24 Gb, identical to that of HBM3e. Although there were initial considerations to introduce a 32 Gb capacity to boost density, given the tight development schedule and rising technical challenges, the decision was made to maintain 24 Gb. The new 32 Gb capacity is expected to emerge starting with HBM4e.

3) Base Die: Adoption of New Logic/Foundry Processes

A notable development is the new integration of logic/foundry processes for the Base Die. Unlike in HBM3e—where both the Base Die and the Core Die were produced using DRAM processes—the Base Die in HBM4 will be manufactured using logic/foundry processes, and the mass-produced Base Die will then be bonded with the Core Die by the memory semiconductor companies. With the exception of Micron Technology, it is expected that all suppliers will adopt logic/foundry processes for the Base Die.

What will change?

Historically, the Base Die in HBM served as the controller, equipped with circuits that managed communication between Core DRAM dies and connected HBM to GPUs via PHY to enable high-speed data processing. As a result, the Base Die consumed a significant amount of power.

Currently, efforts are underway to mass-produce the Base Die using logic/foundry processes, and given its high power consumption, R&D is focusing on improving its power efficiency. Starting with HBM4, if changes in the Base Die materialize, its role is expected to expand further:

• Whereas HBM3e primarily functioned as a control unit, HBM4 is anticipated to directly perform some computational tasks.

• In addition to enhancing the conventional memory controller functions through logic/foundry processes, there is the added advantage of incorporating non-memory semiconductor IP to more precisely address customer requirements.

Can HBM4 Evolve into a Custom Semiconductor?

HBM4 is being developed along two main trajectories: one as a Standard HBM that conforms to JEDEC standards, and the other as a Custom version that incorporates additional customer requirements.

It is estimated that demand for Custom HBM is emerging—especially from major North American tech companies such as Nvidia and Broadcom—and the custom aspect of HBM is expected to be significantly reinforced starting with HBM4. Specifically, HBM4 is likely to be semi-custom, with a full-fledged entry into the Custom domain beginning with HBM4e.

• AI remains an unstandardized technology, with different companies pursuing varying directions in AI development and applying different technologies. As a result, customized features tailored to each company’s technological approach are likely to be emphasized.

• For HBM4, custom functions may be partially implemented by adding customer-requested IP in the interface area between the Base Die and the Core Die.

• The trend toward customization is expected to become more pronounced starting with HBM4e. While HBM4 incorporates IP developed within the HBM industry, beginning with HBM4e, customer IP can be integrated into the Base Die. Discussions are ongoing regarding approaches such as designing based on IP received from customers versus the HBM industry designing from the outset in line with customer requests. Ultimately, when Custom HBM produced through such collaborations is mass produced, it is anticipated that GPUs/NPUs will focus solely on AI computations, while additional operations—such as memory control—will be managed by the Base Die.



2. Changes in Back-End Process Technology

1. Bonding: Conventional Process Technology Will Be Maintained Through HBM4

HBM4 is expected to be offered in 12-stack and 16-stack configurations, and conventional technologies such as TC‑NCF and MR‑MUF are anticipated to continue being used through HBM4. With JEDEC’s height standard relaxed from 720 µm to 775 µm, the existing technology’s applicability is expected to be further extended. The market’s interest in Hybrid Bonding is high, but its penetration is forecast to be delayed until HBM4e.

Why Is the Adoption of Hybrid Bonding Delayed?

While Hybrid Bonding offers the technical advantage of enabling chip-to-chip bonding without bumps—thus allowing for a further reduction in the gap between chips—the relaxed JEDEC height standard now makes it possible to meet technical requirements without resorting to Hybrid Bonding.

Another challenge is the investment burden. The equipment required for Hybrid Bonding is inherently more expensive than standard back-end equipment, and it is estimated that converting 10K capacity to Hybrid Bonding would cost in the mid-to-high 100-billion range. Given the relaxed height standard, the benefit of paying a premium for new Hybrid Bonding technology is not substantial.

Additionally, the difficulty of implementing the technology remains an issue. The related ecosystem needs further development before the practical benefits of the Hybrid Bonding process can be fully realized. In the current environment—where even a 1% improvement in single-layer bonding yield is critical—there is little incentive to assume the risks associated with early adoption of Hybrid Bonding.

At What Stack Count Will Hybrid Bonding Be Applied?

It is believed that bonding can be successfully achieved without Hybrid Bonding up to 16 stacks. The penetration of Hybrid Bonding is expected to begin with 20-stack products, which are first introduced in HBM4e. Currently, various technical approaches are under discussion, and there is ongoing development of a hybrid method that employs both Hybrid Bonding and TC Bonding simultaneously.

• What Is the Hybrid Solution?

Assuming a total of 20 stacks, the configuration could be divided into 10 sets of 2 stacks each. Each two-stack set would be bonded using TC Bonding, and when joining one two-stack set with the next, Hybrid Bonding could be applied. This approach would reduce the gap between chips while simultaneously minimizing reliance on Hybrid Bonding.



2) The Wafer Becomes Even Thinner

For the mass production of high-stack products, the thickness of individual wafers or dies must be further reduced. In HBM3e, even though the package heights (cube heights) for 8-stack and 12-stack products are the same, thinning the wafer can significantly increase the difficulty of two key processes:

• Cutting Process:

As wafer thickness decreases, handling becomes more challenging. Whereas mechanical dicing was previously sufficient, the reduction in thickness may prompt new attempts to apply laser grooving. Discussions are reportedly underway regarding femtosecond laser grooving—which has throughput advantages for wafer processing—and major vendors are believed to be conducting quality tests on such equipment. Companies such as Disco and Iotechnique may play key roles in this area.

• Changes in Inspection/Measurement Technology:

A thinner wafer increases the risk of warpage (i.e., the bending of the wafer). As the number of stacking layers grows, the need for inspection/measurement equipment with higher detection capability increases, because insufficient detection power may lead to difficulties in identifying cracks. While Camtek’s equipment is currently in use, there is potential for the supply chain to expand with contributions from companies like NexTain and KLA.



New Memory: The Expanding Warmth of AI

1. The Emergence of SO-CAMM (Feat. GB300, PC, Server)

Nvidia’s GB300, expected to complete development by the end of the first half of 2025, is anticipated to introduce additional changes in the form factor of the integrated DRAM. Up to GB200, LPDDR5x standalone modules were used; however, for GB300, it is believed that a new form factor called SO-CAMM will be applied. This marks a shift from a standalone business model to a module-based structure, and as a new product, it is expected to offer excellent pricing and margins. In addition to HBM and high-capacity eSSDs, this opens up another opportunity for the memory semiconductor market to profit from AI.

What is SO-CAMM?

Compared to traditional SO-DIMM modules, SO-CAMM is expected to offer the following advantages:

• Contribution to Thickness Reduction:

By utilizing a small substrate, SO-CAMM can potentially reduce the module thickness by more than half relative to conventional SO-DIMM modules.

• Performance Improvement:

Allowing for shorter trace lengths compared to traditional SO-DIMM modules, SO-CAMM enables lower power consumption and higher operating speeds. It is seen as a new technology that can contribute to improvements in both data transfer speeds (i.e., bandwidth expansion) and capacity.

Based on these technical strengths, the total addressable market (TAM) is expected to continue expanding. Adoption attempts are emerging not only in AI GPUs but also in certain PCs, and it is anticipated that this product lineup will be continuously expandable into the server market.

Who Will Supply SO-CAMM to Nvidia?

Until GB200, Micron Technology is estimated to have exclusively supplied LPDDR5x standalone modules. With GB300, market share dynamics are expected to change, and both Samsung Electronics and SK Hynix are anticipated to address this demand using their DRAM 1b process.

2. Will There Also Be Changes for Mobile? (Feat. LLW/LPW)

In the future, the need for semiconductors with expanded bandwidth in mobile devices is expected to become more prominent. However, it is highly likely that this will not occur during the 2025–2026 period. At present, AI software is only beginning to penetrate mobile devices, and specialized semiconductors like HBM are expensive—driving up material costs. Given that AI software technology development is still underway, it is unlikely that system companies will attempt adventurous, high-risk initiatives in the near term. During 2025–2026, improvements in mobile AP performance and increases in memory semiconductor integration are expected to be the primary means of addressing the AI era.

However, from 2026 onward, new attempts to integrate semiconductors with increased bandwidth may emerge. As AI software performance and utility expand to the point where mobile devices can essentially serve as personal AI assistants, communication between devices and users—via text, voice, video, etc.—will diversify. To process this data without delay, ultimately, an expansion in bandwidth will be required. It is anticipated that the specifics of this requirement will become clearer around 2027.

• In hardware, to operate AI software, the data rate (transmission rate) will need to be increased several times over the current level.

• While increased capacity integration may be one response, the ultimate solution will likely be an expansion in bandwidth.

What Specifications Are Required?

For mobile integration, the semiconductor must be compact. Compared to PCs and servers, mobile devices face significant space constraints, making miniaturization crucial—a key reason why HBM has historically struggled to penetrate the smartphone market (despite its adoption in PCs, as seen with AMD, and in automotive applications, as with Waymo). Consequently, it is believed that technologies aimed at creating a compact product with a similar concept to HBM (i.e., increasing the number of I/Os) will prevail, and that these are currently being developed in the industry under names such as LLW/LPW. It is estimated that the number of I/Os has been successfully expanded to 512, and in the case of SK Hynix, there is a precedent where a similar type of semiconductor was supplied for Vision Pro applications.

• Historically, wire bonding (connecting copper wires) has been used to link DRAM and mobile APs. With the advent of the on-device AI era, the number of wires required is increasing, and space constraints are expected to become an issue. Additionally, increased DRAM integration may trigger new problems, such as an excessive increase in copper wiring length, which could in turn lead to reduced data transmission speeds.

• Samsung Electronics and SK Hynix are developing technologies such as VCS and VFO (Vertical Wire Bonding), respectively, and as AI software technology matures, it is anticipated that the integration of such new semiconductors will also gain traction.



Changes in NAND Process Technology: The Cell-Peri Structure Is Changing

Executive Summary

The stacking count of 3D NAND is advancing from the 200‑layer era toward the 400‑layer era, and along with this increase, new technologies are being introduced. A notable feature is that the Cell‑Peri structure is undergoing changes. It is anticipated that a new structure—where the Cell and the Peri are manufactured on separate wafers and then combined via Hybrid Bonding (Wafer‑to‑Wafer Bonding)—will establish itself.

First Change: Transformation of the Cell‑Peri Structure with Increased Penetration of Hybrid Bonding

Historically, the NAND industry has manufactured the Cell and the Peri on a single wafer using a structure that places the Peri below the Cell (known as COP: Cell Over Peri) to maximize the available area for the Cell.

• NAND Structure: NAND is composed of a Cell, which stores data, and the Peri, which comprises the peripheral circuits (in the CMOS area) that drive the Cell.

• Changes in the Cell‑Peri Structure:

• In 2D NAND, the Cell and the Peri were arranged side by side. With the transition to 3D NAND, to improve spatial efficiency, the structure evolved to place the Peri beneath the Cell.

• As the industry moves into the 400‑layer regime, it is expected that even the traditional COP structure will undergo modifications.

• It is anticipated that a new method—manufacturing the Cell and the Peri on separate wafers and then merging them using Hybrid Bonding (Wafer‑to‑Wafer Bonding)—will be adopted, opening up new investment opportunities amid these technological changes.

Second Change: Entering the Era of Triple Stacking

With Samsung’s V9 platform (estimated at 286 layers) serving as a turning point, the era of double stacking is drawing to a close.

• Now, the era of triple stacking has arrived, and it is expected that the stacking count of NAND will leap from over 300 layers into the 400‑layer range.

• Key Considerations:

• To rapidly increase the stacking count in 3D NAND, it is crucial to maximize the number of Gates that can be implemented in a Single Stack. In order to increase the number of layers that can simultaneously form a Channel Hole, the thickness of the films constituting NAND must be minimized.

• Whereas the achievable layer count in a Single Stack was previously around 130–140 layers (based on the number of Gates), current trends indicate that this can now be raised to approximately 150–160 layers. In Samsung’s case, it is believed that they have already secured technology capable of handling up to 160 layers in a Single Stack.

Customer-Specific Tech Roadmap: 3D NAND in the 400‑Layer Era in 2025

1. Samsung Electronics: Going Straight to 400 Layers in 2025

1. 2024:

• In April 2024, Samsung Electronics launched a new platform, V9 (estimated at 286 layers with double stacking), and became the first in the industry to begin mass production of 1 Tb TLC products.

• They reduced the cell area by eliminating Dummy Channel Holes (channel holes created in the cell array to distinguish between planes, which do not function in operation) and improved product quality by applying cell interference avoidance and lifespan extension technologies to mitigate interference issues caused by reduced cell sizes.

2. 2025:

• It is projected that by Q4 2025, Samsung will complete development of V10 (estimated at 428 layers, utilizing triple stacking).

• With current technology supporting up to 160 layers in a Single Stack, the application of triple stacking is expected to propel the stacking count from over 300 layers directly into the 400‑layer range.

• A key structural change will be in the Cell‑Peri configuration, with a shift from the COP (Cell Over Peri) structure to one that utilizes Hybrid Bonding (Wafer‑to‑Wafer Bonding).

2. SK Hynix

1. 2024:

• SK Hynix has completed development of a 321‑layer structure (using triple stacking). Although the new platform development is complete, due to NAND production restraint, mass production volumes for the 321‑layer product have not yet been realized.

2. 2025:

• It is expected that mass production of the 321‑layer product will commence partially in the second half of 2025, driven by the need to respond to the expanding demand for high‑capacity eSSD (QLC products) in on‑premise servers.

• Following the 321‑layer platform, the next generation is expected to reach the 480‑layer range, and from that point onward, the adoption of Hybrid Bonding (Wafer‑to‑Wafer Bonding) is anticipated to be implemented on a full scale.

3. Kioxia-Western Digital

• At the end of March 2023, Kioxia-Western Digital launched a 218‑layer 3D NAND (BiCS 8) and became the second company, after YMTC, to apply Hybrid Bonding (Wafer‑to‑Wafer Bonding) to a Cell‑Peri structure.

• It is expected that they will subsequently launch a 128‑layer product (with improved I/O speeds through Single Stack technology) and a 330‑layer high‑stack product.

4. Micron Technology

• Micron is currently mass-producing products based on 176‑layer and 232‑layer structures.

• It is expected that, in the first half of 2025, Micron will begin releasing products in the 300‑layer range employing triple stacking.

5. YMTC

• YMTC began applying Hybrid Bonding (Xtacking) starting with its 64‑layer 3D NAND, and it is estimated that they are now exploring a new platform approach (Xtacking 4) that involves stacking three wafers.

• Additional Considerations for YMTC:

• They are reportedly encountering technical difficulties in Channel Hole Etching due to U.S. sanctions.

• YMTC is considering applying a new technology called Xtacking 4 to expand the stacking count. This method involves stacking two Cell Array wafers onto a logic wafer (i.e., stacking three wafers in total), which could be advantageous for increasing the stacking count; however, precise alignment during the stacking process is critical, making yield assurance extremely challenging.

• It is estimated that they have recently succeeded in developing a new 294‑layer platform based on this technology, but due to the exceptionally high technical difficulty, achieving acceptable mass production yields remains a significant challenge.

Penetration of Hybrid Bonding Is Gaining Momentum

What technology has been applied so far?

Except for YMTC, the NAND industry has been developing technology by using a structure that places the Peri (peripheral circuitry) beneath the Cell in the unusual 92/96-layer designs. Examples include Samsung’s COP (Cell Over Peri), SK Hynix’s PUC (Peri Under Cell), Micron’s CUA (CMOS Under Array), and Kioxia’s CMOS Bonded Array. Only YMTC has been developing technology using Xtacking, starting from 64 layers.

What are the benefits of placing the Peri beneath the Cell?

• In 2D NAND, the Peri (logic area) was arranged on the same plane next to the Cell.

• By positioning the Peri underneath the Cell, the chip size can be reduced while increasing the effective area available for the Cell, thereby improving overall quality.

• Typically, the Peri occupies about 20–30% of the total area; placing it under the Cell enhances design efficiency. Leveraging these technical advantages, SK Hynix has applied this structure from 96 layers onward, while Samsung, Micron, and Kioxia have done so from 176 layers onward.

What advantages will the introduction of Hybrid Bonding as a new technology bring?

Background for Adopting Hybrid Bonding:

As process technology advances (with increasing stacking counts), the technical difficulty of implementing the traditional COP (Cell Over Peri) structure has begun to rise. With taller Cells, forming interconnects becomes more challenging, and issues such as quality degradation due to thermal processes have started to emerge.

• In 3D NAND using the COP structure, the Peri is typically manufactured first, followed by the basic formation of the Cell—similar to a mixed-use building where shops occupy the lower floors and residences the upper floors.

• After the Peri process, the Cell is added. In this step, high-temperature processes are sometimes employed, and the Peri region can suffer performance degradation due to increased thermal stress.

Improved Operational Speed:

Hybrid Bonding does not solely offer advantages over the COP structure. Unlike COP—which integrates both Peri and Cell on a single wafer—Hybrid Bonding uses two separate wafers, making its adoption in the cost-sensitive memory industry challenging; in fact, YMTC, which has newly applied Hybrid Bonding, has experienced abnormal losses.

Nevertheless, despite its cost disadvantages, the expansion of Hybrid Bonding is driven by its performance benefits—particularly significant improvements in operating speed.

• With Hybrid Bonding (Wafer-to-Wafer Bonding), the Cell and Peri are manufactured on separate wafers and then bonded together, which is inherently more expensive than placing both on a single wafer (as in the COP structure).

• However, this method reduces the thermal stress imposed on the Peri region during processing and can shorten both development and mass production lead times.

• Most importantly, the undeniable benefit is the enhancement in operational speed. Considering that operating speed is a key indicator of quality improvement demanded in major applications such as servers and mobile devices, the industry’s adoption of Hybrid Bonding is expected to continue growing.

Who Will Use It and When?

Starting with Samsung Electronics’ new adoption in 2025, it is expected that roughly half of the NAND industry (Samsung Electronics, Kioxia, and YMTC) will implement Hybrid Bonding.

• Samsung Electronics: Hybrid Bonding is anticipated to be applied starting with the V10 platform—estimated at 428 layers with Triple Stacking—which is expected to be completed around Q4 2025.

• SK Hynix: The existing PUC (Peri Under Cell) structure is expected to be maintained up to 321 layers; however, from the next-generation platform of 480 layers onward, new adoption of Hybrid Bonding is anticipated.

• Kioxia and YMTC: Both have already implemented Hybrid Bonding in their launched platforms (Kioxia began applying it from 218 layers, while YMTC has been using it since 64 layers) and are expected to continue expanding its application across additional technology nodes.

What Hybrid Bonding Technology Is Applied in NAND?

Hybrid Bonding is a technology derived from the mechanism of joining two objects without an adhesive (paste material). By directly bonding the pads of copper wiring—without using bumps that traditionally serve as an adhesive—this method shortens interconnection lengths, reduces power consumption, and significantly improves electrical signal density. In NAND, the adoption of a Wafer-to-Wafer Bonding structure is expected.

1. Wafer-to-Wafer Bonding

• As the term implies, this method bonds entire wafers directly to one another.

• It has been used, for example, when stacking DRAM on a CMOS Image Sensor, and its application is expanding toward next-generation 3D NAND.

• One limitation of this technology has been the difficulty in securing high yield—it can only bond objects of the same size, and stacking multiple layers has historically been challenging.

• To address these limitations, another form of Hybrid Bonding, known as Die-to-Wafer Bonding, has been developed.

2. Die-to-Wafer Bonding

• This approach is gaining attention in the market, particularly in 2.5D Packaging (e.g., TSMC’s CoWoS, Samsung’s I-Cube, Intel’s EMIB).

• Its advantage lies in the ability to selectively use only “good” dies (i.e., high-quality ones).

• Although it is currently predominantly used in 2.5D Packaging, its application is expected to expand to HBM (with anticipated application in HBM4e).

Who Will Benefit?

1. Pre-Processing: The Growing Importance of the CMP Process

• Finer Pitch:

For Hybrid Bonding (Wafer-to-Wafer), which is expected to gain increased penetration in NAND, there is historical precedent from its use in CIS. At that time, the required pitch was on the order of several micrometers. In NAND, however, this specification is anticipated to be tightened—estimated to require a pitch below 1 µm—thereby increasing the process difficulty.

• Enhanced Surface Management:

Because wafers must be bonded to one another, more precise surface management will be essential. Control of warpage, particle contamination, and dishing must be further enhanced.

• It is expected that micro bumps will be used, and the height of each bump must be kept more uniform. Variations in bump height could lead to poor connections—some areas might experience excessively tight bonding (hard contact), while others might bond too loosely (soft contact).

• Particle control is also critical. Even the presence of a 1 µm particle can interfere with dielectric bonding. If the bonding process fails to control particles under pressure, they may harden into “hard particles” that cause cracks; during thermal processes, even small particles might expand by over 100 times.

• Key Areas of Importance:

CMP (a process that planarizes surfaces, similar to sanding) and inspection/measurement will become increasingly crucial.

• CMP Process:

This is the core process for surface control, and the introduction of Hybrid Bonding is likely to lead to additional CMP steps.

• Inspection/Measurement Process:

Ensuring that pads are properly bonded will require equipment beyond conventional optical systems. Optical techniques may only detect voids caused by particles at the interface, so advanced, high-resolution measurement solutions (such as those based on atomic microscopy) are expected to emerge.

2. Supply Chain Considerations

• CMP Process Equipment:

CMP equipment is expected to be supplied primarily by companies like Applied Materials and Ebara. In terms of materials, domestic companies may also contribute; for example, Solbrain, Dongjin Semichem, and KCTech could play significant roles.

• Inspection/Measurement Equipment:

As fine measurement becomes essential for particle control, companies with advanced measurement solutions—such as Park Systems—may find significant new opportunities.

3. Bonding and Annealing Processes

• Bonding Process:

Accuracy, bonding strength, and speed will be the key capabilities. Companies such as EVG and BE Semiconductor are expected to contribute significantly in this area.

• Annealing Process:

Both low-temperature and high-temperature annealing will be necessary, and high-pressure technology may be utilized.

• Low-Temperature Annealing:

This involves annealing at around 150°C to form shared bonds.

• High-Temperature Annealing:

Raising the process temperature from 150°C to 350°C allows copper to expand, filling gaps caused by dishing, and transforming the structure so that the top and bottom surfaces come into contact.

• In the Cell region, high-pressure high-temperature annealing may be used, while in the Peri region, high-pressure annealing is likely to be employed.",key factor earnings forecasts revised upward companies high exposure generalpurpose semiconductors likely difficult earnings forecasts revised upward short term effort accelerate cycle recovery supply industry strongly controlling generalpurpose semiconductor production environment challenging certain capex utilization rate forecasts bottomed market want see concrete evidence cycle recovery going forward evidence becomes visible traditional semiconductor equipment materials investment ideassuch expectations capex utilization rate bottomoutstart reflected stock prices point believe companies high exposure ai semiconductors upper hand terms earnings visibility potential earnings revisions evidence improvement generalpurpose semiconductors appear according projections concrete evidence generalpurpose semiconductor cycle recovery customer inventory normalization visible effects supply reductions expected emerge mayjune timeline approaches expectations bottomout capex utilization rates could also gain traction preconditions cycle improvement key prerequisite cycle improvement normalization customer inventories customer inventories return normal rebound generalpurpose semiconductor purchases become tangible historically stock market reacted strongly demand recovery opportunities supply reductions winter phase expect demand weakness inevitable q early q even considering seasonal slowdowns q sales guidance recently provided major memory semiconductor companies weaker expected customers already secured sufficient inventory little incentive build additional stock likely focus digesting existing inventory period signs rebound positive aspect sharp increase supply chain inventories appears unlikely dram impact highbandwidth memory hbm capacity encroachment expected limit production increases first half year nand given past restraint frontend process investments difficult production surge inventory levels supply industry rise sharply period weak demand opportunities rebound could emerge sooner expected effects supply reduction appear supply important demand determining semiconductor market dynamics supply industry estimated aggressively controlling production expedite cycle recovery given lead time memory semiconductors typically around four months wafer input reduced january impact become apparent may supply reductions become visible customers may begin shift stance may adopt strategy purchasing prices rise significantly could shift bargaining power back customers suppliers customer inventory normalize considering supplydemand changes expect customer inventory begin normalizing around mayjune since purchasing plans generalpurpose semiconductors significantly reduced recent months anticipate seeing signs recovery purchasing period onward result expectations bottomout capex utilization rate forecasts could also begin gain momentum line timeline key factor semiconductor technology change semiconductor manufacturers capex utilization rates serve shortterm profit factors semiconductor equipment materials industry response technological changes becomes key determinant valuing semiconductor equipment materials stocks timely adaptation technological changes essential create future growth drivers stock market always priced future value advance therefore necessary examine technologies applied dram c emerge first half dram c expected appear first half one key technological changes emphasized highk metal gate growing need technology enables faster ai processing consuming less power highk metal gate viewed core technology achieve although technology applied mainly mobile graphics applications expected extend across applications looking process steps detail following changes anticipated lithography number euv layers expected expand micron technology previously used euv anticipated introduce euv starting dram c similarly samsung electronics sk hynix expected increase number euv layers compared dram b thereby controlling increase lithography process steps seizing opportunities performance improvements highna euv expected utilized dram c although predevelopment dram underway may eventually incorporate highna euv maximizing utility require prior upgrades materials components given highna euv demands significantly higher source power compared existing lowna euv improvements durability materials components presumed necessary etching expanded use euv leading controlled increase lithography process steps growth number etching process steps also expected constrained compared past however etching must performed increasingly finer scales remains opportunity asp average selling price increases driven specification upgrades deposition increasing need form thinner uniform films enhance integration density environment may lead increased number ald atomic layer deposition process steps additionally existing cvd chemical vapor deposition equipment proportion singletype systemswhich deposit films uniformly batchtype systemsis expected rise ai memory semiconductors spreading optimism diversifying product lines hbm hbm expected emerge second half process technology standpoint following changes anticipated frontend process changes likely increase number ios expected rise boost bandwidth adoption new logicfoundry processes within base die historically base die consumed significant amount power hence design presumed focus power efficiency additional incorporation logic ip role base die expected expandpotentially even performing computations directly backend process changes hbm existing technologies tcncf mrmuf expected maintained jedecs height standard relaxed introduction hybrid bonding anticipated delayed hbme cost associated switching hybrid bonding diminished net benefits considered key factors delay additionally number stacking layers increases wafer thickness reduced consequently new technologiessuch laser grooving cutting process enhanced inspectionmeasurement lineups warpage controlare expected adopted emergence socamm nvidias gb expected complete development end first half anticipated feature change dram form factor supporting grace cpu existing gb employed standalone lpddrx believed gb adopt new technology using small substrate called socamm estimated supply ai pcs already begun second half year onward penetration gb general server market expected accelerate new product change anticipated positive impact pricing margins direction semiconductor capex selective focus memory semiconductor production expected exhibit rich get richer poor get poorer phenomenon dram focus anticipated shifting production mix toward high valueadded products nand efforts center reducing industry inventories stringent production control applies logicfoundry growing shift toward tsmc evidentwith tsmc among big expected expand capacity consequently capex anticipated follow production strategy direction memory semiconductor capex selectivity focus memory semiconductor capex expected experience modest growth compared previous year business strategies supply industry shift focus market share profitability changes capital expenditure approaches also anticipated rather pursuing aggressive capacity expansions likely increased reliance costeffective conversion investments along reconfiguration production lines tailored products characteristics enhance production efficiency dram equipment capex expected directed toward expanding production hbm high valueadded ddr achieve share advanced processessuch dram bcis expected continue increasing frontend process backend process capacity expansion tsv throughsilicon via needed hbm production production line conversions reflecting product generation shift nand equipment capex restraint expected continue investments limited focused conversion investments advanced process v rd investments nextgeneration platforms v infrastructure investment companies like sk hynix micron technology infrastructure investments expected expand significantly compared previous year pursuing multiple greenfield projects new factory constructions anticipation future demand also conversion investments existing plants aimed enhancing production line operations tldr dram equipment frontend processes proportion dram bc expected expand address demand hbm high valueadded ddr terms capacity growth rate dram b anticipated exhibit highest increase backend processes investments focus additional tsv capacity expansion production line conversion nand equipment first half expansion v conversion investments expected significant capacity loss occurring transition phase rd nextgeneration platforms continued rd investment v anticipated pilot line setup expected second half infrastructure greenfield projects multiple greenfield projects eg sk hynixs mx micron technologys hiroshima nd plant well new plants new york idaho underway anticipation future demand conversion investments conversion investments aimed improving production line operations also expected implemented dram continued polarization production expansion share frontendadvanced processes dram bc amid expansion ai ecosystem dram demand shifting toward highend products order promptly respond robust customer demand high valueadded products hbm high valueadded ddr share advanced processes expected continue increase must dram b capacity increase projected dram b capacity supply industry expand approximately k per month end around k per month end although background increasing capacity may differ among suppliers ultimate goal remains samsung electronics focusing production line optimization since hbme massproduced using dram process inferred share dram b overall dram production must increased accordingly production lines likely optimized according product characteristics example shifting generalpurpose dram production base dram b process utilizing existing dram capacity primarily hbme business focus improving profitability quality limited scope aggressively expanding new capacity instead capital investments likely focus regulating pace new plant expansions eg pl pl converting underutilized legacy lines enhance production cost efficiency sk hynix dram b capacity essential regardless produce end dram b capacity expected roughly double compared end even solely expand hbme production anticipated dram b share must increased overall sales perspective ability meet generalpurpose dram demand via dram b must also enhanced relative previous year accordingly sk hynix expected aggressively expand dram b capacity appropriately balancing conversion investments investments new capacity expansion key considerations hbm technology implemented solely backend processes dram dies constitute cube manufactured frontend process without robust frontend support hbm production cannot significantly increased encroachment effect hbm dram b capacity expected continue estimated dram b capacity utilized hbm mass productionin effect leaving insufficient capacity via dram b address generalpurpose dram demand given nature industry impractical focus production solely hbm chasm occurs hbm demand production lines might need revert focus generalpurpose products inevitably causing sales disruptions overall sales perspective equally important promptly respond steady demand high valueadded ddrlpddrx order strengthen response high valueadded ddrlpddrx demand production lines expected operated priority mind could involve reducing dram yz lineswhich currently used legacy products ddr lpddrand converting dram ab lines targeted capital investments production line optimization efforts optimize production lines individual production bases expected intensify example wuxi plant anticipated reorganized dram yz configuration centered dram ie increased share dram due us semiconductor sanctions china specifically ban importing euv equipment china expected wuxi plant face difficulties migrating dram higher processes although might plans perform euv process korea conducting remaining processes wuxi approach considered unfeasible starting dram b due additional cost burden eg increased logistics costs euv layers maximize utilization wuxi plant medium longterm production likely restructured expanding dram capacity wuxi increasing dram bc capacity korean facilities micron technology catching two birds one stone micron technology expected follow capex strategy similar sk hynix address production demands hbme high valueadded ddr micron anticipated aggressively expand dram b share hiroshima plantwhich used advanced processesapproaching full capacity expansion dram b capacity expected centered taiwanese plant anticipated hiroshima plant continue operate primarily dram b dram c lines incorporating new euv processes set given existing fabs must suffice hiroshima plant begins operations considering limited remaining frontend space taiwanese plantmicron expected focus capex conversion investments aimed enhancing space efficiency profitability currently micron assumed massproducing ddr lowend ddr using dram process however since strong customer demand exists high valueadded ddr hbm via dram b process necessary micron secure additional dram b capacity adequately meet demand advanced products hbm tsv capacity continue expand hbm production expected grow billion gb billion gb base assumption billion gb accordingly tsv capacity required hbm production also anticipated expand however absolute increment capacity expected lower order enhance efficiency capital investments risk hedging purposes believed capex primarily focus yield improvements production line conversions mainstream product shifts demand previously centered channel products starting first half proportion channel products expected expand significantly sk hynix crossover channel channel product shares anticipated q second half year nextgeneration producthbm channelwill introduced production line differences key characteristic hbm production lines vary product exists process gap channel channel products necessitating tailored production line conversions expected capex hbm executed primarily investments centered production line adjustments nand overall production decline cuttingedge process transitions occur supply industry expected aggressively control nand production given subdued demand outlook aggressive production control necessary accelerate cycle recovery making difficult increase capex anticipated restrained capex approach likely persist three consecutive years encouraging note investments converting cuttingedge processes v rd developing new platform v expected implemented extent supply chain perspective increasing contribution cuttingedge processes critical profitability contribution enhanced negative impact industrys restrained capex overall performance may minimized preparing future building new factories every time new demand emerges memory semiconductor demand experienced high growth numerous greenfield projects new factory completions underway anticipation future demand samsung electronics securing longterm capacity centered around pyeongtaek facility sk hynix currently completing mx project cheongju among companies micron technology expected see largest increase infrastructure investments greenfield projects past years micron technology expanded capacity maacquiring factories whenever competitors went bankrupt chicken game rexchip elpida fab representative examples however strategy becoming difficult implement dram industry restructured tripartite model number additional factories available acquisition limited expansion advanced process share intensified frontend capacity constraints consequently three greenfield projects based frontend process currently underway related investments executed expected capex growth rate highest among three dram companies directions capex customer samsung electronics new capacity expansion technology investment memory semiconductor capex expected around earlytomid trillion level similar previous year instead focusing shortterm production expansion investments new capacity expansion investment new pl lines focus shift toward increasing proportion rd investments aimed enhancing technological competitiveness dram investments expected center dram b conversion address demand high valueadded ddr dram c development anticipated completed first half year mass production lines beginning operation second half nand capital investments expected focus v conversion investments pyeongtaek xian well v rd investments sk hynix expansion dram b strengthening fab operations capex forecast around trillion representing slight increase compared previous year dram investments likely focus expanding dram b tsv capacity respond demand hbm high valueadded ddrlpddrx establishing new mx production line second half year investments expected flexibly adjusted response market conditions nand similar past two years capital investments nand expected remain limited apart layer conversion investment second half anticipated executed less k per month significant investments expected strong possibility stringent control nand production implemented reduced wafer input micron technology plenty areas expenditure terms capex growth rate alone micron technology expected lead due low baseline capex anticipated surge infrastructure costs infrastructure investment prepare future demand micron currently executing three new factory projects based frontend processes among first production linehiroshima expected begin operations significant increase infrastructure costs viewed fundamental driver behind highest capex growth rate equipment investment dram investments anticipated follow strategy similar sk hynix focusing expanding dram b tsv capacity nand maintaining controlled capex pace process conversion expected slowed focus reducing overall production capex logicfoundry develop among three major logicfoundry companies tsmc samsung foundry intel tsmc expected increase capex primary drivers increase include investments new lines nm processes expansion investments packaging cowos contrast samsung foundry intel anticipated significantly reduce capex compared previous year expected allocate capex primarily toward rd investments aimed enhancing competitiveness cuttingedge process technology rather expanding capacity tsmc recent earnings release tsmc provided capex guidance usd billion plan allocate total capex investments advanced processes specialty technologies nonwafer areas advanced packaging testing samsung foundry anticipated pilot line cuttingedge processes nm begin partial operations samsung foundry expected focus securing fabless customer orders strategic shift toward technology development direction dram production cut boldly needs reduced dram production outlook dram production expected grow compared previous year although different production growth rates anticipated depending product supplier exclude cxmtwhich planning aggressive capacity expansionthe overall dram production growth rate expected limited around yearoveryear compared average annual production growth rate generalpurpose dram production forecast grow billion gb billion gb excluding cxmt production growth rate expected around yearoveryear reflecting limited increase compared past attributed expanding displacement effect dram capacity due increased proportion hbm well changes supply industrys generalpurpose dram business strategy shifting focus market share profitability restraint capex terms products production expected increase high valueadded ddrwhich meeting shifting customer demandwhile production legacy products ddr reduced consequently ddr production share expected drop singledigit percentage end hbm production hbm production forecast grow yearoveryear increasing billion gb billion gb base assumption billion gb anticipated capacity built end fully reflected production throughout year leading fullscale expansion production background behind polarized production generalpurpose dram generalpurpose dram production forecast grow yearoveryearfrom billion gb billion gb cxmt excluded production increase expected limited around yearoveryear anticipated polarization production product continue production share legacy products ddr expected reduced three dram companies ddr production share projected shrink mid level q singledigit percentage q production restructured focus high valueadded ddr products response customer demand penetration chinese semiconductors cxmt intensifying competition generalpurpose dram market cxmt changxin memory cornerstone chinas dram industry expected continue aggressive capacity expansion following production forecast increase billion gb billion gb since cxmt sufficiently stocked equipment necessary mass production using established technology platforms gen gen processes believed able expand capacity planned cxmt likely focus improving selfsufficiency chinese semiconductorsemphasizing market share expansion domestic market supported strong policy measures chinese government providing subsidies customers boost price competitiveness domestic firms policies prioritize use chinese semiconductors market share korean semiconductors generalpurpose dram could decline extent due cxmts increasing penetration market well aware threat paying close attention potential impact chinese semiconductors going forward key point watch speed cxmt penetrates highend market succeed highend segment cxmt need overcome current technical limitationsparticularly regarding speed densitywhich expected take additional time demand restructuring toward highend products dram demand expected shift toward highend products driven widespread adoption ai device market increasing need minimize power consumption server market due growing share ai servers device market upgraded dram specifications efforts run ai services devices ongoing additional increases dram speed required support services dram speed sufficiently high effective utilization ai services may limited broaden adoption ai services deployment faster dram deemed necessary smartphones example smartphone segment customer demand centered lpddrx products speeds exceeding mbps estimated latest flagship devices predominantly adopt lpddrx products speeds around mbps moreover support ai services expands mid lowend smartphones trend toward increased demand high valueadded products likely reinforced since ai services emerging key driver smartphone replacement demand trend adopting new high valueadded products expected continue expanding capacity expansion key trend addition speed improvements notable trend increase capacity settop box industry managed dram capacity increases software optimization however launch ai services becoming challenging maintain current capacity levels provide ai services alongside existing device functionalities additional dram capacity required thus shift toward higher capacity dram expected serve catalyst future demand growth smartphones even apple successfully controlled dram capacity increases software optimization past anticipated debut gb upcoming iphone pro series contrast chinese mobile companieswhich relatively less adept managing dram capacity increases via softwareseem poised equip flagship models gb additionally earlystage trials midtolowend lines deploying gb gb dram pcs support windows ending second half year new ai pc products expected expand significantly current ai pcs generally equipped gb dram new platforms anticipated increasingly adopt gb gb modules server market reducing power consumption share ai servers within overall server market continues grow ai servers consume considerable power counteract rising power consumption investments infrastructuresuch small modular reactorsare also rise given limitations available power increasing need improved power efficiency within servers consequently demand lowpower platform construction expected expand ai servers also general servers necessitating enhanced spatial efficiency lowpower dram platforms low power consumption achieved adopting highperformance dram platforms demand highend products gb modules rising enhance general server performance industry responding optimizing production lines instance shifting production dram b facilitate mass production high valueadded products gb module production methods estimated gb modules mass produced via two approaches one method involves maximizing capacity single mono die gbthereby implementing chip without use tsv method involves linking two gb dies tsv achieve gb integrated module preference mono die implementation maximizing mono die capacity implement single chip believed support faster speeds compared connecting dies tsv currently samsung reportedly successfully meeting demand gb modules using approach line trend efforts expand mono die capacity gb expected continue grow far cxmt come believed cxmts current process technology able fully meet highend demand completely address highend demand improvements enhanced speeds new adoption highk metal gate technology miniaturization process technology necessary judged cxmt still needs time acquire technical capabilities cxmts process technology roadmap currently cxmts core process technologies gen equivalent dram x korean semiconductor terms gen equivalent dram z estimated starting second half increase proportion gen gradually enter ddr market however believed current gen technology limitations terms massproducible products products massproduced gen estimated massproducing products based initial ddr speed mbps mono die capacity gb product generation ddr goal upgrade speeds mbps mono die capacity gb product generation ddr q plan enter pc server markets based products feasible penetration server market current ddr specifications thought meaningful penetration servers difficult estimated market share china still need improve data margins ie increasing data margins achieve additional speed improvements feasible penetration mobile market estimated existing lpddr products cxmt adequately support dram capacities gb mobile companies sufficient incentive purchase cxmts products utilizing cxmts products allows government subsidies gives advantage generalpurpose dram market price differences significant need material cost control intensifies upgrade mobile product specifications price merit provided subsidies expected serve basis rapidly increasing market share mid lowend segments however important note customer demand rapidly shifting toward highend products remain limitations massproducing gb dram lpddrx mainly used latest flagship products greater china region chip needs made thinner speed increased additional improvements product stability therefore believed fullscale penetration still challenging point efforts overcome technological limitations overcome technological limitations cxmt developing process called gen b gen b revision existing gen process applies highk metal gate technology improve speed encouraging note process development period extending beyond original target semiconductor development completing process development research lab stage automatically translate mass production capability process development completed lab must transferred mass production line optimized production mass production work complete wafers fed mass production development timeline delayed beyond original target q penetration highend market within year limited case level apprehension stock market holds toward cxmt may decrease gen b next process preparation gen b gen equivalent dram b korean semiconductor terms immediate challenge new equipment required compared existing gen b processes anticipated securing equipment difficult due impact us sanctions chinese semiconductors chinese semiconductor equipment experiences rapid growth mass production timeline gen might proceed originally planned end however considering limitations etching lithography technologies judged transition gen likely delayed compared original target hbm production increase hbm production forecast grow yearoveryear increasing billion gb billion gb base assumption billion gb although high growth rate might raise concerns oversupply judged likelihood oversupply limited new products pose challenges achieving high yields hbm undergoes generational transition production difficulties also increasing example hbme stack product expected become mainstream product first half anticipated struggle rapidly achieve mass production yields compared stack version highstack products layers greater difficulty increasing number layers change height hbm cube even case hbme cube height remains stack stack products number layers must increased within limited height required technical difficulty also rise likely slow pace yield improvement bonding process within limited cube height chips must stacked spacing chips must finely controlled expected increase difficulty bonding process achieve yields highstack products comparable lowerstack products yield singlelayer bonding must also improved reduction wafer thickness mass production highstack products thickness individual wafers dies must reduced thinner wafers increase difficulty cutting process separates wafer individual chips make wafers susceptible warpage approach yield improvement process improving hbm yields differs generalpurpose dram major issues around three four act bottlenecks yield improvement yields typically increase stepwise manner issue resolved therefore conventional methodsinvesting time money yield improvementdo always work consistently second half new products hbm emerge hbm designed enhance bandwidth incorporating twice many ios hbme hbm composed ios released stack stack versions increase ios chip size also grow tsv array become finer consequently technical challenges frontend backend processes expected increase making overall yield achievement difficult compared hbme stack count overall production volume increase rapidly anticipated period mainstream hbm product changing transition product mix increasing technical challenges make difficult rapidly expand production significant changes product mix expected first half crossover proportion hbme stack stack products expected occur first half year starting q proportion hbme stack products anticipated begin rising significantly crossover expected q transition aimed meeting demand new gpussuch blackwell ultrawhich expected launch latter part first half second half initial supply hbm expected begin q companies sample certification anticipated completed first half year initial supplies scheduled q investments mass production expected ramp end q beginning q given rapid changes product generations challenging quickly increase supply assuming sharp contraction demand supply perspective likelihood oversupply expected high least q base assumption oversupply much hbm capacity increase hbm capacity projected grow k per month end k per month end investments expected focus production line reconfiguration line product generation changes yield improvement samsung electronics increasing much initially expected hbm capacity samsung electronics forecast rise k per month end k per month end expansion smaller markets previous expectation k per month indicating approach focus quality improvements hbm market rather rapid capacity expansion since hbme stack revision expected finalized end q rampup mass production volumes likely occur second half consequently capacity increase latter half year expected larger first half hbm anticipated conventional tcncf process used meaning capacity expansion primarily revolve around tcncf although test lines hybrid bonding reportedly place fullscale mass production using hybrid bonding expected commence hbme sk hynix yearend capacity increase preparation h production sk hynixs hbm capacity expected increase k per month end k per month end represents upward revision k previous forecast k micron technology focusing achieving targets rather excessive investment hbm capacity expected increase k per month end k per month end goal raise hbm share level current dram share early believed target could achieved around q since hbm ddr massproduced using dram b processand given constraints frontend capacitycapex expected deployed pragmatic manner rather pursuing overly aggressive expansion hbm share background taiwanese backend plant acquisition hiroshima plant full capacity estimated hbm frontend processing currently performed hiroshima plant problem available fab space short term taiwanese plant available space must used hbm frontend processing medium long term taiwanese us plants expected serve forward bases hbm frontend production improve production efficiency backend plant located close frontend facility backend plant located far away wafers completed frontend processing would need transported air backend plant thereby increasing logistics costs given need expand shortterm production primarily taiwanese facilities acquiring backend plant taiwan deemed necessary tsv process requires higher cleanroom specifications tsv process demands higher cleanroom standards existing backend plants newly acquired plant formerly used lcd factory making easier configure environment suitable tsv processes since display processes similar semiconductor processes remodeling accommodate tsv process expected facility fully utilized hbm backend processing within year establishment new singapore backend plant imply groundbreaking ceremony new singapore backend plant recently held discussions regarding utilization active anticipated plant used exclusively advanced packaging moreover highly likely facility established versatility convertible hbm nand backend processing singapore serves micron technologys forward base nand production estimated available land within singapore site nextgeneration nand expected hybrid bonding applied cellperiphery structure believed new facility partially implement hybrid bonding process direction nand production premise cycle recovery production reduction nand production outlook nand production expected grow modest compared previous year nand production increase effect process conversion greater dramso much industry sometimes said achieve production increase merely breathing forecast production increase assumes level production reduction ie reduced wafer input implemented believe effects cuts likely begin q currently companies kioxia micron technology sk hynix discussing production restraint nand although approaches may differ trend expected spread throughout entire nand supply chain reduce production primary reason expectations nand demand declined competitive capacity expansion socalled chicken game characterized past longer effective result profitability likely become top priority businesses efforts accelerate cycle recovery production control expected strengthened declining expectations nand demand annual average demand growth rate nand estimated around demand experienced rapid growth due factors expansion storage within devices increased nand adoption substitution hdds hard disk drives however recent nand demand forecasts optimistic years nands existence high base created previous growth makes expansion challenging short term ai driving nand demand growth extent dram demand remain weak certainly triggers could reverse trend nand demand highcapacity essds increasingly penetrating ai servers could serve new growth driver solidigm enjoyed nearmonopoly several companies reportedly completed quality testing customer applications diversification supply chain tends lead normalization elevated prices consequently customers perspective high likelihood renewed adoption driven positive effects essds cut production although difficult predict exact timing given high volatility demand forecasts appears rational point reduce industry inventories production cuts rather betting uncertain demand approach expected help accelerate cycle recovery reduced effectiveness chicken game past periods weak demand competitive capacity expansionoften referred chicken gamewould occur simultaneously however todays environment effectiveness strategy considerably lower semiconductors become strategic assets efforts build domestic semiconductor supply chains intensifying even companies engage chicken game one willing let domestic competitors fail new reality fundamentally reduces effectiveness capacity expansion competitions making normalization supply production cuts top priority ymtc unlikely significant shortterm impact chinas nand industry led ymtc ymtclike cxmtis expected plan aggressive capacity expansion forecasted increase production mid range yearoveryear however capacity growth expected limited massproduce nand layers support global semiconductor equipment manufacturers still required us sanctions anticipated create challenges securing equipment although talk replacing chinesemade equipmentand companies naura amec pursuing localizationit take time achieve technological level industry leaders like lam research tokyo electron given limitations ymtc unlikely dramatic impact shortterm nand supply evolution dram process technology era nm feat dram c executive summary first half dram c expected emerge starting pilot line smallscale mass production capacity setup first half fullscale expansion dram c capacity anticipated begin second half market expected align trend seeking technological changes beneficiary stocks come fore dram c emphasized key technological change emphasized adoption highk metal gate applications dram ab segments largely limited mobile graphics anticipated applications expand include servers pcs change aims improve leakage current issues use materials high dielectric constants enhance speed customer demand shifts toward highend products significance technology expected grow accordingly process technology change euv layers number euv layers expected increase help moderate growth etching process steps deposition processes intensified efforts deposit thinner uniform films changes expected form increase number ald atomic layer deposition steps higher proportion singletype systems within cvd chemical vapor deposition inspectionmeasurement annealing increase process steps inspection measurement annealing using methods laser highpressure annealing also anticipated changes driven need enhance yield improvement solutions dram c process technology change lithography process expansion euv layers expected euv penetration within dram increase instance micron technology previously utilized euvplans apply euv first time dram c believed already deployed euv hiroshima plant similarly samsung electronics sk hynix anticipated increase euv layer counts expanded use euv companies aim control growth process steps comes miniaturization seize opportunities performance innovation timing introduction highna euv highna euv expected introduced dram c dram predevelopment currently underway introduction highna euv remains uncertain although consideration applying approximately one layer current outlook suggests adoption might delayed dram implement highna euv innovations materials components essential highna euv operates higher source power compared conventional lowna euv changes materialscomponents withstand increased power required applied mass production even dram cwhich uses increased number lowna euv layersdevelopment encountered challenges materialscomponents level example case photoresist industry primarily relied products infineon issues largely due material composition although photoresists contain high percentage metal oxide excellent selectivity component poses limitation potentially causing wafer contamination nonmetal processing given significant changes highna euv expected bring necessary innovations materials components occur industry find challenging deploy highna euv dram without hesitation might new equipment purchases rd purposes breakthroughs materialscomponents critical broader adoption within dram etching process opportunity asp growth remains expansion euv layers growth number etching process steps expected limited however remains room growth equipment asp dram process follows lele lithographyetchinglithographyetching structure essentially repetition sketching circuit via lithography removing unwanted areas etching number euv layers increases within structure overall increase lithography process steps limitedsince tasks previously required multiple exposures duv accomplished one step using euvand subsequent increase etching process steps also constrained although number frontend process steps rapidly increasing due process miniaturization extent increase etching steps may limited expanded use euv layers nonetheless still potential additional growth equipment asp need etch increasingly finer areas drive continuous upgrades equipment specifications deposition process efforts reduce film thickness improved integration density continue development direction deposition technology toward forming thinner uniform films pursuit number ald atomic layer deposition stepsadvantageous thin film depositionis expected continue growing ald applied fewer five layers dram dram c onward contribution could expand steps cvd chemical vapor deposition domain advantage equipment throughput compared ald share single type batch type equipment expected increase processing wafer uniformly using single type equipment yield better film characteristics processes process control inspectionmeasurement difficulty securing acceptable yields increasing enhance effectiveness yield improvement number inspectionmeasurement steps continuously expanding annealing process process help remedy yielddegrading factors voids interfacial defects occurring processing additional annealing steps expected techniques laser annealing highpressure annealing anticipated contribute changes ai memory semiconductor process technology spread warmth diversification product portfolio hbm getting stronger faster changes frontend process technology hbm th generation expected launched second half hbme th generation projected emerge since hbm scheduled partially supplied major customers q hbm pilot lines expected set q q frontend process major changes anticipated three key areas efforts increase bandwidth rising number ios faster data processing hbm expected expand bandwidth anticipated number iosserving data transmission channelswill doubled compared hbme ios previous generation products ios hbm explore additional opportunities bandwidth expansion background gpu customers willingness pay premium hbm ultimately lies superior bandwidth conventional dram architecture maximum number ios limited data processing burden per pin high environments large volumes data transmitted simultaneously exists risk errors reducing data processing load per pin maximizing data transfer speed fundamentally depends increasing number ios along increase ios chip size also expected grow relative previous generations however given wafer size limited inches increase chip size inevitably result reduction net die number chips produced per wafer therefore minimize decline productivity growth chip size must properly controlled achieve technological development expected focus creating refined tsv array much net die decrease reduction net die count expected vary supplier due differences processes applied generally estimated net die count drop approximately compared hbme consequently hbm capacity share increases displacement effect hbm dram capacity likely expand mono die capacity remains hbme mono die capacity hbm projected remain gb identical hbme although initial considerations introduce gb capacity boost density given tight development schedule rising technical challenges decision made maintain gb new gb capacity expected emerge starting hbme base die adoption new logicfoundry processes notable development new integration logicfoundry processes base die unlike hbmewhere base die core die produced using dram processesthe base die hbm manufactured using logicfoundry processes massproduced base die bonded core die memory semiconductor companies exception micron technology expected suppliers adopt logicfoundry processes base die change historically base die hbm served controller equipped circuits managed communication core dram dies connected hbm gpus via phy enable highspeed data processing result base die consumed significant amount power currently efforts underway massproduce base die using logicfoundry processes given high power consumption rd focusing improving power efficiency starting hbm changes base die materialize role expected expand whereas hbme primarily functioned control unit hbm anticipated directly perform computational tasks addition enhancing conventional memory controller functions logicfoundry processes added advantage incorporating nonmemory semiconductor ip precisely address customer requirements hbm evolve custom semiconductor hbm developed along two main trajectories one standard hbm conforms jedec standards custom version incorporates additional customer requirements estimated demand custom hbm emergingespecially major north american tech companies nvidia broadcomand custom aspect hbm expected significantly reinforced starting hbm specifically hbm likely semicustom fullfledged entry custom domain beginning hbme ai remains unstandardized technology different companies pursuing varying directions ai development applying different technologies result customized features tailored companys technological approach likely emphasized hbm custom functions may partially implemented adding customerrequested ip interface area base die core die trend toward customization expected become pronounced starting hbme hbm incorporates ip developed within hbm industry beginning hbme customer ip integrated base die discussions ongoing regarding approaches designing based ip received customers versus hbm industry designing outset line customer requests ultimately custom hbm produced collaborations mass produced anticipated gpusnpus focus solely ai computations additional operationssuch memory controlwill managed base die changes backend process technology bonding conventional process technology maintained hbm hbm expected offered stack stack configurations conventional technologies tcncf mrmuf anticipated continue used hbm jedecs height standard relaxed existing technologys applicability expected extended markets interest hybrid bonding high penetration forecast delayed hbme adoption hybrid bonding delayed hybrid bonding offers technical advantage enabling chiptochip bonding without bumpsthus allowing reduction gap chipsthe relaxed jedec height standard makes possible meet technical requirements without resorting hybrid bonding another challenge investment burden equipment required hybrid bonding inherently expensive standard backend equipment estimated converting k capacity hybrid bonding would cost midtohigh billion range given relaxed height standard benefit paying premium new hybrid bonding technology substantial additionally difficulty implementing technology remains issue related ecosystem needs development practical benefits hybrid bonding process fully realized current environmentwhere even improvement singlelayer bonding yield criticalthere little incentive assume risks associated early adoption hybrid bonding stack count hybrid bonding applied believed bonding successfully achieved without hybrid bonding stacks penetration hybrid bonding expected begin stack products first introduced hbme currently various technical approaches discussion ongoing development hybrid method employs hybrid bonding tc bonding simultaneously hybrid solution assuming total stacks configuration could divided sets stacks twostack set would bonded using tc bonding joining one twostack set next hybrid bonding could applied approach would reduce gap chips simultaneously minimizing reliance hybrid bonding wafer becomes even thinner mass production highstack products thickness individual wafers dies must reduced hbme even though package heights cube heights stack stack products thinning wafer significantly increase difficulty two key processes cutting process wafer thickness decreases handling becomes challenging whereas mechanical dicing previously sufficient reduction thickness may prompt new attempts apply laser grooving discussions reportedly underway regarding femtosecond laser groovingwhich throughput advantages wafer processingand major vendors believed conducting quality tests equipment companies disco iotechnique may play key roles area changes inspectionmeasurement technology thinner wafer increases risk warpage ie bending wafer number stacking layers grows need inspectionmeasurement equipment higher detection capability increases insufficient detection power may lead difficulties identifying cracks camteks equipment currently use potential supply chain expand contributions companies like nextain kla new memory expanding warmth ai emergence socamm feat gb pc server nvidias gb expected complete development end first half anticipated introduce additional changes form factor integrated dram gb lpddrx standalone modules used however gb believed new form factor called socamm applied marks shift standalone business model modulebased structure new product expected offer excellent pricing margins addition hbm highcapacity essds opens another opportunity memory semiconductor market profit ai socamm compared traditional sodimm modules socamm expected offer following advantages contribution thickness reduction utilizing small substrate socamm potentially reduce module thickness half relative conventional sodimm modules performance improvement allowing shorter trace lengths compared traditional sodimm modules socamm enables lower power consumption higher operating speeds seen new technology contribute improvements data transfer speeds ie bandwidth expansion capacity based technical strengths total addressable market tam expected continue expanding adoption attempts emerging ai gpus also certain pcs anticipated product lineup continuously expandable server market supply socamm nvidia gb micron technology estimated exclusively supplied lpddrx standalone modules gb market share dynamics expected change samsung electronics sk hynix anticipated address demand using dram b process also changes mobile feat llwlpw future need semiconductors expanded bandwidth mobile devices expected become prominent however highly likely occur period present ai software beginning penetrate mobile devices specialized semiconductors like hbm expensivedriving material costs given ai software technology development still underway unlikely system companies attempt adventurous highrisk initiatives near term improvements mobile ap performance increases memory semiconductor integration expected primary means addressing ai era however onward new attempts integrate semiconductors increased bandwidth may emerge ai software performance utility expand point mobile devices essentially serve personal ai assistants communication devices usersvia text voice video etcwill diversify process data without delay ultimately expansion bandwidth required anticipated specifics requirement become clearer around hardware operate ai software data rate transmission rate need increased several times current level increased capacity integration may one response ultimate solution likely expansion bandwidth specifications required mobile integration semiconductor must compact compared pcs servers mobile devices face significant space constraints making miniaturization cruciala key reason hbm historically struggled penetrate smartphone market despite adoption pcs seen amd automotive applications waymo consequently believed technologies aimed creating compact product similar concept hbm ie increasing number ios prevail currently developed industry names llwlpw estimated number ios successfully expanded case sk hynix precedent similar type semiconductor supplied vision pro applications historically wire bonding connecting copper wires used link dram mobile aps advent ondevice ai era number wires required increasing space constraints expected become issue additionally increased dram integration may trigger new problems excessive increase copper wiring length could turn lead reduced data transmission speeds samsung electronics sk hynix developing technologies vcs vfo vertical wire bonding respectively ai software technology matures anticipated integration new semiconductors also gain traction changes nand process technology cellperi structure changing executive summary stacking count nand advancing layer era toward layer era along increase new technologies introduced notable feature cellperi structure undergoing changes anticipated new structurewhere cell peri manufactured separate wafers combined via hybrid bonding wafertowafer bondingwill establish first change transformation cellperi structure increased penetration hybrid bonding historically nand industry manufactured cell peri single wafer using structure places peri cell known cop cell peri maximize available area cell nand structure nand composed cell stores data peri comprises peripheral circuits cmos area drive cell changes cellperi structure nand cell peri arranged side side transition nand improve spatial efficiency structure evolved place peri beneath cell industry moves layer regime expected even traditional cop structure undergo modifications anticipated new methodmanufacturing cell peri separate wafers merging using hybrid bonding wafertowafer bondingwill adopted opening new investment opportunities amid technological changes second change entering era triple stacking samsungs v platform estimated layers serving turning point era double stacking drawing close era triple stacking arrived expected stacking count nand leap layers layer range key considerations rapidly increase stacking count nand crucial maximize number gates implemented single stack order increase number layers simultaneously form channel hole thickness films constituting nand must minimized whereas achievable layer count single stack previously around layers based number gates current trends indicate raised approximately layers samsungs case believed already secured technology capable handling layers single stack customerspecific tech roadmap nand layer era samsung electronics going straight layers april samsung electronics launched new platform v estimated layers double stacking became first industry begin mass production tb tlc products reduced cell area eliminating dummy channel holes channel holes created cell array distinguish planes function operation improved product quality applying cell interference avoidance lifespan extension technologies mitigate interference issues caused reduced cell sizes projected q samsung complete development v estimated layers utilizing triple stacking current technology supporting layers single stack application triple stacking expected propel stacking count layers directly layer range key structural change cellperi configuration shift cop cell peri structure one utilizes hybrid bonding wafertowafer bonding sk hynix sk hynix completed development layer structure using triple stacking although new platform development complete due nand production restraint mass production volumes layer product yet realized expected mass production layer product commence partially second half driven need respond expanding demand highcapacity essd qlc products onpremise servers following layer platform next generation expected reach layer range point onward adoption hybrid bonding wafertowafer bonding anticipated implemented full scale kioxiawestern digital end march kioxiawestern digital launched layer nand bics became second company ymtc apply hybrid bonding wafertowafer bonding cellperi structure expected subsequently launch layer product improved io speeds single stack technology layer highstack product micron technology micron currently massproducing products based layer layer structures expected first half micron begin releasing products layer range employing triple stacking ymtc ymtc began applying hybrid bonding xtacking starting layer nand estimated exploring new platform approach xtacking involves stacking three wafers additional considerations ymtc reportedly encountering technical difficulties channel hole etching due us sanctions ymtc considering applying new technology called xtacking expand stacking count method involves stacking two cell array wafers onto logic wafer ie stacking three wafers total could advantageous increasing stacking count however precise alignment stacking process critical making yield assurance extremely challenging estimated recently succeeded developing new layer platform based technology due exceptionally high technical difficulty achieving acceptable mass production yields remains significant challenge penetration hybrid bonding gaining momentum technology applied far except ymtc nand industry developing technology using structure places peri peripheral circuitry beneath cell unusual layer designs examples include samsungs cop cell peri sk hynixs puc peri cell microns cua cmos array kioxias cmos bonded array ymtc developing technology using xtacking starting layers benefits placing peri beneath cell nand peri logic area arranged plane next cell positioning peri underneath cell chip size reduced increasing effective area available cell thereby improving overall quality typically peri occupies total area placing cell enhances design efficiency leveraging technical advantages sk hynix applied structure layers onward samsung micron kioxia done layers onward advantages introduction hybrid bonding new technology bring background adopting hybrid bonding process technology advances increasing stacking counts technical difficulty implementing traditional cop cell peri structure begun rise taller cells forming interconnects becomes challenging issues quality degradation due thermal processes started emerge nand using cop structure peri typically manufactured first followed basic formation cellsimilar mixeduse building shops occupy lower floors residences upper floors peri process cell added step hightemperature processes sometimes employed peri region suffer performance degradation due increased thermal stress improved operational speed hybrid bonding solely offer advantages cop structure unlike copwhich integrates peri cell single waferhybrid bonding uses two separate wafers making adoption costsensitive memory industry challenging fact ymtc newly applied hybrid bonding experienced abnormal losses nevertheless despite cost disadvantages expansion hybrid bonding driven performance benefitsparticularly significant improvements operating speed hybrid bonding wafertowafer bonding cell peri manufactured separate wafers bonded together inherently expensive placing single wafer cop structure however method reduces thermal stress imposed peri region processing shorten development mass production lead times importantly undeniable benefit enhancement operational speed considering operating speed key indicator quality improvement demanded major applications servers mobile devices industrys adoption hybrid bonding expected continue growing use starting samsung electronics new adoption expected roughly half nand industry samsung electronics kioxia ymtc implement hybrid bonding samsung electronics hybrid bonding anticipated applied starting v platformestimated layers triple stackingwhich expected completed around q sk hynix existing puc peri cell structure expected maintained layers however nextgeneration platform layers onward new adoption hybrid bonding anticipated kioxia ymtc already implemented hybrid bonding launched platforms kioxia began applying layers ymtc using since layers expected continue expanding application across additional technology nodes hybrid bonding technology applied nand hybrid bonding technology derived mechanism joining two objects without adhesive paste material directly bonding pads copper wiringwithout using bumps traditionally serve adhesivethis method shortens interconnection lengths reduces power consumption significantly improves electrical signal density nand adoption wafertowafer bonding structure expected wafertowafer bonding term implies method bonds entire wafers directly one another used example stacking dram cmos image sensor application expanding toward nextgeneration nand one limitation technology difficulty securing high yieldit bond objects size stacking multiple layers historically challenging address limitations another form hybrid bonding known dietowafer bonding developed dietowafer bonding approach gaining attention market particularly packaging eg tsmcs cowos samsungs icube intels emib advantage lies ability selectively use good dies ie highquality ones although currently predominantly used packaging application expected expand hbm anticipated application hbme benefit preprocessing growing importance cmp process finer pitch hybrid bonding wafertowafer expected gain increased penetration nand historical precedent use cis time required pitch order several micrometers nand however specification anticipated tightenedestimated require pitch mthereby increasing process difficulty enhanced surface management wafers must bonded one another precise surface management essential control warpage particle contamination dishing must enhanced expected micro bumps used height bump must kept uniform variations bump height could lead poor connectionssome areas might experience excessively tight bonding hard contact others might bond loosely soft contact particle control also critical even presence particle interfere dielectric bonding bonding process fails control particles pressure may harden hard particles cause cracks thermal processes even small particles might expand times key areas importance cmp process planarizes surfaces similar sanding inspectionmeasurement become increasingly crucial cmp process core process surface control introduction hybrid bonding likely lead additional cmp steps inspectionmeasurement process ensuring pads properly bonded require equipment beyond conventional optical systems optical techniques may detect voids caused particles interface advanced highresolution measurement solutions based atomic microscopy expected emerge supply chain considerations cmp process equipment cmp equipment expected supplied primarily companies like applied materials ebara terms materials domestic companies may also contribute example solbrain dongjin semichem kctech could play significant roles inspectionmeasurement equipment fine measurement becomes essential particle control companies advanced measurement solutionssuch park systemsmay find significant new opportunities bonding annealing processes bonding process accuracy bonding strength speed key capabilities companies evg semiconductor expected contribute significantly area annealing process lowtemperature hightemperature annealing necessary highpressure technology may utilized lowtemperature annealing involves annealing around c form shared bonds hightemperature annealing raising process temperature c c allows copper expand filling gaps caused dishing transforming structure top bottom surfaces come contact cell region highpressure hightemperature annealing may used peri region highpressure annealing likely employed
Samsung ,https://koreajoongangdaily.joins.com/2021/12/29/business/tech/Samsung-Electronics-Xian/20211229181523222.html ,Neutral,0.0,"ì¡´ì¬íì§ ìë ì£¼ìë¥¼ ìë ¥íì¨ê±°ë,
        ìì²­íì  íì´ì§ì ì£¼ìê° ë³ê²½, ì­ì ëì´ ì°¾ì ì ììµëë¤.
        ê¶ê¸í ì ì´ ìì¼ìë©´ ê³ ê°ì¼í°ë¥¼ íµí´ ë¬¸ìí´ ì£¼ìê¸° ë°ëëë¤.
        ê°ì¬í©ëë¤.",
Samsung ,https://news.samsung.com/global/update-on-the-situation-in-xian-china   ,Positive,0.39599999999999996,"Samsung’s semiconductor manufacturing facilities in Xi’an, China, have returned to normal operation on January 26th.

We thank our employees and partners for their diligence and commitment to ensuring business continuity for our customers.

Our top priority remains on the safety and well-being of our employees and partners, and we will continue to take all necessary measures to maintain a safe and healthy workplace.",samsungs semiconductor manufacturing facilities xian china returned normal operation january th thank employees partners diligence commitment ensuring business continuity customers top priority remains safety wellbeing employees partners continue take necessary measures maintain safe healthy workplace
Samsung ,https://news.samsung.com/global/samsung-electronics-announces-fourth-quarter-and-fy-2024-results ,Neutral,0.04568561493151658,"Quarterly revenue of KRW 75.8 trillion, operating profit at KRW 6.5 trillion



Company to focus on leveraging diverse business portfolio in combination with technological progress to drive a new phase of growth

Samsung Electronics today reported financial results for the fourth quarter and the fiscal year 2024.

The Company posted KRW 75.8 trillion in consolidated revenue and KRW 6.5 trillion in operating profit in the quarter ended December 31, 2024. For the full year, it reported KRW 300.9 trillion in annual revenue and KRW 32.7 trillion in operating profit.

Although fourth quarter revenue and operating profit decreased on a quarter-on-quarter (QoQ) basis, annual revenue reached the second-highest on record, surpassed only in 2022. Meanwhile, operating profit was down KRW 2.7 trillion QoQ, due to soft market conditions especially for IT products, and an increase in expenditures including R&D.

In the first quarter of 2025, while overall earnings improvement may be limited due to weakness in the semiconductors business, the Company aims to pursue growth through increased sales of smartphones with differentiated AI experiences, as well as premium products in the Device eXperience (DX) Division.

For 2025 as a whole, the Company plans to enhance technological and product advantages in AI, continue to meet future demand for high-value-added products and drive sales growth in premium segments.

With market conditions expected to remain soft in 1H for the Device Solutions (DS) Division, the Company will focus on securing technology leadership for mid- to long-term growth. Samsung Display Corporation (SDC) will look to strengthen its leading position in high-end products by enhancing product competitiveness, and the DX Division will focus on extending its leadership in delivering AI experiences across a diverse product portfolio.

The Company’s capital expenditures in 2024 reached a total of KRW 53.6 trillion, including KRW 46.3 trillion spent in the DS Division and KRW 4.8 trillion in SDC. In the fourth quarter, the total was KRW 17.8 trillion, with KRW 16 trillion allocated to the DS Division and KRW 1 trillion to SDC.

Semiconductors To Optimize Portfolio Centered on Advanced Nodes

The DS Division posted KRW 30.1 trillion in consolidated revenue and KRW 2.9 trillion in operating profit in the fourth quarter of 2024.

The Memory Business achieved record-high fourth-quarter revenue, backed by a higher blended DRAM average selling price (ASP) due to the increased sales of high-bandwidth memory (HBM) and high-density DDR5 for servers. However, operating profit decreased slightly compared to the previous quarter as a result of increased R&D expenses to secure future technology leadership, as well as the initial ramp-up costs to secure production capacity for cutting-edge nodes.

In the first quarter of 2025, amid ongoing uncertainties in demand, the Memory Business will shift its business portfolio to more high-value-added products by accelerating the migration to cutting-edge nodes to respond to the demand for high-performance and high-density products.

For DRAM, the Memory Business seeks to increase the share of DDR5 and LPPDR5x shipments by accelerating the transition to the 1b nanometer (nm) process. As for NAND, the Business is executing the technology migration from V6 to V8 while increasing sales of V7 QLC-based server SSDs.

In 2025, overall memory market demand is expected to recover from the second quarter. The Memory Business is reducing the portion of legacy DRAM and NAND products to align with market demand and accelerating the migration to cutting-edge nodes. The Business will continue to strengthen its business competitiveness and optimize its portfolio by increasing the portion of high value-added products such as HBM, DDR5, LPDDR5x, GDDR7 and server SSDs based on advanced process nodes.

Earnings at the System LSI Business declined in the quarter due to weak mobile demand and higher R&D expenses to advance cutting-edge product development.

In the first quarter of 2025, earnings are expected to remain weak due to delayed entry into the flagship system-on-a-chip (SoC) market. However, demand for core products such as image sensors and DDI is expected to increase on the back of flagship smartphone launches.

In 2025, the System LSI Business will focus on further enhancing its flagship SoC through product optimization. For image sensors, the Business will proactively respond to high-resolution needs — such as for 200-megapixel (MP) telephoto and main cameras.

The overall profit for the Foundry Business decreased due to lower utilization rates and higher R&D expenses for advanced-node technology. Its 2nm GAA technology is under active development, with the design-kit (DK) already distributed to customers for product design, while the 4nm process is mass producing HPC products based on stable yields.

Looking ahead to the first quarter of 2025, earnings are expected to remain weak due to sluggish mobile demand and fixed-cost burden stemming from lower utilization rates. In this environment, the Foundry Business will concentrate on advancing leading-edge process development and enhancing process maturity to expand opportunities in AI and HPC applications and customer engagement for advanced nodes.

As for 2025, the Business will continue to secure orders from major customers by ramping up and stabilizing the 2nm GAA technology, while simultaneously bolstering the 4nm technology and design infrastructure to meet the growing mobile and HPC needs.

Display To Strengthen Product Competitiveness in 2025

SDC posted KRW 8.1 trillion in consolidated revenue and KRW 0.9 trillion in operating profit for the fourth quarter.

SDC reported declining profits QoQ due to sluggish smartphone demand and rising competition for the mobile display business, and achieved double-digit revenue growth QoQ for the large display business, with an increase in year-end TV sales.

In the first quarter of 2025, the earnings outlook for the mobile display business is conservative, as the overall smartphone market demand is expected to remain weak. For the large display business, TVs with enhanced image quality are scheduled to launch, as well as high-resolution monitors.

In 2025, SDC aims to sustain its leadership in the high-end segment by strengthening product competitiveness. For the large display business, SDC will increase sales of diversified high-performance TVs and monitors.

MX To Drive Flagship-Centric Sales, Reinforce Leadership in Mobile AI

The Mobile eXperience (MX) and Networks businesses posted KRW 25.8 trillion in consolidated revenue and KRW 2.1 trillion in operating profit for the fourth quarter.

The MX Business reported a QoQ decrease in sales and profit, in part due to the fading effects of new flagship model launches. However, on a full-year basis, flagship sales saw robust growth on the back of double-digit growth of the Galaxy S24 series featuring Galaxy AI, with tablets and wearables also increasing in both value and shipments.

In the first quarter of 2025, the MX Business plans to drive sales growth based on its flagship models, particularly the newly launched Galaxy S25 series, and will continue to lead the AI smartphone market through promotion of new AI experiences and product competitiveness.

In 2025, the MX Business will reinforce its mobile AI leadership by providing more personalized, differentiated AI experiences while also strengthening the foldable lineup to generate new customer demand. Additionally, the Business plans to expand sales by providing advanced AI features and rich Galaxy ecosystem experiences for premium tablets, notebooks, wearables and the upcoming XR device.

While prices of major components are expected to increase this year due to advancements in hardware specifications, the MX Business aims to improve profitability by continuing to build out Galaxy AI and expand sales centered on flagship products.

In the fourth quarter, the Networks Business reported significant improvements in revenue and operating profit in key markets. For 2025, performance is set to improve as the Business expects to win new orders and as major operators expand their network and increase adoption of virtualized and open radio access networks (vRAN/ORAN).

Vision AI Expected To Drive Growth for Visual Display

The Visual Display (VD) and Digital Appliances (DA) Businesses posted KRW 14.4 trillion in consolidated revenue and KRW 0.2 trillion in operating profit in the fourth quarter.

The VD Business saw revenue increase in the fourth quarter due to expanded sales and an improved sales mix through peak-season promotion, yet profitability decreased slightly as a result of increased cost from intensified competition amid largely stagnant TV demand.

In the first quarter of 2025, while overall TV demand is expected to decrease YoY due to growing domestic and global economic uncertainties, demand for high-value-added products is projected to remain solid. The Business will try to improve profitability and expand strategic product sales through new model launches based on the Vision AI strategy for Samsung’s AI screens.

In 2025, the overall TV market is expected to grow slightly in major emerging markets. The VD Business plans to lead the AI screen market under Samsung’s “Home AI” vision, integrating AI into all connected device experiences based on the SmartThings platform and expand the adoption of Samsung Knox security solutions.",quarterly revenue krw trillion operating profit krw trillion company focus leveraging diverse business portfolio combination technological progress drive new phase growth samsung electronics today reported financial results fourth quarter fiscal year company posted krw trillion consolidated revenue krw trillion operating profit quarter ended december full year reported krw trillion annual revenue krw trillion operating profit although fourth quarter revenue operating profit decreased quarteronquarter qoq basis annual revenue reached secondhighest record surpassed meanwhile operating profit krw trillion qoq due soft market conditions especially products increase expenditures including rd first quarter overall earnings improvement may limited due weakness semiconductors business company aims pursue growth increased sales smartphones differentiated ai experiences well premium products device experience dx division whole company plans enhance technological product advantages ai continue meet future demand highvalueadded products drive sales growth premium segments market conditions expected remain soft h device solutions ds division company focus securing technology leadership mid longterm growth samsung display corporation sdc look strengthen leading position highend products enhancing product competitiveness dx division focus extending leadership delivering ai experiences across diverse product portfolio companys capital expenditures reached total krw trillion including krw trillion spent ds division krw trillion sdc fourth quarter total krw trillion krw trillion allocated ds division krw trillion sdc semiconductors optimize portfolio centered advanced nodes ds division posted krw trillion consolidated revenue krw trillion operating profit fourth quarter memory business achieved recordhigh fourthquarter revenue backed higher blended dram average selling price asp due increased sales highbandwidth memory hbm highdensity ddr servers however operating profit decreased slightly compared previous quarter result increased rd expenses secure future technology leadership well initial rampup costs secure production capacity cuttingedge nodes first quarter amid ongoing uncertainties demand memory business shift business portfolio highvalueadded products accelerating migration cuttingedge nodes respond demand highperformance highdensity products dram memory business seeks increase share ddr lppdrx shipments accelerating transition b nanometer nm process nand business executing technology migration v v increasing sales v qlcbased server ssds overall memory market demand expected recover second quarter memory business reducing portion legacy dram nand products align market demand accelerating migration cuttingedge nodes business continue strengthen business competitiveness optimize portfolio increasing portion high valueadded products hbm ddr lpddrx gddr server ssds based advanced process nodes earnings system lsi business declined quarter due weak mobile demand higher rd expenses advance cuttingedge product development first quarter earnings expected remain weak due delayed entry flagship systemonachip soc market however demand core products image sensors ddi expected increase back flagship smartphone launches system lsi business focus enhancing flagship soc product optimization image sensors business proactively respond highresolution needs megapixel mp telephoto main cameras overall profit foundry business decreased due lower utilization rates higher rd expenses advancednode technology nm gaa technology active development designkit dk already distributed customers product design nm process mass producing hpc products based stable yields looking ahead first quarter earnings expected remain weak due sluggish mobile demand fixedcost burden stemming lower utilization rates environment foundry business concentrate advancing leadingedge process development enhancing process maturity expand opportunities ai hpc applications customer engagement advanced nodes business continue secure orders major customers ramping stabilizing nm gaa technology simultaneously bolstering nm technology design infrastructure meet growing mobile hpc needs display strengthen product competitiveness sdc posted krw trillion consolidated revenue krw trillion operating profit fourth quarter sdc reported declining profits qoq due sluggish smartphone demand rising competition mobile display business achieved doubledigit revenue growth qoq large display business increase yearend tv sales first quarter earnings outlook mobile display business conservative overall smartphone market demand expected remain weak large display business tvs enhanced image quality scheduled launch well highresolution monitors sdc aims sustain leadership highend segment strengthening product competitiveness large display business sdc increase sales diversified highperformance tvs monitors mx drive flagshipcentric sales reinforce leadership mobile ai mobile experience mx networks businesses posted krw trillion consolidated revenue krw trillion operating profit fourth quarter mx business reported qoq decrease sales profit part due fading effects new flagship model launches however fullyear basis flagship sales saw robust growth back doubledigit growth galaxy series featuring galaxy ai tablets wearables also increasing value shipments first quarter mx business plans drive sales growth based flagship models particularly newly launched galaxy series continue lead ai smartphone market promotion new ai experiences product competitiveness mx business reinforce mobile ai leadership providing personalized differentiated ai experiences also strengthening foldable lineup generate new customer demand additionally business plans expand sales providing advanced ai features rich galaxy ecosystem experiences premium tablets notebooks wearables upcoming xr device prices major components expected increase year due advancements hardware specifications mx business aims improve profitability continuing build galaxy ai expand sales centered flagship products fourth quarter networks business reported significant improvements revenue operating profit key markets performance set improve business expects win new orders major operators expand network increase adoption virtualized open radio access networks vranoran vision ai expected drive growth visual display visual display vd digital appliances da businesses posted krw trillion consolidated revenue krw trillion operating profit fourth quarter vd business saw revenue increase fourth quarter due expanded sales improved sales mix peakseason promotion yet profitability decreased slightly result increased cost intensified competition amid largely stagnant tv demand first quarter overall tv demand expected decrease yoy due growing domestic global economic uncertainties demand highvalueadded products projected remain solid business try improve profitability expand strategic product sales new model launches based vision ai strategy samsungs ai screens overall tv market expected grow slightly major emerging markets vd business plans lead ai screen market samsungs home ai vision integrating ai connected device experiences based smartthings platform expand adoption samsung knox security solutions
Samsung ,https://www.supplychainbrain.com/articles/38732-samsung-delays-production-at-new-us-factory-to-2025-daily-says ,Positive,0.12175121753246752,"Samsung Electronics Co. has delayed mass production plans at its new chip plant in Taylor, Texas, the Seoul Economic Daily said, potentially dealing another blow to the Biden administration’s ambitious plan to increase domestic semiconductor supplies.

Mass production at the upcoming $17 billion fab would begin in 2025, the newspaper reported, citing a speech by President Choi Siyoung of Samsung’s foundry business at an industry event in San Francisco.

Samsung previously said the factory would start production in the second half of 2024 when it announced the investment in 2021. A spokesperson said the company cannot confirm the mass production schedule right now.

The report followed an earlier decision by Samsung’s rival Taiwan Semiconductor Manufacturing Co. to postpone production at its new Arizona fab to 2025 from 2024 due to a shortage of experienced construction workers and machine installation technicians.

Read more: Israel Giving Intel $3.2B Grant to Build New Chip Plant

Any delay at the U.S. sites operated by the world’s two leading contract chipmakers would be a setback to U.S. President Joe Biden’s grand plan to boost chip production on American soil to avoid future supply disruptions like the 2021 shortage that cost companies hundreds of billions in revenue.

Revisions to TSMC’s and Samsung’s plans would mean their new plants, worth tens of billions of dollars, may only come online after the U.S. presidential election in 2024.

U.S. environmental permit issues and the Biden administration’s slowness in delivering financial support have been plaguing domestic chip projects.

More than a year after Biden signed the Chips Act into law, promising $100 billion in support to new semiconductor plants in the U.S., his government has made one grant of only $35 million to the American subsidiary of British aerospace firm BAE Systems Plc.",samsung electronics co delayed mass production plans new chip plant taylor texas seoul economic daily said potentially dealing another blow biden administrations ambitious plan increase domestic semiconductor supplies mass production upcoming billion fab would begin newspaper reported citing speech president choi siyoung samsungs foundry business industry event san francisco samsung previously said factory would start production second half announced investment spokesperson said company cannot confirm mass production schedule right report followed earlier decision samsungs rival taiwan semiconductor manufacturing co postpone production new arizona fab due shortage experienced construction workers machine installation technicians read israel giving intel b grant build new chip plant delay us sites operated worlds two leading contract chipmakers would setback us president joe bidens grand plan boost chip production american soil avoid future supply disruptions like shortage cost companies hundreds billions revenue revisions tsmcs samsungs plans would mean new plants worth tens billions dollars may come online us presidential election us environmental permit issues biden administrations slowness delivering financial support plaguing domestic chip projects year biden signed chips act law promising billion support new semiconductor plants us government made one grant million american subsidiary british aerospace firm bae systems plc
Samsung ,https://semiwiki.com/forum/threads/news-samsung-reportedly-reviews-chip-business-considers-halting-pyeongtaek-and-u-s-taylor-investments.22248/,Positive,0.1453846153846154,"[News] Samsung Reportedly Reviews Chip Business, Considers Halting Pyeongtaek and U.S. Taylor Investments | TrendForce News According to a report from ijiwei, citing The Korea Economic Daily, Samsung Electronics has been examining its chip design and foundry businesses clos...

2025-03-10 Semiconductors editorNewsAccording to a report from ijiwei , citing The Korean Economic Daily , Samsung Electronics has been examining its chip design and foundry businesses closely, considering a potential restructuring. The review may include an executive reshuffle and workforce reallocation, as the report notes.The report suggests that this business review marks Samsung’s first major internal audit since the establishment of the Management Diagnosis Office in November in 2024.As reported by The Korean Economic Daily, sources suggest that Samsung’s Management Diagnosis Office launched a comprehensive evaluation of its System LSI division, which focuses on chip design, in January. Following the completion of this assessment, the office is expected to extend its scrutiny to the company’s foundry operations.Samsung’s business review is anticipated to bring substantial changes to the System LSI division. The report mentions that, citing sources, Samsung is considering transferring its Exynos system-on-chip (SoC) business from the System LSI division to the Mobile eXperience (MX) division to better align with Samsung’s overall smartphone strategy.Regarding its foundry business, Samsung plans to evaluate the feasibility of suspending investments in its Pyeongtaek plant in Korea and Taylor plant in the U.S. The company’s $37 billion US fab in Taylor, Texas, has been delayed, with production now set for 2026 instead of its original timeline, the report adds.As noted by the report from The Korean Economic Daily, with TSMC recently unveiling a USD 100 billion expansion plan in the U.S., analysts cited in the report express growing concerns over whether Samsung can secure enough major clients to justify its investment in the U.S..Samsung’s foundry business posted more than 2 trillion won (USD 1.4 billion) in operating losses in the fourth quarter of 2024, as noted by The Korean Economic Daily.According to TrendForce , Samsung Foundry remained the second-largest foundry in the third quarter of 2024, holding just a 9.3% market share, while TSMC dominated with nearly 65%.",news samsung reportedly reviews chip business considers halting pyeongtaek us taylor investments trendforce news according report ijiwei citing korea economic daily samsung electronics examining chip design foundry businesses clos semiconductors editornewsaccording report ijiwei citing korean economic daily samsung electronics examining chip design foundry businesses closely considering potential restructuring review may include executive reshuffle workforce reallocation report notesthe report suggests business review marks samsungs first major internal audit since establishment management diagnosis office november reported korean economic daily sources suggest samsungs management diagnosis office launched comprehensive evaluation system lsi division focuses chip design january following completion assessment office expected extend scrutiny companys foundry operationssamsungs business review anticipated bring substantial changes system lsi division report mentions citing sources samsung considering transferring exynos systemonchip soc business system lsi division mobile experience mx division better align samsungs overall smartphone strategyregarding foundry business samsung plans evaluate feasibility suspending investments pyeongtaek plant korea taylor plant us companys billion us fab taylor texas delayed production set instead original timeline report addsas noted report korean economic daily tsmc recently unveiling usd billion expansion plan us analysts cited report express growing concerns whether samsung secure enough major clients justify investment ussamsungs foundry business posted trillion usd billion operating losses fourth quarter noted korean economic dailyaccording trendforce samsung foundry remained secondlargest foundry third quarter holding market share tsmc dominated nearly
Samsung ,https://www.reportlinker.com/article/9746,Positive,0.10476190476190476,"This website is using a security service to protect itself from online attacks. The action you just performed triggered the security solution. There are several actions that could trigger this block including submitting a certain word or phrase, a SQL command or malformed data. You can email the site owner to let them know you were blocked. Please include what you were doing when this page came up and the Cloudflare Ray ID found at the bottom of this page. 
Cloudflare Ray ID: 93819c700d08379e
•

      Your IP:
      Click to reveal
96.255.69.187
•

Performance & security by Cloudflare",website using security service protect online attacks action performed triggered security solution several actions could trigger block including submitting certain word phrase sql command malformed data email site owner let know blocked please include page came cloudflare ray id found bottom page cloudflare ray id cde ip click reveal performance security cloudflare
Samsung ,https://semiconductor.samsung.com/sustainability/sustainable-supply-chain/,Positive,0.30642857142857144,"Manage your cookies

We use cookies to improve you experience on our website and to show you experience on our website and to show you relevant advertising, manage your settings for our cookies below.

Essential Cookies These cookies are essential as they enable you to move around the website. This category cannot be disabled. View More Company Domain Samsung Electronics semiconductor.samsung.com, image.semiconductor.samsung.com, smetrics.samsung.com

Analytical or performance cookies These cookies collect information about how you use our website, for example which pages you visit most often. All information these cookies collect is used to improve how the website works. View More Analytical or performance cookies Cookie Domain Google ajax.googleapis.com, apis.google.com, calendar.google.com, developers.google.com, docs.google.com, google.com, maps.googleapis.com, spreadsheets.google.com, www.google.com, www.google.ie Google www.google-analytics.com, www.googletagmanager.com, www.gstatic.com Adobe assets.adobedtm.com

Functionality Cookies These cookies allow our website to remember choices you make (such as your user name, language or the region you are in) and tailor the website to provide enhanced features and content for you. View More Functionality Cookies Cookie Domain Purpose Akamai 176-34-86-175_s-23-203-249-81_ts-1604430438-clienttons-s.akamaihd.net, 176-34-86-175_s-23-203-249-81_ts-1604432488-clienttons-s.akamaihd.net, 176-34-86-175_s-23-203-249-90_ts-1604428164-clienttons-s.akamaihd.net, 176-34-86-175_s-95-101-143-18_ts-1604428258-clienttons-s.akamaihd.net, 176-34-86-175_s-95-101-143-24_ts-1604428321-clienttons-s.akamaihd.net, 34-242-207-243_s-23-203-249-81_ts-1604425495-clienttons-s.akamaihd.net, 34-242-207-243_s-23-203-249-81_ts-1604425563-clienttons-s.akamaihd.net, 34-242-207-243_s-23-203-249-81_ts-1604425669-clienttons-s.akamaihd.net, 34-242-207-243_s-23-203-249-81_ts-1604427540-clienttons-s.akamaihd.net, 34-242-207-243_s-23-203-249-81_ts-1604427617-clienttons-s.akamaihd.net, 34-242-207-243_s-23-203-249-81_ts-1604427664-clienttons-s.akamaihd.net, 34-242-207-243_s-23-203-249-81_ts-1604427922-clienttons-s.akamaihd.net, 34-242-207-243_s-23-203-249-81_ts-1604439090-clienttons-s.akamaihd.net, 34-242-207-243_s-23-203-249-81_ts-1604439174-clienttons-s.akamaihd.net, 34-242-207-243_s-23-203-249-81_ts-1604441206-clienttons-s.akamaihd.net, 34-242-207-243_s-23-203-249-81_ts-1604441267-clienttons-s.akamaihd.net, 34-242-207-243_s-23-203-249-90_ts-1604425484-clienttons-s.akamaihd.net, 34-242-207-243_s-23-203-249-90_ts-1604425610-clienttons-s.akamaihd.net, 34-242-207-243_s-23-203-249-90_ts-1604427737-clienttons-s.akamaihd.net, 34-242-207-243_s-23-203-249-90_ts-1604427797-clienttons-s.akamaihd.net, 34-242-207-243_s-23-203-249-90_ts-1604438922-clienttons-s.akamaihd.net, 34-242-207-243_s-23-203-249-90_ts-1604438968-clienttons-s.akamaihd.net, 34-242-207-243_s-23-203-249-90_ts-1604439033-clienttons-s.akamaihd.net, 34-242-207-243_s-23-203-249-90_ts-1604441023-clienttons-s.akamaihd.net, 34-242-207-243_s-95-101-129-82_ts-1604425732-clienttons-s.akamaihd.net, 34-245-202-11_s-23-203-249-81_ts-1604425513-clienttons-s.akamaihd.net, 34-245-202-11_s-23-203-249-81_ts-1604427569-clienttons-s.akamaihd.net, 34-245-202-11_s-23-203-249-90_ts-1604425365-clienttons-s.akamaihd.net, 34-246-182-217_s-23-203-249-81_ts-1604424915-clienttons-s.akamaihd.net, 34-246-182-217_s-23-203-249-81_ts-1604425000-clienttons-s.akamaihd.net, 34-246-182-217_s-23-203-249-81_ts-1604425155-clienttons-s.akamaihd.net, 34-246-182-217_s-23-203-249-81_ts-1604425567-clienttons-s.akamaihd.net, 34-246-182-217_s-23-203-249-81_ts-1604427446-clienttons-s.akamaihd.net, 34-246-182-217_s-23-203-249-81_ts-1604429495-clienttons-s.akamaihd.net, 34-246-182-217_s-23-203-249-90_ts-1604424817-clienttons-s.akamaihd.net, 34-246-182-217_s-23-203-249-90_ts-1604424939-clienttons-s.akamaihd.net, 34-246-182-217_s-23-203-249-90_ts-1604427359-clienttons-s.akamaihd.net, 34-246-182-217_s-23-203-249-90_ts-1604429563-clienttons-s.akamaihd.net, 34-246-182-217_s-95-101-129-82_ts-1604425062-clienttons-s.akamaihd.net, 34-246-182-217_s-95-101-143-18_ts-1604429398-clienttons-s.akamaihd.net, 34-246-182-217_s-95-101-143-24_ts-1604429274-clienttons-s.akamaihd.net, 34-246-182-217_s-95-101-143-24_ts-1604429365-clienttons-s.akamaihd.net, 34-246-182-217_s-95-101-143-24_ts-1604429616-clienttons-s.akamaihd.net, 364bf52c.akstat.io, 364bf5fa.akstat.io, 364bf6cc.akstat.io, 36c3fef2.akstat.io, 54-154-186-178_s-23-203-249-81_ts-1604425586-clienttons-s.akamaihd.net, 54-154-186-178_s-23-203-249-81_ts-1604429882-clienttons-s.akamaihd.net, 54-154-186-178_s-23-203-249-90_ts-1604425341-clienttons-s.akamaihd.net, 54-154-186-178_s-23-203-249-90_ts-1604425577-clienttons-s.akamaihd.net, 54-154-186-178_s-23-203-249-90_ts-1604425679-clienttons-s.akamaihd.net, 54-154-186-178_s-23-203-249-90_ts-1604427498-clienttons-s.akamaihd.net, 54-154-186-178_s-23-203-249-90_ts-1604431774-clienttons-s.akamaihd.net, 54-154-186-178_s-92-123-142-66_ts-1604427735-clienttons-s.akamaihd.net, 54-246-30-86_s-23-203-249-81_ts-1604425115-clienttons-s.akamaihd.net, 54-246-30-86_s-23-203-249-81_ts-1604427273-clienttons-s.akamaihd.net, 54-246-30-86_s-23-203-249-81_ts-1604427303-clienttons-s.akamaihd.net, 54-246-30-86_s-23-203-249-81_ts-1604427359-clienttons-s.akamaihd.net, 54-246-30-86_s-23-203-249-81_ts-1604431429-clienttons-s.akamaihd.net, 54-246-30-86_s-23-203-249-81_ts-1604431547-clienttons-s.akamaihd.net, 54-246-30-86_s-23-203-249-81_ts-1604435637-clienttons-s.akamaihd.net, 54-246-30-86_s-23-203-249-90_ts-1604427151-clienttons-s.akamaihd.net, 54-246-30-86_s-23-203-249-90_ts-1604429503-clienttons-s.akamaihd.net, 54-246-30-86_s-23-203-249-90_ts-1604429594-clienttons-s.akamaihd.net, 54-246-30-86_s-23-203-249-90_ts-1604433473-clienttons-s.akamaihd.net, 54-246-30-86_s-23-203-249-90_ts-1604433539-clienttons-s.akamaihd.net, 54-246-30-86_s-88-221-134-224_ts-1604435698-clienttons-s.akamaihd.net, 54-246-30-86_s-95-101-129-96_ts-1604424926-clienttons-s.akamaihd.net, 54-246-30-86_s-95-101-129-96_ts-1604424989-clienttons-s.akamaihd.net, 54-75-39-103_s-23-203-249-81_ts-1604425265-clienttons-s.akamaihd.net, 54-75-39-103_s-23-203-249-81_ts-1604425415-clienttons-s.akamaihd.net, 54-75-39-103_s-23-203-249-90_ts-1604425504-clienttons-s.akamaihd.net, 54-75-39-103_s-95-101-143-24_ts-1604432234-clienttons-s.akamaihd.net, 54-75-41-190_s-23-203-249-81_ts-1604424935-clienttons-s.akamaihd.net, 54-75-41-190_s-23-203-249-81_ts-1604425058-clienttons-s.akamaihd.net, 54-75-41-190_s-23-203-249-81_ts-1604425120-clienttons-s.akamaihd.net, 54-75-41-190_s-23-203-249-81_ts-1604425189-clienttons-s.akamaihd.net, 54-75-41-190_s-23-203-249-81_ts-1604427540-clienttons-s.akamaihd.net, 54-75-41-190_s-23-203-249-90_ts-1604424875-clienttons-s.akamaihd.net, 54-75-41-190_s-23-203-249-90_ts-1604425270-clienttons-s.akamaihd.net, 54-75-41-190_s-23-203-249-90_ts-1604427110-clienttons-s.akamaihd.net, 54-75-41-190_s-23-203-249-90_ts-1604429433-clienttons-s.akamaihd.net, 54-75-41-190_s-23-203-249-90_ts-1604429456-clienttons-s.akamaihd.net, 54-75-41-190_s-92-123-140-11_ts-1604427291-clienttons-s.akamaihd.net, 54-75-41-190_s-92-123-140-11_ts-1604427412-clienttons-s.akamaihd.net, 54-75-41-190_s-95-101-129-96_ts-1604425019-clienttons-s.akamaihd.net, 54-75-41-190_s-95-101-143-18_ts-1604429529-clienttons-s.akamaihd.net, 684dd305.akstat.io, 684dd306.akstat.io, 684dd307.akstat.io, 684dd308.akstat.io, 684dd309.akstat.io, 684dd30a.akstat.io, 684dd30c.akstat.io, 684dd30d.akstat.io, 6852bd07.akstat.io, 6852bd08.akstat.io, 6852bd09.akstat.io, 6852bd0a.akstat.io, 6852bd0b.akstat.io, 6852bd0c.akstat.io, 6852bd0d.akstat.io, 6852bd0e.akstat.io, 6852bd0f.akstat.io, 6852bd10.akstat.io, 6852bd11.akstat.io, 6852bd12.akstat.io, 6852bd13.akstat.io, 6852bd14.akstat.io, 685d5b18.akstat.io, 685d5b19.akstat.io, 685d5b1b.akstat.io, 686eb51b.akstat.io, 686eb704.akstat.io, bcsecure01-a.akamaihd.net, brightcove04pmdo-a.akamaihd.net, ds-aksb-a.akamaihd.net, el24ucyccuqvax5bs2kq-pblhb6-a723eeea5-clientnsv4-s.akamaihd.net, el24ucyccuqvax5bt4yq-ptbmxa-6ef8e4803-clientnsv4-s.akamaihd.net, el24ucyccuqwcx5bs4uq-p03zy7-676237e5e-clientnsv4-s.akamaihd.net, el3lnwiccuqvax5bstvq-pch0tk-1cdf76638-clientnsv4-s.akamaihd.net, el3lnwiccuqvax5buy2q-pqnfkn-f673b4feb-clientnsv4-s.akamaihd.net, el3lnwiccuqvax5buzkq-pl30i3-08d7d87df-clientnsv4-s.akamaihd.net, el3lnwiccuqwcx5bu4ya-pyg66y-cb19a994e-clientnsv4-s.akamaihd.net, el3lnwiccuqxax5bstjq-puyi2b-1f022524f-clientnsv4-s.akamaihd.net, el3lnwiccuqxax5bsuua-pioden-695058c8f-clientnsv4-s.akamaihd.net, el3lnwiccuqxax5bsvta-pqns0s-b6979dbf5-clientnsv4-s.akamaihd.net, el3lnwiccuqxax5btzpq-pbifp1-07760bdf0-clientnsv4-s.akamaihd.net, el3lnwiccuqxax5bu23q-p2ez1a-7d289db29-clientnsv4-s.akamaihd.net, el3lnwixzp4swx5bs5pq-pnfw20-03cb87b70-clientnsv4-s.akamaihd.net, el3lnwixzp4swx5bsryq-p52tb9-f3dab0dd0-clientnsv4-s.akamaihd.net, el3lnwixzp4swx5bu35q-pdannf-fd1139023-clientnsv4-s.akamaihd.net, el3lnwixzp4swx5buxna-pyccr1-f710a073b-clientnsv4-s.akamaihd.net, el3lnwky3wdkax5bsxbq-p3hn9l-a2a7437e4-clientnsv4-s.akamaihd.net, el3lnwky3wdkex5bt23a-pfcryk-8b7c1430e-clientnsv4-s.akamaihd.net, elzm742y3wdkex5bs4lq-p0p40d-3a2e745b5-clientnsv4-s.akamaihd.net, elzm742y3wdkex5bzofa-pqb527-96b6b1fc9-clientnsv4-s.akamaihd.net, elzm74yccuqvax5b2szq-pf5z0b-8e0fe713e-clientnsv4-s.akamaihd.net, elzm74yccuqvax5bs5nq-pt4puj-60e29ce0a-clientnsv4-s.akamaihd.net, elzm74yccuqvax5bzo4a-ptxi68-223a872ab-clientnsv4-s.akamaihd.net, elzm74yccuqwcx5b2r3a-p84t0a-b5b6d0cb9-clientnsv4-s.akamaihd.net, elzm74yccuqwcx5btaca-p2p13t-2edd5f4d6-clientnsv4-s.akamaihd.net, elzm74yccuqwcx5buakq-p7s1ie-7095e2510-clientnsv4-s.akamaihd.net, elzm74yccuqxax5b2o7q-partxm-0ba99e22d-clientnsv4-s.akamaihd.net, elzm74yccuqxax5bs6fa-pnivpg-c492934bb-clientnsv4-s.akamaihd.net, elzm74yccuqxax5bt5qq-pcrjf9-bdc24fa26-clientnsv4-s.akamaihd.net, elzm74yccuqxax5bzp4q-pkl6rx-fb475a90e-clientnsv4-s.akamaihd.net, elzm74yxzp4swx5bs4ga-p9xzbs-ed47165ae-clientnsv4-s.akamaihd.net, elzm74yxzp4swx5bs7cq-p4s4el-cd1a19887-clientnsv4-s.akamaihd.net, elzm74yxzp4swx5bt4ka-p0qvim-2e8a5e71e-clientnsv4-s.akamaihd.net, elzm74yxzp4swx5bt6hq-pzy1yp-35d9d01e0-clientnsv4-s.akamaihd.net, elzm74yxzp4swx5bt7mq-p1duy0-1060998fa-clientnsv4-s.akamaihd.net, elzm74yxzp4swx5bucja-p0twy9-19851792c-clientnsv4-s.akamaihd.net, elzm74yxzp4swx5bzqza-pn76ir-1c0c55ff7-clientnsv4-s.akamaihd.net, elzm74yxzp4swx5bzsda-pqodge-888ec876f-clientnsv4-s.akamaihd.net, g2nlvmqcchiscx5bva5a-pwotro-14b66ca5a-clientnsv4-s.akamaihd.net, g2nlvmqccuqvax5bs7hq-p4vzcl-ad59a5fd9-clientnsv4-s.akamaihd.net, g2nlvmqccuqxax5bsz6q-pm3a6a-3feb7d021-clientnsv4-s.akamaihd.net, g2nlvmqxzp4swx5bs5uq-pd12b9-62c8cb38d-clientnsv4-s.akamaihd.net, g2nlvmqxzp4swx5bt3va-p7puv0-d4fafcfea-clientnsv4-s.akamaihd.net, g2nlvmsy3wdkax5bs5zq-p675cj-d0b1fd299-clientnsv4-s.akamaihd.net, g33b4vqccuqvax5btwhq-pfp8ei-5c0ea4329-clientnsv4-s.akamaihd.net, g33b4vqccuqvax5btytq-pupet4-0083df35c-clientnsv4-s.akamaihd.net, g33b4vqccuqvax5btzpq-pr1f2f-01d5fb765-clientnsv4-s.akamaihd.net, g33b4vqccuqvax5bvzcq-phk9tj-828709858-clientnsv4-s.akamaihd.net, g33b4vqccuqvax5bw2bq-py1x2v-a7310f6e5-clientnsv4-s.akamaihd.net, g33b4vqccuqvax5bx3za-pge3ox-a91a32353-clientnsv4-s.akamaihd.net, g33b4vqccuqwcx5bu4na-pqdvvi-3aaa5c611-clientnsv4-s.akamaihd.net, g33b4vqccuqwcx5bwzaq-pvw5k6-d3e3dcd05-clientnsv4-s.akamaihd.net, g33b4vqccuqwcx5bx22q-p8kovq-e038e0c0c-clientnsv4-s.akamaihd.net, g33b4vqccuqxax5bstpa-p4rsfx-bd0382a30-clientnsv4-s.akamaihd.net, g33b4vqccuqxax5btyeq-poz8cc-9955b8a36-clientnsv4-s.akamaihd.net, g33b4vqxzp4swx5bu27q-pxv1vf-89db7a111-clientnsv4-s.akamaihd.net, g33b4vqxzp4swx5bv25q-pt8447-731cc407d-clientnsv4-s.akamaihd.net, g33b4vsy3wdkax5bswnq-plqmrf-ff7289811-clientnsv4-s.akamaihd.net, g33b4vsy3wdkex5bsuoq-p56ka1-9bf23f300-clientnsv4-s.akamaihd.net, gzfsozyccuqwcx5bs3dq-p2yzo8-69eb1f4d7-clientnsv4-s.akamaihd.net, gzfsozyccuqwcx5bs4qa-p299q7-a9521f4ee-clientnsv4-s.akamaihd.net, gzfsozyccuqwcx5bsyyq-pv69oz-aed1b09c6-clientnsv4-s.akamaihd.net, gzfsozyccuqwcx5bwfuq-pw4gfb-c2c42381f-clientnsv4-s.akamaihd.net, gzfstpqccuqvax5bssvq-p0x8hm-7a3d7367f-clientnsv4-s.akamaihd.net, gzfstpqccuqvax5bsxsq-p2oajs-b2e67f00b-clientnsv4-s.akamaihd.net, gzfstpqccuqvax5bsy3a-pfuzjd-60f8ba5de-clientnsv4-s.akamaihd.net, gzfstpqccuqvax5bu2ia-p6uwyn-30e7a92df-clientnsv4-s.akamaihd.net, gzfstpqccuqwcx5bswqa-pplxq4-ee58ceb89-clientnsv4-s.akamaihd.net, gzfstpqccuqwcx5bu3mq-p6qff7-f4c4075e7-clientnsv4-s.akamaihd.net, gzfstpqccuqwcx5buz4q-pbk4m8-d20c90e54-clientnsv4-s.akamaihd.net, gzfstpqccuqxax5bt4ka-p3fi1s-1fcad7cd5-clientnsv4-s.akamaihd.net, gzfstpqxzp4swx5bsttq-p683qt-2c3f6e21e-clientnsv4-s.akamaihd.net, gzfstpqxzp4swx5bsu5q-pyioyl-3b5424f35-clientnsv4-s.akamaihd.net, gzfstpqxzp4swx5bsvra-ps8whv-800c4ca06-clientnsv4-s.akamaihd.net, gzfstpqxzp4swx5bt2ka-p3owfu-9bef421db-clientnsv4-s.akamaihd.net, gzfstpqxzp4swx5btynq-p80cg4-5fbda6ae3-clientnsv4-s.akamaihd.net, gzfstpsy3wdkax5btvta-pc4hb3-c24fbde0b-clientnsv4-s.akamaihd.net, i03f9f400-ds-aksb-a.akamaihd.net, i03fa4400-ds-aksb-a.akamaihd.net, i03faac00-ds-aksb-a.akamaihd.net, i03fae300-ds-aksb-a.akamaihd.net, i03fb4f00-ds-aksb-a.akamaihd.net, i22f29600-ds-aksb-a.akamaihd.net, i22f44600-ds-aksb-a.akamaihd.net, i22f47c00-ds-aksb-a.akamaihd.net, i22f4a100-ds-aksb-a.akamaihd.net, i22f55c00-ds-aksb-a.akamaihd.net, i22f5ca00-ds-aksb-a.akamaihd.net, i22f6b100-ds-aksb-a.akamaihd.net, i22f7bf00-ds-aksb-a.akamaihd.net, i22fdb800-ds-aksb-a.akamaihd.net, i22fdd700-ds-aksb-a.akamaihd.net, i3430c200-ds-aksb-a.akamaihd.net, i34d04400-ds-aksb-a.akamaihd.net, i34d71700-ds-aksb-a.akamaihd.net, i36486200-ds-aksb-a.akamaihd.net, i364b2700-ds-aksb-a.akamaihd.net, i369aba00-ds-aksb-a.akamaihd.net, i36d85900-ds-aksb-a.akamaihd.net, i36d86800-ds-aksb-a.akamaihd.net, i36e56b00-ds-aksb-a.akamaihd.net, i36f61e00-ds-aksb-a.akamaihd.net, i36f6c000-ds-aksb-a.akamaihd.net, i3f23f800-ds-aksb-a.akamaihd.net, ib0225600-ds-aksb-a.akamaihd.net, s.go-mpulse.net, trial-eum-clientnsv4-s.akamaihd.net, trial-eum-clienttons-s.akamaihd.net, warfnl2y3wdkex5buhra-pvnsej-42dd2535b-clientnsv4-s.akamaihd.net, warfnlyccuqvax5bvjta-pivu9l-324052216-clientnsv4-s.akamaihd.net, warfnlyccuqxax5bwjua-pt5xj8-63e5f59c4-clientnsv4-s.akamaihd.net, warfnlyxzp4swx5bugca-p9ihiy-2a56daf9f-clientnsv4-s.akamaihd.net, warfnlyxzp4swx5buiqq-p5eemy-20706e9d7-clientnsv4-s.akamaihd.net To provide the optimized image quality and enhance page loading speed To provide the optimized image quality and enhance page loading speed Amazon

(Cloud Front) Amazon (Cloud Front) d15mv1adrb1s6e.cloudfront.net, d1vp9jkpfdwr15.cloudfront.net, d25jv1xpupcva6.cloudfront.net, d2cmqkwo8rxlr9.cloudfront.net, d2m3ikv8mpgiy8.cloudfront.net, d334tbn9icrqnt.cloudfront.net, d38nbbai6u794i.cloudfront.net, d3dvvd5arbl3b4.cloudfront.net, d3nkfb7815bs43.cloudfront.net, d9qz450atvita.cloudfront.net To speed up the delivery of your static content (e.g., images, style sheets, JavaScript, etc.) to viewers across the globe To speed up the delivery of your static content (e.g., images, style sheets, JavaScript, etc.) to viewers across the globe Brightcove admin.brightcove.com, metrics.brightcove.com, players.brightcove.net, sadmin.brightcove.com, vjs.zencdn.net To support video streaming

Advertising Cookies These cookies gather information about your browser habits. They remember that you've visited our website and share this information with other organizations such as advertisers. View More advertising cookies Cookie Domain Facebook atdmt.com, connect.facebook.net, cx.atdmt.com, facebook.com, www.facebook.com Google Advertising ad.doubleclick.net, adservice.google.com, adservice.google.ie, cm.g.doubleclick.net, doubleclick.net, googleads.g.doubleclick.net, pubads.g.doubleclick.net, static.doubleclick.net, stats.g.doubleclick.net, www.googleadservices.com Google s.ytimg.com, www.youtube.com, youtube.com Linkedin ads.linkedin.com, linkedin.com, px.ads.linkedin.com, www.linkedin.com",manage cookies use cookies improve experience website show experience website show relevant advertising manage settings cookies essential cookies cookies essential enable move around website category cannot disabled view company domain samsung electronics semiconductorsamsungcom imagesemiconductorsamsungcom smetricssamsungcom analytical performance cookies cookies collect information use website example pages visit often information cookies collect used improve website works view analytical performance cookies cookie domain google ajaxgoogleapiscom apisgooglecom calendargooglecom developersgooglecom docsgooglecom googlecom mapsgoogleapiscom spreadsheetsgooglecom wwwgooglecom wwwgoogleie google wwwgoogleanalyticscom wwwgoogletagmanagercom wwwgstaticcom adobe assetsadobedtmcom functionality cookies cookies allow website remember choices make user name language region tailor website provide enhanced features content view functionality cookies cookie domain purpose akamai stsclienttonssakamaihdnet stsclienttonssakamaihdnet stsclienttonssakamaihdnet stsclienttonssakamaihdnet stsclienttonssakamaihdnet stsclienttonssakamaihdnet stsclienttonssakamaihdnet stsclienttonssakamaihdnet stsclienttonssakamaihdnet stsclienttonssakamaihdnet stsclienttonssakamaihdnet stsclienttonssakamaihdnet stsclienttonssakamaihdnet stsclienttonssakamaihdnet stsclienttonssakamaihdnet stsclienttonssakamaihdnet stsclienttonssakamaihdnet stsclienttonssakamaihdnet stsclienttonssakamaihdnet stsclienttonssakamaihdnet stsclienttonssakamaihdnet stsclienttonssakamaihdnet stsclienttonssakamaihdnet stsclienttonssakamaihdnet stsclienttonssakamaihdnet stsclienttonssakamaihdnet stsclienttonssakamaihdnet stsclienttonssakamaihdnet stsclienttonssakamaihdnet stsclienttonssakamaihdnet stsclienttonssakamaihdnet stsclienttonssakamaihdnet stsclienttonssakamaihdnet stsclienttonssakamaihdnet stsclienttonssakamaihdnet stsclienttonssakamaihdnet stsclienttonssakamaihdnet stsclienttonssakamaihdnet stsclienttonssakamaihdnet stsclienttonssakamaihdnet stsclienttonssakamaihdnet stsclienttonssakamaihdnet stsclienttonssakamaihdnet bfcakstatio bffaakstatio bfccakstatio cfefakstatio stsclienttonssakamaihdnet stsclienttonssakamaihdnet stsclienttonssakamaihdnet stsclienttonssakamaihdnet stsclienttonssakamaihdnet stsclienttonssakamaihdnet stsclienttonssakamaihdnet stsclienttonssakamaihdnet stsclienttonssakamaihdnet stsclienttonssakamaihdnet stsclienttonssakamaihdnet stsclienttonssakamaihdnet stsclienttonssakamaihdnet stsclienttonssakamaihdnet stsclienttonssakamaihdnet stsclienttonssakamaihdnet stsclienttonssakamaihdnet stsclienttonssakamaihdnet stsclienttonssakamaihdnet stsclienttonssakamaihdnet stsclienttonssakamaihdnet stsclienttonssakamaihdnet stsclienttonssakamaihdnet stsclienttonssakamaihdnet stsclienttonssakamaihdnet stsclienttonssakamaihdnet stsclienttonssakamaihdnet stsclienttonssakamaihdnet stsclienttonssakamaihdnet stsclienttonssakamaihdnet stsclienttonssakamaihdnet stsclienttonssakamaihdnet stsclienttonssakamaihdnet stsclienttonssakamaihdnet stsclienttonssakamaihdnet stsclienttonssakamaihdnet stsclienttonssakamaihdnet stsclienttonssakamaihdnet stsclienttonssakamaihdnet stsclienttonssakamaihdnet stsclienttonssakamaihdnet ddakstatio ddakstatio ddakstatio ddakstatio ddakstatio ddaakstatio ddcakstatio dddakstatio bdakstatio bdakstatio bdakstatio bdaakstatio bdbakstatio bdcakstatio bddakstatio bdeakstatio bdfakstatio bdakstatio bdakstatio bdakstatio bdakstatio bdakstatio dbakstatio dbakstatio dbbakstatio ebbakstatio ebakstatio bcsecureaakamaihdnet brightcovepmdoaakamaihdnet dsaksbaakamaihdnet elucyccuqvaxbskqpblhbaeeeaclientnsvsakamaihdnet elucyccuqvaxbtyqptbmxaefeclientnsvsakamaihdnet elucyccuqwcxbsuqpzyeeclientnsvsakamaihdnet ellnwiccuqvaxbstvqpchtkcdfclientnsvsakamaihdnet ellnwiccuqvaxbuyqpqnfknfbfebclientnsvsakamaihdnet ellnwiccuqvaxbuzkqplidddfclientnsvsakamaihdnet ellnwiccuqwcxbuyapygycbaeclientnsvsakamaihdnet ellnwiccuqxaxbstjqpuyibffclientnsvsakamaihdnet ellnwiccuqxaxbsuuapiodencfclientnsvsakamaihdnet ellnwiccuqxaxbsvtapqnssbdbfclientnsvsakamaihdnet ellnwiccuqxaxbtzpqpbifpbdfclientnsvsakamaihdnet ellnwiccuqxaxbuqpezaddbclientnsvsakamaihdnet ellnwixzpswxbspqpnfwcbbclientnsvsakamaihdnet ellnwixzpswxbsryqptbfdabddclientnsvsakamaihdnet ellnwixzpswxbuqpdannffdclientnsvsakamaihdnet ellnwixzpswxbuxnapyccrfabclientnsvsakamaihdnet ellnwkywdkaxbsxbqphnlaaeclientnsvsakamaihdnet ellnwkywdkexbtapfcrykbceclientnsvsakamaihdnet elzmywdkexbslqppdaebclientnsvsakamaihdnet elzmywdkexbzofapqbbbfcclientnsvsakamaihdnet elzmyccuqvaxbszqpfzbefeeclientnsvsakamaihdnet elzmyccuqvaxbsnqptpujeceaclientnsvsakamaihdnet elzmyccuqvaxbzoaptxiaabclientnsvsakamaihdnet elzmyccuqwcxbraptabbdcbclientnsvsakamaihdnet elzmyccuqwcxbtacappteddfdclientnsvsakamaihdnet elzmyccuqwcxbuakqpsieeclientnsvsakamaihdnet elzmyccuqxaxboqpartxmbaedclientnsvsakamaihdnet elzmyccuqxaxbsfapnivpgcbbclientnsvsakamaihdnet elzmyccuqxaxbtqqpcrjfbdcfaclientnsvsakamaihdnet elzmyccuqxaxbzpqpklrxfbaeclientnsvsakamaihdnet elzmyxzpswxbsgapxzbsedaeclientnsvsakamaihdnet elzmyxzpswxbscqpselcdaclientnsvsakamaihdnet elzmyxzpswxbtkapqvimeaeeclientnsvsakamaihdnet elzmyxzpswxbthqpzyypddeclientnsvsakamaihdnet elzmyxzpswxbtmqpduyfaclientnsvsakamaihdnet elzmyxzpswxbucjaptwycclientnsvsakamaihdnet elzmyxzpswxbzqzapnirccffclientnsvsakamaihdnet elzmyxzpswxbzsdapqodgeecfclientnsvsakamaihdnet gnlvmqcchiscxbvaapwotrobcaaclientnsvsakamaihdnet gnlvmqccuqvaxbshqpvzcladafdclientnsvsakamaihdnet gnlvmqccuqxaxbszqpmaafebdclientnsvsakamaihdnet gnlvmqxzpswxbsuqpdbccbdclientnsvsakamaihdnet gnlvmqxzpswxbtvappuvdfafcfeaclientnsvsakamaihdnet gnlvmsywdkaxbszqpcjdbfdclientnsvsakamaihdnet gbvqccuqvaxbtwhqpfpeiceaclientnsvsakamaihdnet gbvqccuqvaxbtytqpupetdfcclientnsvsakamaihdnet gbvqccuqvaxbtzpqprffdfbclientnsvsakamaihdnet gbvqccuqvaxbvzcqphktjclientnsvsakamaihdnet gbvqccuqvaxbwbqpyxvafeclientnsvsakamaihdnet gbvqccuqvaxbxzapgeoxaaclientnsvsakamaihdnet gbvqccuqwcxbunapqdvviaaacclientnsvsakamaihdnet gbvqccuqwcxbwzaqpvwkdedcdclientnsvsakamaihdnet gbvqccuqwcxbxqpkovqeeccclientnsvsakamaihdnet gbvqccuqxaxbstpaprsfxbdaclientnsvsakamaihdnet gbvqccuqxaxbtyeqpozccbaclientnsvsakamaihdnet gbvqxzpswxbuqpxvvfdbaclientnsvsakamaihdnet gbvqxzpswxbvqptccdclientnsvsakamaihdnet gbvsywdkaxbswnqplqmrfffclientnsvsakamaihdnet gbvsywdkexbsuoqpkabffclientnsvsakamaihdnet gzfsozyccuqwcxbsdqpyzoebfdclientnsvsakamaihdnet gzfsozyccuqwcxbsqapqafeeclientnsvsakamaihdnet gzfsozyccuqwcxbsyyqpvozaedbcclientnsvsakamaihdnet gzfsozyccuqwcxbwfuqpwgfbccfclientnsvsakamaihdnet gzfstpqccuqvaxbssvqpxhmadfclientnsvsakamaihdnet gzfstpqccuqvaxbsxsqpoajsbefbclientnsvsakamaihdnet gzfstpqccuqvaxbsyapfuzjdfbadeclientnsvsakamaihdnet gzfstpqccuqvaxbuiapuwyneadfclientnsvsakamaihdnet gzfstpqccuqwcxbswqapplxqeecebclientnsvsakamaihdnet gzfstpqccuqwcxbumqpqfffceclientnsvsakamaihdnet gzfstpqccuqwcxbuzqpbkmdceclientnsvsakamaihdnet gzfstpqccuqxaxbtkapfisfcadcdclientnsvsakamaihdnet gzfstpqxzpswxbsttqpqtcfeeclientnsvsakamaihdnet gzfstpqxzpswxbsuqpyioylbfclientnsvsakamaihdnet gzfstpqxzpswxbsvrapswhvccaclientnsvsakamaihdnet gzfstpqxzpswxbtkapowfubefdbclientnsvsakamaihdnet gzfstpqxzpswxbtynqpcgfbdaaeclientnsvsakamaihdnet gzfstpsywdkaxbtvtapchbcfbdebclientnsvsakamaihdnet iffdsaksbaakamaihdnet ifadsaksbaakamaihdnet ifaacdsaksbaakamaihdnet ifaedsaksbaakamaihdnet ifbfdsaksbaakamaihdnet ifdsaksbaakamaihdnet ifdsaksbaakamaihdnet ifcdsaksbaakamaihdnet ifadsaksbaakamaihdnet ifcdsaksbaakamaihdnet ifcadsaksbaakamaihdnet ifbdsaksbaakamaihdnet ifbfdsaksbaakamaihdnet ifdbdsaksbaakamaihdnet ifdddsaksbaakamaihdnet icdsaksbaakamaihdnet iddsaksbaakamaihdnet iddsaksbaakamaihdnet idsaksbaakamaihdnet ibdsaksbaakamaihdnet iabadsaksbaakamaihdnet iddsaksbaakamaihdnet iddsaksbaakamaihdnet iebdsaksbaakamaihdnet ifedsaksbaakamaihdnet ifcdsaksbaakamaihdnet iffdsaksbaakamaihdnet ibdsaksbaakamaihdnet sgompulsenet trialeumclientnsvsakamaihdnet trialeumclienttonssakamaihdnet warfnlywdkexbuhrapvnsejddbclientnsvsakamaihdnet warfnlyccuqvaxbvjtapivulclientnsvsakamaihdnet warfnlyccuqxaxbwjuaptxjefcclientnsvsakamaihdnet warfnlyxzpswxbugcapihiyadaffclientnsvsakamaihdnet warfnlyxzpswxbuiqqpeemyedclientnsvsakamaihdnet provide optimized image quality enhance page loading speed provide optimized image quality enhance page loading speed amazon cloud front amazon cloud front dmvadrbsecloudfrontnet dvpjkpfdwrcloudfrontnet djvxpupcvacloudfrontnet dcmqkworxlrcloudfrontnet dmikvmpgiycloudfrontnet dtbnicrqntcloudfrontnet dnbbaiuicloudfrontnet ddvvdarblbcloudfrontnet dnkfbbscloudfrontnet dqzatvitacloudfrontnet speed delivery static content eg images style sheets javascript etc viewers across globe speed delivery static content eg images style sheets javascript etc viewers across globe brightcove adminbrightcovecom metricsbrightcovecom playersbrightcovenet sadminbrightcovecom vjszencdnnet support video streaming advertising cookies cookies gather information browser habits remember youve visited website share information organizations advertisers view advertising cookies cookie domain facebook atdmtcom connectfacebooknet cxatdmtcom facebookcom wwwfacebookcom google advertising addoubleclicknet adservicegooglecom adservicegoogleie cmgdoubleclicknet doubleclicknet googleadsgdoubleclicknet pubadsgdoubleclicknet staticdoubleclicknet statsgdoubleclicknet wwwgoogleadservicescom google sytimgcom wwwyoutubecom youtubecom linkedin adslinkedincom linkedincom pxadslinkedincom wwwlinkedincom
Samsung ,https://www.digitimes.com/news/a20230823PD200/samsung-supplier-south-korea-ict-manufacturing.html,Positive,0.06187499999999999,"Samsung localizes supplier base amid rising geopolitical risks

Amid rising geopolitical risks, official data shows that Samsung Electronics has been localizing its suppliers, with Korea-based suppliers accounting for over 50% share in 2023.

According to Korean media outlet ET News, Samsung increased its suppliers from 100 in 2022 to 113 in 2023, and among the 13 additional suppliers added, 11 are based in South Korea. Overall, 59, or 52.2% of Samsung's suppliers, are Korea-based, more than that in the past two years.

Samsung expanded its suppliers in the US and Vietnam, while China-based companies remain eight of Samsung's suppliers in 2023 as in 2022, with the share falling from 7.8% to 7.1%.

Meanwhile, according to Samsung's supplier list on its website, Korea accounts for 54 of 198 manufacturing facilities supplying Samsung. Facilities in China, Vietnam, and the US constitute 29, 28, and 28, respectively. Except for the US, Asia remains Samsung's primary manufacturing hub.

Amid rising geopolitical tensions in Asia and Europe, major economies worldwide seek to build more resilient supply chains through supplier localization and regionalization. Lee Jae-Yong, the executive chairman of Samsung Electronics, said in March that the company would invest KRW60.1 trillion (US$44.9 billion) to increase localized sourcing.

Source: Samsung, August 2023

Source: Samsung, August 2023

Source: Samsung, August 2023",samsung localizes supplier base amid rising geopolitical risks amid rising geopolitical risks official data shows samsung electronics localizing suppliers koreabased suppliers accounting share according korean media outlet et news samsung increased suppliers among additional suppliers added based south korea overall samsungs suppliers koreabased past two years samsung expanded suppliers us vietnam chinabased companies remain eight samsungs suppliers share falling meanwhile according samsungs supplier list website korea accounts manufacturing facilities supplying samsung facilities china vietnam us constitute respectively except us asia remains samsungs primary manufacturing hub amid rising geopolitical tensions asia europe major economies worldwide seek build resilient supply chains supplier localization regionalization lee jaeyong executive chairman samsung electronics said march company would invest krw trillion us billion increase localized sourcing source samsung august source samsung august source samsung august
Samsung ,https://opportunityaustin.com/samsung-pouring-45b-into-austin-area-one-of-largest-deals-in-us-history/,Positive,0.170487012987013,"Samsung Electronics is poised to significantly enhance its presence in Central Texas, particularly in Taylor and Austin, with a historic investment projected to total $45 billion. This development is supported by the federal CHIPS and Science Act, under which Samsung will receive a preliminary $6.4 billion, fostering an extensive expansion of its semiconductor manufacturing capabilities. The initiative will not only add new fabrication lines and a research-and-design facility but will also leverage a substantial Investment Tax Credit from the Department of Treasury, amounting to about $11.25 billion of the total investment.

This massive investment aims to position Central Texas as a leading hub in the semiconductor industry, promising the creation of thousands of jobs ranging from manufacturing to construction, and spurring further economic activity through the supply chain. The investment is part of a broader strategy by the U.S. to revive domestic chip manufacturing, reducing reliance on overseas production which became a significant issue during the pandemic-induced supply chain disruptions.

The broader implications for the local communities like Taylor are transformative, with the investments driving urban revitalization, infrastructure development, and a significant increase in local employment and economic activity. Local officials and residents have expressed optimism and gratitude for the role Samsung is playing in revitalizing the area, anticipating continued growth and prosperity driven by this and potential future investments.

Opportunity Austin is thrilled to celebrate this regional win. This announcement is one of the largest economic development projects in the history of Texas is set to grow into one of the largest in America’s history.

Read the full article from The Austin Business Journal.",samsung electronics poised significantly enhance presence central texas particularly taylor austin historic investment projected total billion development supported federal chips science act samsung receive preliminary billion fostering extensive expansion semiconductor manufacturing capabilities initiative add new fabrication lines researchanddesign facility also leverage substantial investment tax credit department treasury amounting billion total investment massive investment aims position central texas leading hub semiconductor industry promising creation thousands jobs ranging manufacturing construction spurring economic activity supply chain investment part broader strategy us revive domestic chip manufacturing reducing reliance overseas production became significant issue pandemicinduced supply chain disruptions broader implications local communities like taylor transformative investments driving urban revitalization infrastructure development significant increase local employment economic activity local officials residents expressed optimism gratitude role samsung playing revitalizing area anticipating continued growth prosperity driven potential future investments opportunity austin thrilled celebrate regional win announcement one largest economic development projects history texas set grow one largest americas history read full article austin business journal
Samsung ,https://www.reuters.com/technology/samsung-electronics-ceo-says-it-will-pursue-meaningful-ma-this-year-2025-03-19/,Error,,,
Samsung ,https://www.taipeitimes.com/News/biz/archives/2025/03/18/2003833594,Neutral,0.03369047619047619,"‘Do-or-die’ mindset needed to face AI challenges, Samsung chairman says

AFP, SEOUL





Samsung Electronics Co must adopt a “do-or-die” mindset to confront the challenges posed by artificial intelligence (AI) that are upending the industry, Yonhap news cited chairman Jay Y. Lee as saying yesterday.

Samsung has been struggling to meet Nvidia Corp’s requirements, as rival SK Hynix Inc has become the titan’s main supplier of high-bandwidth memory (HBM) chips for its AI graphics processing units.

The world’s largest memorychip maker in October last year acknowledged that it was facing a “crisis” and admitted questions had arisen about its “fundamental technological competitiveness and the future of the company.”

People walk past a Samsung logo outside the company’s Giheung Campus in Yongin on July 10 last year. Photo: Jung Yeon-je, AFP

“Samsung is facing a do-or-die survival issue. We need to reflect deeply from the top,” Lee was quoted as saying during a training for top executives.

Lee’s message was to emphasize that “what matters is not the crisis itself, but the attitude in dealing with it,” Yonhap reported, citing company sources.

Lee also said that “even if it means sacrificing short-term profits, we must invest for the future,” Yonhap added.

A Samsung spokesperson yesterday said that Lee had not “said the message himself” without giving further details.

Separately, South Korean semiconductor exports to China plunged last month, deepening concerns about a cooling in global demand already threatened by US tariffs, as Washington steps up its restrictions on technology supplies to Beijing.

Chip sales to the world’s second-largest economy, including Hong Kong, fell 31.8 percent from a year earlier, the South Korean Ministry of Trade, Industry and Energy said on Sunday. That is bigger than the 22.5 percent contraction reported for January and comes after a rally last year that helped fuel South Korea’s economic growth.

The decline at the beginning of this year coincides with the US implementing its export restrictions on cutting-edge semiconductors to China. The US Department of Commerce in December last year slapped fresh curbs on the sale of HBM chips to China.

South Korea’s total semiconductor exports slipped 3 percent from a year earlier last month, ministry data showed.

Declining prices in conventional memory chips and a technological transition in semiconductor production were among reasons the growth in exports slowed, the ministry said.

Additional reporting by Bloomberg",doordie mindset needed face ai challenges samsung chairman says afp seoul samsung electronics co must adopt doordie mindset confront challenges posed artificial intelligence ai upending industry yonhap news cited chairman jay lee saying yesterday samsung struggling meet nvidia corps requirements rival sk hynix inc become titans main supplier highbandwidth memory hbm chips ai graphics processing units worlds largest memorychip maker october last year acknowledged facing crisis admitted questions arisen fundamental technological competitiveness future company people walk past samsung logo outside companys giheung campus yongin july last year photo jung yeonje afp samsung facing doordie survival issue need reflect deeply top lee quoted saying training top executives lees message emphasize matters crisis attitude dealing yonhap reported citing company sources lee also said even means sacrificing shortterm profits must invest future yonhap added samsung spokesperson yesterday said lee said message without giving details separately south korean semiconductor exports china plunged last month deepening concerns cooling global demand already threatened us tariffs washington steps restrictions technology supplies beijing chip sales worlds secondlargest economy including hong kong fell percent year earlier south korean ministry trade industry energy said sunday bigger percent contraction reported january comes rally last year helped fuel south koreas economic growth decline beginning year coincides us implementing export restrictions cuttingedge semiconductors china us department commerce december last year slapped fresh curbs sale hbm chips china south koreas total semiconductor exports slipped percent year earlier last month ministry data showed declining prices conventional memory chips technological transition semiconductor production among reasons growth exports slowed ministry said additional reporting bloomberg
Foxconn,https://www.foxconn.com/en-us/press-center/press-releases/latest-news/1562,Positive,0.12399036447423543,"One of COMPUTEX’s organizers, TAITRA (Taiwan External Trade Development Council), announced that Young Liu, Chairman of Hon Hai Technology Group (Foxconn), is invited to be the speaker at COMPUTEX 2025 Keynote, sharing his vision on three intelligent platforms driving industry transformation and the role of robotics in factories of the future. The keynote will be on 09:30, May 20, (UCT+8), at Taipei Nangang Exhibition Center Hall 2, 7F.





Foxconn, a leading technology major, has been applying and enabling the acceleration of artificial intelligence, actively integrating AI technology to build its three core platforms for governments and clients: Smart Manufacturing, Smart EV, and Smart City. Under the bold leadership of Foxconn Chairman Young Liu, named a “Best CEO” in Institutional Investor’s All-Asia Executive Team rankings, the world’s largest electronics manufacturing service provider is transforming itself into a global technology company providing AI-powered, platform-based solutions.





A recognized Top 100 Global Innovators by Clarivate, Foxconn is creating a new AI foundry, which represents not only a technological breakthrough but also a shift in mindset. By leveraging the knowledge and intelligence generated through Produce Token, the company aims to bring new value and possibilities to the industry. Its 3+3 strategy advances the company’s future growth in three major industries of electric vehicles, digital health and robotics, and three core technologies of AI, semiconductors and next-generation communications technologies.





COMPUTEX 2025 with the theme ""AI Next,"" is set to take place from May 20th to May 23rd at Taipei Nangang Exhibition Center Hall 1 & 2. This event will host nearly 1,400 exhibitors across 4,800 booths, showcasing three major themes: AI & Robotics, Next-Gen Tech, and Future Mobility.





Registration for COMPUTEX Keynote will open at early April, please stay tuned and follow us on our website.",one computexs organizers taitra taiwan external trade development council announced young liu chairman hon hai technology group foxconn invited speaker computex keynote sharing vision three intelligent platforms driving industry transformation role robotics factories future keynote may uct taipei nangang exhibition center hall f foxconn leading technology major applying enabling acceleration artificial intelligence actively integrating ai technology build three core platforms governments clients smart manufacturing smart ev smart city bold leadership foxconn chairman young liu named best ceo institutional investors allasia executive team rankings worlds largest electronics manufacturing service provider transforming global technology company providing aipowered platformbased solutions recognized top global innovators clarivate foxconn creating new ai foundry represents technological breakthrough also shift mindset leveraging knowledge intelligence generated produce token company aims bring new value possibilities industry strategy advances companys future growth three major industries electric vehicles digital health robotics three core technologies ai semiconductors nextgeneration communications technologies computex theme ai next set take place may th may rd taipei nangang exhibition center hall event host nearly exhibitors across booths showcasing three major themes ai robotics nextgen tech future mobility registration computex keynote open early april please stay tuned follow us website
Foxconn,https://mexicobusiness.news/automotive/news/foxconn-drives-growth-semiconductors-ai-4q24,Positive,0.1378528138528138,"Foxconn reported a strong financial performance in 4Q24, with revenue of NT$2.1 trillion (US$63.9 billion), marking a 15% year-over-year growth. This increase is largely attributed to the company’s expansion in the networking and cloud sectors, particularly in AI servers developed in collaboration with companies like Nvidia.

In the automotive sector, semiconductors play a crucial role in the development of electric vehicles and autonomous driving technologies. Foxconn’s growing involvement in the production of AI-driven semiconductors places the company in a key position to support the increasing demand for advanced chips required by the automotive industry. Chips are used in EVs for battery management, energy efficiency, and connectivity. In autonomous vehicles, semiconductors are essential for real-time data processing, decision-making, and safety systems.

The broader semiconductor market is also experiencing strong growth according to Expansion. Taiwan Semiconductor Manufacturing Company (TSMC), the world’s largest chip maker, reached a historical stock price high. In South Korea, semiconductor giants such as SK Hynix and Samsung saw their stocks rise by 10% and 4%, respectively, reflecting increased demand for chips, including those used in automotive applications.

Foxconn’s investments in AI infrastructure, including AI servers and data centers, align with the increasing data processing needs of the automotive industry. AI systems in autonomous vehicles require massive data processing capabilities, which are supported by cloud and data center infrastructure. Microsoft's recent announcement of an US$80 billion investment in AI-enabled data centers by 2025 further supports the broader trend toward digitalization and AI integration in multiple industries, including automotive.

Strategic partnerships are also a key factor in the development of automotive technologies. Foxconn’s collaboration with Nvidia is particularly significant, as Nvidia’s GPUs are widely used in autonomous driving systems, offering the computing power needed for vehicle navigation, object detection, and real-time decision-making.

As previously shared in Mexico Business News, Foxconn has recently announced the construction of its largest production facility in Mexico, located in Chihuahua. This plant will focus on manufacturing Nvidia’s GB200 AI chips, positioning Mexico as a key player in the global semiconductor industry. The facility is expected to create significant employment opportunities and strengthen Mexico’s position in the global supply chain.",foxconn reported strong financial performance q revenue nt trillion us billion marking yearoveryear growth increase largely attributed companys expansion networking cloud sectors particularly ai servers developed collaboration companies like nvidia automotive sector semiconductors play crucial role development electric vehicles autonomous driving technologies foxconns growing involvement production aidriven semiconductors places company key position support increasing demand advanced chips required automotive industry chips used evs battery management energy efficiency connectivity autonomous vehicles semiconductors essential realtime data processing decisionmaking safety systems broader semiconductor market also experiencing strong growth according expansion taiwan semiconductor manufacturing company tsmc worlds largest chip maker reached historical stock price high south korea semiconductor giants sk hynix samsung saw stocks rise respectively reflecting increased demand chips including used automotive applications foxconns investments ai infrastructure including ai servers data centers align increasing data processing needs automotive industry ai systems autonomous vehicles require massive data processing capabilities supported cloud data center infrastructure microsofts recent announcement us billion investment aienabled data centers supports broader trend toward digitalization ai integration multiple industries including automotive strategic partnerships also key factor development automotive technologies foxconns collaboration nvidia particularly significant nvidias gpus widely used autonomous driving systems offering computing power needed vehicle navigation object detection realtime decisionmaking previously shared mexico business news foxconn recently announced construction largest production facility mexico located chihuahua plant focus manufacturing nvidias gb ai chips positioning mexico key player global semiconductor industry facility expected create significant employment opportunities strengthen mexicos position global supply chain
Foxconn,https://spectrumlocalnews.com/us/national/technology/2025/04/14/nvidia-ai-chips-u-s--manufacturing-semiconductor-tariffs ,Negative,-0.08333333333333334,"We're sorry that the page you're looking for cannot be found. Looking for an older article? The link may have changed. Find the updated link using the Search tool on your local Spectrum News site.  To contact our team, please reach out using our Contact Us page. Lo sentimos, no se puede encontrar la página que estás buscando ¿Está buscando un artículo anterior? Es posible que el enlace haya cambiado. Encuentre el enlace actualizado utilizando la herramienta de búsqueda en el sitio local de Spectrum Noticias. Para ponerse en contacto con nuestro equipo, utilice nuestra página Contáctenos.",sorry page youre looking cannot found looking older article link may changed find updated link using search tool local spectrum news site contact team please reach using contact us page lo sentimos se puede encontrar la pgina que ests buscando est buscando un artculo anterior es posible que el enlace haya cambiado encuentre el enlace actualizado utilizando la herramienta de bsqueda en el sitio local de spectrum noticias para ponerse en contacto con nuestro equipo utilice nuestra pgina contctenos
Foxconn,https://restofworld.org/2025/china-foxconn-factoriesfoxconn-stops-sending-chinese-workers-to-india-iphone-factories/,Positive,0.14837359900373598,"Foxconn is halting new work rotations for its Chinese employees at its Apple iPhone factories in India, and sending Taiwanese workers instead, according to five people familiar with Foxconn’s operations in India. Shipments of specialized manufacturing equipment meant for India have also been held up in China, the sources told Rest of World.

The development is likely to disrupt iPhone assembly lines in the Foxconn factories in the southern states of Tamil Nadu and Karnataka, which produce iPhones as part of Apple’s efforts to diversify production away from China. Some of the sources said the Chinese government is responsible for the suspensions of worker deployments and equipment exports.

“Currently, the equipment and manpower are not allowed to go over [to India],” one of the sources told Rest of World. “And India doesn’t have the technology to produce the equipment.”

Apple and Foxconn did not respond to requests for comment. Chinese and Indian government authorities also did not respond to requests for comment.

If sustained, the suspensions are likely to hinder the broader ambition of Apple to develop next-generation iPhones in India with Foxconn, its long-term Taiwanese manufacturing partner. It also highlights the difficulties Apple faces as it tries to diversify production away from China amid rising U.S.-China tensions.



Many in India will read this in a very negative light, whether or not the Chinese government is involved directly.

Apple moved production of some of its most advanced iPhone models to India after some factory operations were disrupted by China’s zero-Covid policies. This kickstarted a long process to shift the manufacturing center for Apple’s flagship product, in order to reduce its decades-long reliance on China, also its second-largest market.

Foxconn began manufacturing iPhones at its Tamil Nadu plant in 2019, with the factory initially making older models. Foxconn started boosting its Indian facilities and workforce in 2022, with Apple aiming to enable India to undertake newer models as well. The two plants in Tamil Nadu and Karnataka together employ tens of thousands of workers.

However, production in India still relies on Chinese workers and a smaller number of Taiwanese expatriate employees, as well as specialized machinery from China. Foxconn and its equipment suppliers have deployed hundreds of managers, engineers, and technicians to oversee production and tool maintenance in India.

In recent weeks, however, Foxconn’s Chinese employees who were set to travel to India were told to cancel their trips, the sources said. One person said staff who had obtained visas and plane tickets were also stopped from traveling.

Some Chinese employees currently based in India were told they would have to return home before an unspecified date, some of the sources said. The directive was given verbally to staff, one Foxconn employee said.

To mitigate any potential impact from the suspensions, Foxconn is looking to move Taiwanese employees, whose travels to India are not impacted, in place of their mainland Chinese colleagues, two sources told Rest of World. Production and export of semi-finished iPhone products in its mainland China factories have also been stepped up to ensure that sufficient smartphones can be produced from final assembly in India in the meantime, the Foxconn source said.

Signage at the entrance to SIPCOT Industrial Park (State Industries Promotion Corporation of Tamil Nadu Ltd), where Foxconn’s iPhone plant is located in Tamil Nadu. Saumya Khandelwal for Rest of World

Foxconn’s plan to shift early-stage iPhone production to India has been largely successful. In 2024, the Tamil Nadu plant assembled the latest iPhone Pro models for the first time. In the fiscal year ending March 2024, Apple assembled $14 billion worth of iPhones in India — or about one in seven iPhones — through plants operated by Foxconn, Pegatron, and India’s Tata Group, Bloomberg has reported.

Partly due to rising trade tensions between China and the West, many global corporations that have long relied on China for high-quality but low-cost manufacturing began moving their production to nations in South Asia or Southeast Asia. Disruptions caused by Beijing’s exceptionally stringent and long-running pandemic controls only accelerated the trend.



Companies were also motivated by concerns over increasing trade-related and political hostilities between China and the U.S., which began with the first Trump administration and continued with the Biden government, leading to tariffs and policies blocking China from accessing advanced technology.

The Chinese government may be alarmed by the manufacturing shifts particularly to India, seen as a geopolitical rival and democratic alternative to China, Kyle Chan, a postdoctoral research associate with Princeton University who studies industrial policies in China and India, told Rest of World.

“Maybe China is surprised, as many people were, by how quickly Apple was able to actually move some of its iPhone production to India,” he said. The Chinese government could also use the suspension to signal its leverage over U.S. companies, he added.



India and China have long had a fraught relationship due to factors such as border disputes resulting in military standoffs and skirmishes along the Sino-Indian border. The two Asian powers are simultaneously lodged in an economic rivalry, where more corporations see in India an alternative to China as they restructure their supply chains, according to Harsh V. Pant, a professor and vice president of studies and foreign policy at the Observer Research Foundation in New Delhi.

But India continues to have a trade deficit with China, as it ramps up its complex manufacturing capability through Prime Minister Narendra Modi’s “Make In India” initiative. Beijing will take steps to prevent India from challenging its position as a global manufacturing powerhouse and ensure its dominance, Pant told Rest of World.

“The underlying tensions will continue to ensure that this kind of economic rivalry between the two will only escalate,” Pant said. “Many in India will read this in a very negative light, whether or not the Chinese government is involved directly [in the suspensions].”",foxconn halting new work rotations chinese employees apple iphone factories india sending taiwanese workers instead according five people familiar foxconns operations india shipments specialized manufacturing equipment meant india also held china sources told rest world development likely disrupt iphone assembly lines foxconn factories southern states tamil nadu karnataka produce iphones part apples efforts diversify production away china sources said chinese government responsible suspensions worker deployments equipment exports currently equipment manpower allowed go india one sources told rest world india doesnt technology produce equipment apple foxconn respond requests comment chinese indian government authorities also respond requests comment sustained suspensions likely hinder broader ambition apple develop nextgeneration iphones india foxconn longterm taiwanese manufacturing partner also highlights difficulties apple faces tries diversify production away china amid rising uschina tensions many india read negative light whether chinese government involved directly apple moved production advanced iphone models india factory operations disrupted chinas zerocovid policies kickstarted long process shift manufacturing center apples flagship product order reduce decadeslong reliance china also secondlargest market foxconn began manufacturing iphones tamil nadu plant factory initially making older models foxconn started boosting indian facilities workforce apple aiming enable india undertake newer models well two plants tamil nadu karnataka together employ tens thousands workers however production india still relies chinese workers smaller number taiwanese expatriate employees well specialized machinery china foxconn equipment suppliers deployed hundreds managers engineers technicians oversee production tool maintenance india recent weeks however foxconns chinese employees set travel india told cancel trips sources said one person said staff obtained visas plane tickets also stopped traveling chinese employees currently based india told would return home unspecified date sources said directive given verbally staff one foxconn employee said mitigate potential impact suspensions foxconn looking move taiwanese employees whose travels india impacted place mainland chinese colleagues two sources told rest world production export semifinished iphone products mainland china factories also stepped ensure sufficient smartphones produced final assembly india meantime foxconn source said signage entrance sipcot industrial park state industries promotion corporation tamil nadu ltd foxconns iphone plant located tamil nadu saumya khandelwal rest world foxconns plan shift earlystage iphone production india largely successful tamil nadu plant assembled latest iphone pro models first time fiscal year ending march apple assembled billion worth iphones india one seven iphones plants operated foxconn pegatron indias tata group bloomberg reported partly due rising trade tensions china west many global corporations long relied china highquality lowcost manufacturing began moving production nations south asia southeast asia disruptions caused beijings exceptionally stringent longrunning pandemic controls accelerated trend companies also motivated concerns increasing traderelated political hostilities china us began first trump administration continued biden government leading tariffs policies blocking china accessing advanced technology chinese government may alarmed manufacturing shifts particularly india seen geopolitical rival democratic alternative china kyle chan postdoctoral research associate princeton university studies industrial policies china india told rest world maybe china surprised many people quickly apple able actually move iphone production india said chinese government could also use suspension signal leverage us companies added india china long fraught relationship due factors border disputes resulting military standoffs skirmishes along sinoindian border two asian powers simultaneously lodged economic rivalry corporations see india alternative china restructure supply chains according harsh v pant professor vice president studies foreign policy observer research foundation new delhi india continues trade deficit china ramps complex manufacturing capability prime minister narendra modis make india initiative beijing take steps prevent india challenging position global manufacturing powerhouse ensure dominance pant told rest world underlying tensions continue ensure kind economic rivalry two escalate pant said many india read negative light whether chinese government involved directly suspensions
Foxconn,https://www.foxconn.com/en-us/press-center/media-center?category=factoriesOverseas ,Positive,0.15,"MIH, Foxconn’s “EV software and hardware open platform” tackles the current development pain points of EVs through being “software-defined” – creating software and hardware separation and enabling an open ecosystem. By allowing developers access to key technologies and tools for developing EVs on MIH, Foxconn reduces the entry barriers to the industry, encouraging more companies to be involved in the development of EVs which will result in exponential growth for the industry. Leveraging the MIH platform, automobile manufacturers will be able to develop EVs for different models including Sedans and SUVs, among others. Foxconn aims to position MIH as the “android system of the EV industry” and together with industry partners will work towards the goal of creating a “software-defined” open ecosystem for the EV manufacturing industry.",mih foxconns ev software hardware open platform tackles current development pain points evs softwaredefined creating software hardware separation enabling open ecosystem allowing developers access key technologies tools developing evs mih foxconn reduces entry barriers industry encouraging companies involved development evs result exponential growth industry leveraging mih platform automobile manufacturers able develop evs different models including sedans suvs among others foxconn aims position mih android system ev industry together industry partners work towards goal creating softwaredefined open ecosystem ev manufacturing industry
Foxconn,https://www.asiatechreview.com/p/china-obstructs-indias-manufacturing,Positive,0.1019115293988712,"Welcome back,

Tension is the theme of this week’s newsletter, with governments going after each other and major companies as the war to reign supreme on technology ratchets even further.

We’re not just talking about the impending US ban on TikTok, but news emerged this week of ways the Chinese government is reportedly trying to curtail India’s development as a manufacturing hub. In recent years, firms like Apple have diversified their reliance on China to build their hardware with India and Vietnam among those benefitting. India, it would seem, is the one that concerns Beijing the most.

Elsewhere, the US has gone after Tencent and the Chinese firm that makes batteries for Tesla, and Apple is still stuck in limbo with Indonesia, which rejected a proposed $1 billion investment that would create an Airtag factory in the country.

All that and more is in this week’s Asia Tech Review—have a great week,

Jon

Follow the Asia Tech Review LinkedIn page for updates on posts published here and interesting things that come our way. If you’re a news junkie, the ATR Telegram news feed has you covered with news as-it-happens or join the community chat here.

News in Focus

China is reportedly obstructing Foxconn’s efforts to ramp up manufacturing in India

Foxconn is in the middle of a diplomatic fallout after it halted sending new workers to its India-based factories on rotation, according to reports. Instead, the company has sent Taiwanese workers.

On the face of it, workers are workers, but it has raised concerns that the Chinese government is trying to slow India’s development as a manufacturing hub and preserve its status, which has been chipped away by firms moving operations to markets like India and Vietnam.

Other reports have suggested that the slowdown includes delays in shipment of specialised manufacturing equipment from Chinese ports:

While production remains unaffected for now, prolonged delays could hinder Apple’s manufacturing expansion plans in India, sources said. If China escalates such actions, it could create significant challenges for India's handset and electronics industry, which is focusing on component manufacturing to strengthen its capabilities, one of the sources cited above said.

India has previously responded aggressively to China over technology, with more than 50 Chinese apps including TikTok banned from the country since 2020. There’s also been action taken against Chinese lending apps operating on Indian soil, too.

This situation is developing but it is reported that Apple and Foxconn have enlisted the help of the Indian government to smooth things over. Watch this space.

Indonesia rejects $1B Apple investment proposal to overturn iPhone ban

One saga that isn’t showing signs of ending is Apple vs Indonesia.

So you’ll recall that Indonesia banned sales of the latest Apple smartphone, the iPhone 16, in October because it did not comply with local rules around manufacturing which require 40% of its components to come from local parts. The ban didn’t affect older versions of the iPhone and Indonesia is a predominantly Android market, with just 10% of devices estimated to be running iOS. But still it remains a huge market with a population of over 270 million people and Southeast Asia’s largest economy based on GDP.

Apple’s response has escalated from an initial $10 million “sweetener”, which would see it invest in a factory in Indonesia to create accessories components for Apple gadgets, to the latest $1 billion investment plan that would include building an AirTag factory.

That’s quite a jump but it isn’t enough as the offer has been rejected because it would see Apple still fall short of its requirements since AirTags are “accessories not core smartphone components.”

But there is more. Apple dispatched a senior executive—VP of Global Affairs Nick Amman—who appeared to have secured the deal with President Prabowo indicating the $1 billion was enough. But Ammann is said to have left Jakarta “empty handed” after a last-minute reversal on the proposal.

It would appear that Apple will either need to sweeten the deal further, or find a solution that meets local component requirements and gives the government a result that goes beyond the $1 billion package.

We know Indonesia negotiates hard, just look at TikTok’s purchase of Tokopedia two years ago. Parent company ByteDance was ultimately left with little choice but to fork out on the $1 billion-plus deal which also found a safe home for one of Indonesia’s marquee tech companies. Apple will need to summon similar puzzle-solving skills.

Key questions to consider are whether Indonesia has the supply chain infrastructure necessary for phone manufacturing and whether this is fundamentally a pipeline issue. India's experience has shown that replicating China's capabilities demands significant time and investment, with considerable resistance expected along the way.

India’s take on Visa and Mastercard is taking off

RuPay, India’s national alternative to Visa and Mastercard, is gaining significant traction in the country. Key to that is a connection to UPI, the national payment system, which means RuPay card transactions only incur fees to merchants when worth ₹2,000 ($23), that’s more than double the average spend of a UPI transaction.

Some key data points come from TechCrunch, which cites a Bernstein report:

RuPay processed ₹638 billion ($7.43 billion) in UPI credit card transactions in the first seven months of fiscal year 2024, nearly double from a year earlier.

These figures now account for 28% of all credit card transactions in India, up from 10% last year, according to Bernstein. (RuPay’s credit card figures don’t include swipes at merchant outlets and some other transactions, as that data isn’t available, so its market share is likely even higher.)

Bernstein forecasts RuPay will emerge as the dominant card network in India, already it accounted for half of all new credit cards issued in India in June 2024 thanks to changes that include requiring lenders to allow customers to choose their preferred card network—and equal rewards for RuPay compared with Visa or Mastercard

The US takes aim at Tencent

The US department of defense added a number of Chinese firms including Tencent and Tesla partner CATL to its list of entities that aid Beijing’s military.

Tencent’s share price has dropped over 10% since the move, stoking fears that the US-China tech war may escalate further. Tencent and CATL are both reportedly considering legal action in response. However there is a strong argument that being on the list is little more than negative PR since it carries no penalties or bans.

Officially, the company pledged to work with the Pentagon to cover any misunderstanding, but it also used the occasion to process its largest share buy back since 2006. The company snapped up $193M of its Hong Kong shares as it became the most traded stock in the country last Tuesday in a show of strength and confidence to the market.

Interestingly, during the same week, the US trade office removed Tencent’s WeChat app from its list of counterfeit sellers.

China

A fascinating new report shed light on how Chinese VCs are aggressively pursuing failed founders' personal assets and adding them to a national debtor blacklist, a move that’s seen to be disrupting the startup funding ecosystem link

EV battery firm CATL was added to the US government’s black list of military linked companies which is making it tricky for US banks that want to be part of the firm’s $7.7B Hong Kong listing link

Meanwhile cloud-computing and IT infrastructure firm Unisplendour is preparing for a second listing in Hong Kong that could raise about $1B link

The China Integrated Circuit Industry Investment Fund, or Big Fund, has launched a $47B round to strengthen its chip supply chain amid potential US export restrictions link

TikTok is pushing US-based users to its Lemon8 as a looming US ban moves closer to reality, even though the ban would apply to all apps owned by ByteDance link

TikTok has expanded its e-commerce operations into Mexico in response to the ban link

Akamai Technologies will end its CDN services in mainland China from mid-next year, citing geopolitical challenges link

Alibaba Cloud is providing its Tongyi Qianwen large language model to Transsion, Africa's top smartphone vendor, to power GenAI features on its new device link

Apple has established a $35M data-processing subsidiary in Shanghai which will focus on software development, big data, storage, and data processing, according to Chinese business records link

India

Microsoft will invest $3B to expand its AI and Azure cloud services in India, aiming to drive revenue growth link

A day after that pledge, Microsoft announced AI partnerships across key sectors, including agreements with the Ministry of Electronics and IT to support the IndiaAI Mission and train 500,000 people by 2026 link

India’s top retail stockbroker platform, is reportedly lining up a domestic IPO this year that could value its business as high as $8B, a big jump on the $3B valuation it got when it last raised venture capital in 2021 link

India may offer new subsidies and tariff cuts to boost local electronics manufacturing, especially for smartphone makers like Apple—the IT ministry has proposed $2.7B in support for components such as batteries and cameras, along with lower tariffs to reduce production costs, sources said link

Foxconn and Dixon Technologies are seeking billions of rupees in subsidies from India’s production incentives program, arguing they qualify for unallocated funds after some firms missed production targets link

After much speculation, it seems Flipkart has now hired Dunzo co-founder Kabeer Biswas to lead its quick commerce push through its Flipkart Minutes service—Flipkart had been in talks to buy Dunzo outright a year ago but a deal fell through due to rival Reliance’s presence as an investor link

Southeast Asia

Singapore has banned crypto-focused prediction market platform Polymarket as part of a national crackdown on online gambling sites link

Lim Der Shing is a long-time startup investor in Singapore and his annual roundups always make for insightful reading: this year’s theme suggests the bottom may be in but there’s no obvious sign of new investment. That said, he does note that founders are generally operating more conservatively and early-stage/angel funding is growing positively link

Singapore's Data Edge raised $1.6B, including $1B in debt financing, for its data centre business, which spans 21 facilities across Asia link

GoTo CEO Patrick Walujo will lead the company until 2029, extending his efforts to turn around its unprofitable business—his tenure has seen job cuts and divestments that have cut some of the bleed, but the share price has tumbled 40% during that period link

Malaysia is reviewing whether LinkedIn needs a social media license—officials are assessing if the platform exceeds the 8 million user licensing threshold link

Chinese smartphone maker Honor targets Indonesia’s growing appetite for premium handsets link

Singapore is considering minimum-age laws for social media use and is in talks with Australia, which recently banned under-16s from platforms like Facebook link

Bukalapak will stop selling physical goods, citing fierce competition from TikTok Shop and Shopee—it will shift to virtual products like mobile credits and electricity tokens and end orders for physical goods in February link

GCash, the Philippines' largest fintech platform, has reportedly selected banks for a potential IPO this year, following on from rumours last year link

Thai police have seized 996 Bitcoin miners from a company that allegedly stole huge amounts of electricity to run the devices link

Chinese state-sponsored hackers breached the Philippine government's executive branch, stealing sensitive data in a yearslong campaign, according to sources link

South Korea

South Korea is leading the global robotics race, with factories deploying 1,012 robots per 10,000 employees—over six times the global average, according to the International Federation of Robotics link

Samsung’s quarterly profit missed estimates, with a 6.5 trillion won ($4.5 billion) operating profit for Q4, below the projected 8.96 trillion won, as it struggles to regain market share in AI chips and smartphones link

South Korea is reportedly looking to lift its ban on institutional trading of cryptocurrencies link

Japan

Toyota plans to move the first 100 residents, mostly employees and their families, into its futuristic Woven City near Mount Fuji this fall, expanding to about 2,000 residents in initial phases link

Toyota is exploring rockets and has made its first investment into Interstellar Technologies link

Japan accused Chinese hacking group MirrorFace of breaching dozens of government bodies, companies, and individuals since 2019 link

Taiwan

Apple is reportedly doubling down with a second chip at TSMC’s Arizona facility, according to friend of ATR Tim Culpan’s newsletter (which you should already subscribe to) link

Foxconn beats estimates with record fourth-quarter revenue on AI demand link

TSMC's fourth-quarter revenue beats market forecast on AI demand link

The number of Chinese cyberattacks on the Taiwanese government averaged a staggering 2.4M a day in 2024, double the previous year, according to a report link

Rest of Asia

Dublin-based Nomupay raised $37M at a $200M valuation to grow its payment business which focuses on cross-border payments in markets across Asia and the Middle East which are overlooked by the likes of Adyen and Stripe—Nomupay claims to have doubled revenue annually for the last two years and it is forecasting $20M in ARR which will make it profitable this year link

The US DoJ announced the indictments of Russian citizens Roman Vitalyevich Ostapenko, Alexander Evgenievich Oleynik, and Anton Vyachlavovich Tarasov who are accused of operating services that help criminals launder cryptocurrency link",welcome back tension theme weeks newsletter governments going major companies war reign supreme technology ratchets even talking impending us ban tiktok news emerged week ways chinese government reportedly trying curtail indias development manufacturing hub recent years firms like apple diversified reliance china build hardware india vietnam among benefitting india would seem one concerns beijing elsewhere us gone tencent chinese firm makes batteries tesla apple still stuck limbo indonesia rejected proposed billion investment would create airtag factory country weeks asia tech reviewhave great week jon follow asia tech review linkedin page updates posts published interesting things come way youre news junkie atr telegram news feed covered news asithappens join community chat news focus china reportedly obstructing foxconns efforts ramp manufacturing india foxconn middle diplomatic fallout halted sending new workers indiabased factories rotation according reports instead company sent taiwanese workers face workers workers raised concerns chinese government trying slow indias development manufacturing hub preserve status chipped away firms moving operations markets like india vietnam reports suggested slowdown includes delays shipment specialised manufacturing equipment chinese ports production remains unaffected prolonged delays could hinder apples manufacturing expansion plans india sources said china escalates actions could create significant challenges indias handset electronics industry focusing component manufacturing strengthen capabilities one sources cited said india previously responded aggressively china technology chinese apps including tiktok banned country since theres also action taken chinese lending apps operating indian soil situation developing reported apple foxconn enlisted help indian government smooth things watch space indonesia rejects b apple investment proposal overturn iphone ban one saga isnt showing signs ending apple vs indonesia youll recall indonesia banned sales latest apple smartphone iphone october comply local rules around manufacturing require components come local parts ban didnt affect older versions iphone indonesia predominantly android market devices estimated running ios still remains huge market population million people southeast asias largest economy based gdp apples response escalated initial million sweetener would see invest factory indonesia create accessories components apple gadgets latest billion investment plan would include building airtag factory thats quite jump isnt enough offer rejected would see apple still fall short requirements since airtags accessories core smartphone components apple dispatched senior executivevp global affairs nick ammanwho appeared secured deal president prabowo indicating billion enough ammann said left jakarta empty handed lastminute reversal proposal would appear apple either need sweeten deal find solution meets local component requirements gives government result goes beyond billion package know indonesia negotiates hard look tiktoks purchase tokopedia two years ago parent company bytedance ultimately left little choice fork billionplus deal also found safe home one indonesias marquee tech companies apple need summon similar puzzlesolving skills key questions consider whether indonesia supply chain infrastructure necessary phone manufacturing whether fundamentally pipeline issue indias experience shown replicating chinas capabilities demands significant time investment considerable resistance expected along way indias take visa mastercard taking rupay indias national alternative visa mastercard gaining significant traction country key connection upi national payment system means rupay card transactions incur fees merchants worth thats double average spend upi transaction key data points come techcrunch cites bernstein report rupay processed billion billion upi credit card transactions first seven months fiscal year nearly double year earlier figures account credit card transactions india last year according bernstein rupays credit card figures dont include swipes merchant outlets transactions data isnt available market share likely even higher bernstein forecasts rupay emerge dominant card network india already accounted half new credit cards issued india june thanks changes include requiring lenders allow customers choose preferred card networkand equal rewards rupay compared visa mastercard us takes aim tencent us department defense added number chinese firms including tencent tesla partner catl list entities aid beijings military tencents share price dropped since move stoking fears uschina tech war may escalate tencent catl reportedly considering legal action response however strong argument list little negative pr since carries penalties bans officially company pledged work pentagon cover misunderstanding also used occasion process largest share buy back since company snapped hong kong shares became traded stock country last tuesday show strength confidence market interestingly week us trade office removed tencents wechat app list counterfeit sellers china fascinating new report shed light chinese vcs aggressively pursuing failed founders personal assets adding national debtor blacklist move thats seen disrupting startup funding ecosystem link ev battery firm catl added us governments black list military linked companies making tricky us banks want part firms b hong kong listing link meanwhile cloudcomputing infrastructure firm unisplendour preparing second listing hong kong could raise b link china integrated circuit industry investment fund big fund launched b round strengthen chip supply chain amid potential us export restrictions link tiktok pushing usbased users lemon looming us ban moves closer reality even though ban would apply apps owned bytedance link tiktok expanded ecommerce operations mexico response ban link akamai technologies end cdn services mainland china midnext year citing geopolitical challenges link alibaba cloud providing tongyi qianwen large language model transsion africas top smartphone vendor power genai features new device link apple established dataprocessing subsidiary shanghai focus software development big data storage data processing according chinese business records link india microsoft invest b expand ai azure cloud services india aiming drive revenue growth link day pledge microsoft announced ai partnerships across key sectors including agreements ministry electronics support indiaai mission train people link indias top retail stockbroker platform reportedly lining domestic ipo year could value business high b big jump b valuation got last raised venture capital link india may offer new subsidies tariff cuts boost local electronics manufacturing especially smartphone makers like applethe ministry proposed b support components batteries cameras along lower tariffs reduce production costs sources said link foxconn dixon technologies seeking billions rupees subsidies indias production incentives program arguing qualify unallocated funds firms missed production targets link much speculation seems flipkart hired dunzo cofounder kabeer biswas lead quick commerce push flipkart minutes serviceflipkart talks buy dunzo outright year ago deal fell due rival reliances presence investor link southeast asia singapore banned cryptofocused prediction market platform polymarket part national crackdown online gambling sites link lim der shing longtime startup investor singapore annual roundups always make insightful reading years theme suggests bottom may theres obvious sign new investment said note founders generally operating conservatively earlystageangel funding growing positively link singapores data edge raised b including b debt financing data centre business spans facilities across asia link goto ceo patrick walujo lead company extending efforts turn around unprofitable businesshis tenure seen job cuts divestments cut bleed share price tumbled period link malaysia reviewing whether linkedin needs social media licenseofficials assessing platform exceeds million user licensing threshold link chinese smartphone maker honor targets indonesias growing appetite premium handsets link singapore considering minimumage laws social media use talks australia recently banned unders platforms like facebook link bukalapak stop selling physical goods citing fierce competition tiktok shop shopeeit shift virtual products like mobile credits electricity tokens end orders physical goods february link gcash philippines largest fintech platform reportedly selected banks potential ipo year following rumours last year link thai police seized bitcoin miners company allegedly stole huge amounts electricity run devices link chinese statesponsored hackers breached philippine governments executive branch stealing sensitive data yearslong campaign according sources link south korea south korea leading global robotics race factories deploying robots per employeesover six times global average according international federation robotics link samsungs quarterly profit missed estimates trillion billion operating profit q projected trillion struggles regain market share ai chips smartphones link south korea reportedly looking lift ban institutional trading cryptocurrencies link japan toyota plans move first residents mostly employees families futuristic woven city near mount fuji fall expanding residents initial phases link toyota exploring rockets made first investment interstellar technologies link japan accused chinese hacking group mirrorface breaching dozens government bodies companies individuals since link taiwan apple reportedly doubling second chip tsmcs arizona facility according friend atr tim culpans newsletter already subscribe link foxconn beats estimates record fourthquarter revenue ai demand link tsmcs fourthquarter revenue beats market forecast ai demand link number chinese cyberattacks taiwanese government averaged staggering day double previous year according report link rest asia dublinbased nomupay raised valuation grow payment business focuses crossborder payments markets across asia middle east overlooked likes adyen stripenomupay claims doubled revenue annually last two years forecasting arr make profitable year link us doj announced indictments russian citizens roman vitalyevich ostapenko alexander evgenievich oleynik anton vyachlavovich tarasov accused operating services help criminals launder cryptocurrency link
Foxconn,https://www.scmp.com/tech/big-tech/article/3306471/chinas-largest-iphone-factory-resumes-hiring-after-trump-spares-electronics-tariffs,Positive,0.05726551226551226,"Apple supplier Foxconn Technology Group has resumed recruitment at the world’s largest iPhone factory, located in the central Chinese city of Zhengzhou, following a brief suspension after US President Donald Trump imposed new tariffs on Chinese goods earlier this month.

Advertisement

Several jobseekers and a company manager at the Zhengzhou facility, who spoke on condition of anonymity, confirmed to the South China Morning Post on Monday that hiring activity resumed this week after an unusual pause last week. Due to its large manpower needs and seasonal production schedules, the plant typically posts job vacancies throughout the year.

Still, demand for workers at the facility appears to have declined. The latest recruitment notice, published late on Sunday, indicates that the company is looking for workers to sign up for three-month contracts, and offering an hourly rate of 20 yuan (US$2.70) for temporary workers.

One jobseeker from the nearby city of Zhoukou, who only provided her surname, Yin, said she had submitted a pre-application to Foxconn and was scheduled for an on-site interview at the Zhengzhou facility.

iPhones are displayed at a store in London. Photo: Reuters

The resumption of hiring occurred shortly after the Trump administration announced a temporary exemption for electronic products, including smartphones, from “reciprocal” tariffs. However, officials clarified on Monday that those products could still face semiconductor tariffs in the coming months.",apple supplier foxconn technology group resumed recruitment worlds largest iphone factory located central chinese city zhengzhou following brief suspension us president donald trump imposed new tariffs chinese goods earlier month advertisement several jobseekers company manager zhengzhou facility spoke condition anonymity confirmed south china morning post monday hiring activity resumed week unusual pause last week due large manpower needs seasonal production schedules plant typically posts job vacancies throughout year still demand workers facility appears declined latest recruitment notice published late sunday indicates company looking workers sign threemonth contracts offering hourly rate yuan us temporary workers one jobseeker nearby city zhoukou provided surname yin said submitted preapplication foxconn scheduled onsite interview zhengzhou facility iphones displayed store london photo reuters resumption hiring occurred shortly trump administration announced temporary exemption electronic products including smartphones reciprocal tariffs however officials clarified monday products could still face semiconductor tariffs coming months
Foxconn,https://www.nytimes.com/2024/12/26/business/foxconn-apple-texas-expansion.html,Positive,0.09683982683982682,"Foxconn’s moves are emblematic of how multinational companies, particularly in Asia, have tried to restructure supply chains and relocate manufacturing operations in the years since Mr. Trump initiated a trade war with China during his first term in office. Manufacturers hope that having more production elsewhere will take the sting out of the next round of tariffs Mr. Trump has promised.

But it will not be easy for Foxconn to replicate its manufacturing model outside China, where it has benefited from years of government-backed infrastructure investment. The company previously invested in smaller factories in other countries, and none have ever come close to rivaling the importance of its huge factories in China, which generate a vast majority of its revenue. Last year, Mr. Liu vowed that would change.

The trade war created new risks for companies like Foxconn that rely heavily on manufacturing in China. The country’s harsh pandemic lockdowns, some of which spurred protests at Foxconn’s giant campus in central China, added to the concerns among the company’s clients, like Apple, about their reliance on the country.

Now Mr. Trump’s promised tariffs could push Foxconn to invest even more outside China, said Chiu Shih-fang, a senior analyst at the Taiwan Institute of Economic Research, a think tank in Taipei. “Foxconn already has some contingency plans in place,” Ms. Chiu said.",foxconns moves emblematic multinational companies particularly asia tried restructure supply chains relocate manufacturing operations years since mr trump initiated trade war china first term office manufacturers hope production elsewhere take sting next round tariffs mr trump promised easy foxconn replicate manufacturing model outside china benefited years governmentbacked infrastructure investment company previously invested smaller factories countries none ever come close rivaling importance huge factories china generate vast majority revenue last year mr liu vowed would change trade war created new risks companies like foxconn rely heavily manufacturing china countrys harsh pandemic lockdowns spurred protests foxconns giant campus central china added concerns among companys clients like apple reliance country mr trumps promised tariffs could push foxconn invest even outside china said chiu shihfang senior analyst taiwan institute economic research think tank taipei foxconn already contingency plans place ms chiu said
Foxconn,https://markets.businessinsider.com/news/stocks/foxconn-shines-in-tech-slump-but-tariff-threats-loom-1034553255,Positive,0.14123631270690096,"Hon Hai Precision Industry Co. (HNHPF), better known as Foxconn, just posted its fastest sales growth since 2022. This is a rare bright spot in a tech world clouded by trade tensions and economic uncertainty.

Don't Miss Our End of Quarter Offers:

Discover the latest stocks recommended by top Wall Street analysts, all in one place with Analyst Top Stocks.

Make smarter investments with weekly expert stock picks from the Smart Investor Newsletter.

The world’s largest contract electronics manufacturer saw revenue jump 24.2% in the first quarter of 2025 to NT$1.64 trillion (about $49.8 billion). The surge was mainly fueled by booming demand for artificial intelligence (AI) servers used by major U.S. tech firms like Alphabet (GOOGL) (GOOG), Amazon (AMZN), and Nvidia (NVDA).

A Key Player in the AI Industry

Hon Hai is a key player behind the scenes of the AI revolution. It assembles servers that power the massive data centers driving generative AI and cloud computing. While smartphone and PC sales remain soft, the company’s AI and networking hardware has picked up the slack and did it fast.

The firm said it expects continued growth in its cloud and networking segment through the second quarter. That’s good news for the likes of Nvidia and Amazon, which are depending on a steady supply of AI infrastructure as competition in the AI arms race heats up.

But while AI demand is strong, storm clouds are gathering.

Tariffs Threat to Ruin the Good Mood

New U.S. tariffs announced by President Donald Trump this week threaten to disrupt global tech supply chains. Foxconn, which relies heavily on factories in China and Vietnam, now faces a 54% tariff on Chinese goods and a 46% tariff on Vietnamese exports to the U.S.

This is especially troubling for Apple (AAPL), one of Hon Hai’s biggest customers. Based on 2024 U.S. tech import volumes, analysts at CreditSights estimate that the new trade measures could hit the global tech sector with a $100 billion impact. They warn that diversification efforts to India and Vietnam may not be enough to blunt the impact.

Adding to the uncertainty, Microsoft (MSFT) has reportedly paused or delayed several global data center projects, including in the U.S., UK, and Asia, despite maintaining an $80 billion data center budget through June. At the same time, Chinese startup DeepSeek is making waves with a cheaper AI model, raising fresh questions about the long-term profitability of massive AI infrastructure buildouts.

Still, Hon Hai isn’t sitting still. Chairman Young Liu recently said the company is exploring new production sites in the U.S., and Apple has begun making servers with Foxconn in Houston, a sign that reshoring efforts could pick up speed. In the race to build the future of AI, Hon Hai is a critical player. But how it navigates rising costs, trade barriers, and global uncertainty will determine whether this growth streak can last.

What Does the AI Analyst Say About HNHPF Stock?

No analyst forecasts are available for HNHPF stock, so we can examine what Tipranks’ AI Analyst take on the stock. The company score is 62, meaning a Neutral rating. You’ll be able to read the reason behind the score below.

Disclaimer & DisclosureReport an Issue",hon hai precision industry co hnhpf better known foxconn posted fastest sales growth since rare bright spot tech world clouded trade tensions economic uncertainty dont miss end quarter offers discover latest stocks recommended top wall street analysts one place analyst top stocks make smarter investments weekly expert stock picks smart investor newsletter worlds largest contract electronics manufacturer saw revenue jump first quarter nt trillion billion surge mainly fueled booming demand artificial intelligence ai servers used major us tech firms like alphabet googl goog amazon amzn nvidia nvda key player ai industry hon hai key player behind scenes ai revolution assembles servers power massive data centers driving generative ai cloud computing smartphone pc sales remain soft companys ai networking hardware picked slack fast firm said expects continued growth cloud networking segment second quarter thats good news likes nvidia amazon depending steady supply ai infrastructure competition ai arms race heats ai demand strong storm clouds gathering tariffs threat ruin good mood new us tariffs announced president donald trump week threaten disrupt global tech supply chains foxconn relies heavily factories china vietnam faces tariff chinese goods tariff vietnamese exports us especially troubling apple aapl one hon hais biggest customers based us tech import volumes analysts creditsights estimate new trade measures could hit global tech sector billion impact warn diversification efforts india vietnam may enough blunt impact adding uncertainty microsoft msft reportedly paused delayed several global data center projects including us uk asia despite maintaining billion data center budget june time chinese startup deepseek making waves cheaper ai model raising fresh questions longterm profitability massive ai infrastructure buildouts still hon hai isnt sitting still chairman young liu recently said company exploring new production sites us apple begun making servers foxconn houston sign reshoring efforts could pick speed race build future ai hon hai critical player navigates rising costs trade barriers global uncertainty determine whether growth streak last ai analyst say hnhpf stock analyst forecasts available hnhpf stock examine tipranks ai analyst take stock company score meaning neutral rating youll able read reason behind score disclaimer disclosurereport issue
Foxconn,https://www.foxconn.com/en-us/press-center/press-releases/latest-news/1554,Positive,0.1707477056277056,"• EPS NT$11.01, a 17-year high, core business profitability improving

• 2025 outlook is for strong growth; 1Q25 AI server revenue to more than double

• Seeing sustained demand for AI infrastructure and strong capex of major CSPs

• To complete contract signing in 1-2 months for collaboration with Japan automaker

---





14 March 2025, Taipei, Taiwan – Hon Hai Technology Group (“Foxconn”) (TWSE:2317) today announced its full year and fourth quarter 2024 financial results.





Full year 2024 net profit reached NT$152.7 billion, resulting in an earnings per share of NT$11.01, a 17-year high. At the same time, the Group announced that it will distribute a cash dividend of NT$5.80 per share, a record level since its listing in 1991. Despite significant changes in global tariff policies, geopolitical risks and monetary policies, the outlook for 2025 is for strong growth. The company also shared key developments around its three major smart platforms, as well as on AI and EV in 2025.





For the full year 2024, revenue totaled NT$6.86 trillion, up 11.3% on-year. Gross profit reached NT$428.9 billion, up 10.6%; operating net profit, at NT$200.6 billion, was up 20.5%; while net profit rose 7.5% to NT$152.7 billion for the same time period. Gross profit margin, operating profit margin and net profit margin stood at 6.25%, 2.92% and 2.23% respectively, compared with 6.30%, 2.70% and 2.31% in the previous year. With profitability of the core business improving significantly, EPS for the year, at NT$11.01, was up by NT$0.76 on-year.





In the October-December quarter, revenue reached NT$2.13 trillion, rising 15% on-year; gross profit reached NT$131 billion, up 15.7% from the same three months a year ago; operating net profit was NT$64.5 billion, showing an on-year gain of 31.8%; however net profit, at NT$46.3 billion, fell 12.8% for the same time period. Gross profit margin, operating profit margin and net profit margin were 6.15%, 3.03% and 2.17% respectively, compared to 6.12%, 2.64% and 2.87% in the same period a year ago, showing an increase in two of the three margins that indicated an improvement in profitability of the core business. EPS for the final three months of 2024 was NT$3.34, down NT$0.49 from the same period a year ago.





Chairman of Hon Hai Technology Group (Foxconn), Young Liu, said fourth quarter revenue grew strongly both on-quarter and on-year. The record high NT$6.86 trillion in last year’sannual revenue, came as three of four primary product segments – cloud and networking; computing; components and others – all achieved strong growth. The actual performance exceeded expectations.

Based on the Group's goal of an average payout ratio of no less than 40%, Chairman Liu announced a cash dividend of NT$5.80 per share to be distributed for this year, a significant increase from last year's NT$5.40 per share. The payout ratio reached 52.68%, a new high since the company was listed in 1991, and exceeding 50% for the sixth year in a row.





Looking ahead for 2025, Chairman Liu said the full-year operating outlook will be for strong growth, and that first quarter performance will also turn in strong growth compared to the same period last year. The company is now positioned as a technology manufacturing platform service provider. The three major platforms – Smart Manufacturing, Smart EV, Smart City – are the important foundation for developing various technologies and businesses. These platforms are based on key components, modules, systems, software and other fundamental capabilities we have soundly established. In the future, Foxconn will introduce more generative AI to make them even more powerful.





Foxconn will work with global Tier-1 partners to jointly develop and create generative AI solutions or develop large language models in-house to introduce into its three major intelligent platforms. By doing this, it will improve overall operational efficiency, and also enhance competitive advantage. The Group is using AI to produce AI; in Japan we have built a fully automated mobile phone assembly line. This is a good example of our move towards AI.





In the face of market concerns regarding the impact of geopolitics and tariffs on the Group's operations, Chairman Liu said overall ICT industry demand is generally stable this year. In response to changes, we will maintain close contact with our customers and due to our comprehensive global layout make timely adjustments. Through vertical integration, a diversified footprint and close cooperation with customers, the Group will maintain its market leading position.





Chairman Liu predicted that 2025 will be the first year of AI. Global demand is being sustained for AI computing infrastructure, and the capex of major CSPs will maintain strong growth this year. Looking at the first quarter, Foxconn’s AI server revenue is expected to grow more than 100% both quarter-on-quarter and year-to-year. As the GB200 enters mass production, we believe AI server revenue will improve quarter by quarter.

Looking at the full year, AI server revenue will reach the trillion-dollar scale, in local currency terms, accounting for more than half of the Group’s total server share. Foxconn has beenan important co-development partner in new products with major customers, ensuring that we can participate in next generation upon next generation of product development.





The company also believes that the technical methods used by DeepSeek will accelerate the popularization of AI servers for inference, thereby driving an increase in overall computing power demand. For large enterprises and CSPs, high-end AI servers and complete network and storage architectures are still indispensable, so demand for high- end AI servers will continue to grow. In the long run, as the development of edge AI gradually matures, there is likely to be more demand for upgrading personal devices.





AI server training takes a long time. During this period, if there is a failure in the AI server, it will have a great impact on the training time or even the results. Foxconn has always been in a leading position in terms of quality stability. A 40% market share is our most conservative target. We are confident that we can continue to strive for a higher market share.





Regarding collaboration with Japanese automakers, Chairman Liu said he anticipates “contract signing to be completed in one to two months’ time.” During the second half of the year, the MODEL B and the North American variant of the MODEL C are expected to enter mass production, while the manufacturing factory for the electric bus is scheduled to complete certification in the third quarter, expanding shipment capacity.",eps nt year high core business profitability improving outlook strong growth q ai server revenue double seeing sustained demand ai infrastructure strong capex major csps complete contract signing months collaboration japan automaker march taipei taiwan hon hai technology group foxconn twse today announced full year fourth quarter financial results full year net profit reached nt billion resulting earnings per share nt year high time group announced distribute cash dividend nt per share record level since listing despite significant changes global tariff policies geopolitical risks monetary policies outlook strong growth company also shared key developments around three major smart platforms well ai ev full year revenue totaled nt trillion onyear gross profit reached nt billion operating net profit nt billion net profit rose nt billion time period gross profit margin operating profit margin net profit margin stood respectively compared previous year profitability core business improving significantly eps year nt nt onyear octoberdecember quarter revenue reached nt trillion rising onyear gross profit reached nt billion three months year ago operating net profit nt billion showing onyear gain however net profit nt billion fell time period gross profit margin operating profit margin net profit margin respectively compared period year ago showing increase two three margins indicated improvement profitability core business eps final three months nt nt period year ago chairman hon hai technology group foxconn young liu said fourth quarter revenue grew strongly onquarter onyear record high nt trillion last yearsannual revenue came three four primary product segments cloud networking computing components others achieved strong growth actual performance exceeded expectations based groups goal average payout ratio less chairman liu announced cash dividend nt per share distributed year significant increase last years nt per share payout ratio reached new high since company listed exceeding sixth year row looking ahead chairman liu said fullyear operating outlook strong growth first quarter performance also turn strong growth compared period last year company positioned technology manufacturing platform service provider three major platforms smart manufacturing smart ev smart city important foundation developing various technologies businesses platforms based key components modules systems software fundamental capabilities soundly established future foxconn introduce generative ai make even powerful foxconn work global tier partners jointly develop create generative ai solutions develop large language models inhouse introduce three major intelligent platforms improve overall operational efficiency also enhance competitive advantage group using ai produce ai japan built fully automated mobile phone assembly line good example move towards ai face market concerns regarding impact geopolitics tariffs groups operations chairman liu said overall ict industry demand generally stable year response changes maintain close contact customers due comprehensive global layout make timely adjustments vertical integration diversified footprint close cooperation customers group maintain market leading position chairman liu predicted first year ai global demand sustained ai computing infrastructure capex major csps maintain strong growth year looking first quarter foxconns ai server revenue expected grow quarteronquarter yeartoyear gb enters mass production believe ai server revenue improve quarter quarter looking full year ai server revenue reach trilliondollar scale local currency terms accounting half groups total server share foxconn beenan important codevelopment partner new products major customers ensuring participate next generation upon next generation product development company also believes technical methods used deepseek accelerate popularization ai servers inference thereby driving increase overall computing power demand large enterprises csps highend ai servers complete network storage architectures still indispensable demand high end ai servers continue grow long run development edge ai gradually matures likely demand upgrading personal devices ai server training takes long time period failure ai server great impact training time even results foxconn always leading position terms quality stability market share conservative target confident continue strive higher market share regarding collaboration japanese automakers chairman liu said anticipates contract signing completed one two months time second half year model b north american variant model c expected enter mass production manufacturing factory electric bus scheduled complete certification third quarter expanding shipment capacity
ASML,https://www.euronews.com/business/2025/01/02/will-computer-chip-maker-asml-see-a-change-of-fortunes-in-2025 ,Positive,0.24343434343434348,"Radio Schuman This is Radio Schuman, your new go-to podcast to spice up your weekday mornings with relevant news, insights, and behind-the-scenes from Brussels and beyond. Brussels, My Love? From the economy to the climate and the EU's role in world affairs, this talk show sheds light on European affairs and the issues that impact on our daily lives as Europeans. Tune in to understand the ins and outs of European politics.  No Comment No agenda, no argument, no bias, No Comment. Get the story without commentary. My Wildest Prediction Dare to imagine the future with business and tech visionaries The Big Question Deep dive conversations with business leaders Euronews Tech Talks Euronews Tech Talks goes beyond discussions to explore the impact of new technologies on our lives. With explanations, engaging Q&As, and lively conversations, the podcast provides valuable insights into the intersection of technology and society. Water Matters Europe's water is under increasing pressure. Pollution, droughts, floods are taking their toll on our drinking water, lakes, rivers and coastlines. Join us on a journey around Europe to see why protecting ecosystems matters, how our wastewater can be better managed, and to discover some of the best water solutions.   Video reports, an animated explainer series and live debate - find out why Water Matters, from Euronews. Climate Now We give you the latest climate facts from the world’s leading source, analyse the trends and explain how our planet is changing. We meet the experts on the front line of climate change who explore new strategies to mitigate and adapt. Radio Schuman This is Radio Schuman, your new go-to podcast to spice up your weekday mornings with relevant news, insights, and behind-the-scenes from Brussels and beyond. Brussels, My Love? From the economy to the climate and the EU's role in world affairs, this talk show sheds light on European affairs and the issues that impact on our daily lives as Europeans. Tune in to understand the ins and outs of European politics.  No Comment No agenda, no argument, no bias, No Comment. Get the story without commentary. My Wildest Prediction Dare to imagine the future with business and tech visionaries The Big Question Deep dive conversations with business leaders Euronews Tech Talks Euronews Tech Talks goes beyond discussions to explore the impact of new technologies on our lives. With explanations, engaging Q&As, and lively conversations, the podcast provides valuable insights into the intersection of technology and society. Water Matters Europe's water is under increasing pressure. Pollution, droughts, floods are taking their toll on our drinking water, lakes, rivers and coastlines. Join us on a journey around Europe to see why protecting ecosystems matters, how our wastewater can be better managed, and to discover some of the best water solutions.   Video reports, an animated explainer series and live debate - find out why Water Matters, from Euronews. Climate Now We give you the latest climate facts from the world’s leading source, analyse the trends and explain how our planet is changing. We meet the experts on the front line of climate change who explore new strategies to mitigate and adapt. 
            The page you are looking for doesn't exist.",radio schuman radio schuman new goto podcast spice weekday mornings relevant news insights behindthescenes brussels beyond brussels love economy climate eus role world affairs talk show sheds light european affairs issues impact daily lives europeans tune understand ins outs european politics comment agenda argument bias comment get story without commentary wildest prediction dare imagine future business tech visionaries big question deep dive conversations business leaders euronews tech talks euronews tech talks goes beyond discussions explore impact new technologies lives explanations engaging qas lively conversations podcast provides valuable insights intersection technology society water matters europes water increasing pressure pollution droughts floods taking toll drinking water lakes rivers coastlines join us journey around europe see protecting ecosystems matters wastewater better managed discover best water solutions video reports animated explainer series live debate find water matters euronews climate give latest climate facts worlds leading source analyse trends explain planet changing meet experts front line climate change explore new strategies mitigate adapt radio schuman radio schuman new goto podcast spice weekday mornings relevant news insights behindthescenes brussels beyond brussels love economy climate eus role world affairs talk show sheds light european affairs issues impact daily lives europeans tune understand ins outs european politics comment agenda argument bias comment get story without commentary wildest prediction dare imagine future business tech visionaries big question deep dive conversations business leaders euronews tech talks euronews tech talks goes beyond discussions explore impact new technologies lives explanations engaging qas lively conversations podcast provides valuable insights intersection technology society water matters europes water increasing pressure pollution droughts floods taking toll drinking water lakes rivers coastlines join us journey around europe see protecting ecosystems matters wastewater better managed discover best water solutions video reports animated explainer series live debate find water matters euronews climate give latest climate facts worlds leading source analyse trends explain planet changing meet experts front line climate change explore new strategies mitigate adapt page looking doesnt exist
ASML ,https://markets.businessinsider.com/news/stocks/golden-goose-asml-in-danger-as-ai-boom-collides-with-trade-tariffs-1034599031 ,Error,,,
ASML ,https://ourbrand.asml.com/m/4911d1a455422b3f/original/Presentation-Investor-Relations-Q1-2025.pdf,Error,,,
ASML ,https://www.scmp.com/news/china/science/article/3308204/former-asml-head-scientist-lin-nan-drives-chinas-latest-euv-breakthrough,Positive,0.2528571428571429,"Chinese researchers have cracked a barrier to the home-grown production of advanced chips by building an extreme ultraviolet (EUV) light source platform that operates at internationally competitive parameters, according to a research paper.

Advertisement

The team, from the Chinese Academy of Sciences’ Shanghai Institute of Optics and Fine Mechanics, was led by Lin Nan, previously head of light source technology at ASML in the Netherlands.

ASML , the world’s only manufacturer of EUV machines – which are critical for producing chips with nodes below seven nanometres – has been prohibited from selling its most advanced models to China since 2019, thanks to pressure from the US.

In a call to investors on April 16, ASML chief executive Christophe Fouquet said that it was “always possible to generate some EUV light, but it would take many, many years for China to make an EUV machine”.

Lin returned to China in 2021 as part of the country’s overseas high-level recruitment drive and founded the advanced photolithography technology research group that was responsible for the paper.

Advertisement

Before joining ASML, Lin was mentored by Anne L’Huillier, winner of the 2023 Nobel Prize for physics and a member of the Royal Swedish Academy of Sciences, as part of a scholarship awarded by the European Union’s Marie Sklodowska-Curie Actions programme.",chinese researchers cracked barrier homegrown production advanced chips building extreme ultraviolet euv light source platform operates internationally competitive parameters according research paper advertisement team chinese academy sciences shanghai institute optics fine mechanics led lin nan previously head light source technology asml netherlands asml worlds manufacturer euv machines critical producing chips nodes seven nanometres prohibited selling advanced models china since thanks pressure us call investors april asml chief executive christophe fouquet said always possible generate euv light would take many many years china make euv machine lin returned china part countrys overseas highlevel recruitment drive founded advanced photolithography technology research group responsible paper advertisement joining asml lin mentored anne lhuillier winner nobel prize physics member royal swedish academy sciences part scholarship awarded european unions marie sklodowskacurie actions programme
ASML ,https://www.scmp.com/news/china/diplomacy/article/3306481/dutch-exports-china-tumble-chip-machine-giant-asml-clears-back-orders-amid-us-bans,Positive,0.12095652173913041,"Dutch exports to China dropped dramatically in March, a sign that shipments from ASML Holding – the world leader in the producer of lithography equipment used to make semiconductors – neared clearing a backlog of orders from China.

Advertisement

Under restrictions adopted by the Dutch government under pressure from Washington, ASML is not permitted to sell its most advanced equipment to Chinese buyers. But for almost two years, massive purchases of its lower-end products have pushed Dutch shipments to China through the roof, bucking a broader trend of falling Chinese demand for European goods.

The trend suggested Chinese buyers were stocking up on the equipment before such sales would be eventually outlawed due to Washington-enforced restrictions

In March, however, exports fell by 10.4 per cent compared to a year earlier in value terms, according to statistics released by China’s customs agency on Monday. As recently as December, January and February, the trade was growing strongly, with Dutch exports to the world’s second largest economy soaring 11 per cent over the course of 2024.

The drop, however, was not fully unexpected. In a video interview in January for the release of the Dutch tech giant’s year-end financial results, CEO Christophe Fouquet said the company would soon have cleared its backlog of orders from China.

Advertisement

“We had a lot of discussion about China in 2023-2024 because our revenue in China was extremely high. We have explained that this was caused by the fact that we are still working on some backlog created in 2022, when our capacity was not big enough to fulfil the whole market,” Fouquet said.

“2025 will be a year where we see China going back to a more normal ratio in our business. So I think we’re going to see again numbers people used to see before 2023,” he added.",dutch exports china dropped dramatically march sign shipments asml holding world leader producer lithography equipment used make semiconductors neared clearing backlog orders china advertisement restrictions adopted dutch government pressure washington asml permitted sell advanced equipment chinese buyers almost two years massive purchases lowerend products pushed dutch shipments china roof bucking broader trend falling chinese demand european goods trend suggested chinese buyers stocking equipment sales would eventually outlawed due washingtonenforced restrictions march however exports fell per cent compared year earlier value terms according statistics released chinas customs agency monday recently december january february trade growing strongly dutch exports worlds second largest economy soaring per cent course drop however fully unexpected video interview january release dutch tech giants yearend financial results ceo christophe fouquet said company would soon cleared backlog orders china advertisement lot discussion china revenue china extremely high explained caused fact still working backlog created capacity big enough fulfil whole market fouquet said year see china going back normal ratio business think going see numbers people used see added
ASML,https://www.reuters.com/technology/dutch-chipmaker-asml-warns-tough-2025-ahead-2024-04-17/,Error,,,
ASML,https://www.cnbc.com/2024/04/17/dutch-chip-giant-asml-reports-27percent-drop-in-net-sales.html,Positive,0.18333333333333332,"Got a confidential news tip? We want to hear from you. Sign up for free newsletters and get more CNBC delivered to your inbox Get this delivered to your inbox, and more info about our products and services. © 2025 CNBC LLC. All Rights Reserved. A Division of NBCUniversal 
      Data is a real-time snapshot *Data is delayed at least 15 minutes.
      Global Business and Financial News, Stock Quotes, and Market Data
      and Analysis.
     Data also provided by",got confidential news tip want hear sign free newsletters get cnbc delivered inbox get delivered inbox info products services cnbc llc rights reserved division nbcuniversal data realtime snapshot data delayed least minutes global business financial news stock quotes market data analysis data also provided
ASML,https://www.wsj.com/articles/asml-reports-weaker-than-expected-q1-2025-earnings-as-chip-demand-softens-58d21a61,Error,,,
ASML,https://asia.nikkei.com/Business/Tech/Semiconductors/ASML-sees-weakness-in-China-demand-amid-ongoing-tech-controls,Neutral,0.0,Here are some helpful links instead: Home page | Search | Contact Us,helpful links instead home page search contact us
ASML ,https://www.bloomberg.com/news/articles/2025-04-18/asml-faces-longer-challenges-in-china-us-tech-battle,Positive,0.31666666666666665,"To continue, please click the box below to let us know you're not a robot. Please make sure your browser supports JavaScript and cookies and that you are not
                    blocking them from loading.
                    For more information you can review our Terms of Service 
                    and Cookie Policy. For inquiries related to this message please contact
                        our support team and provide the reference ID below. Get the most important global markets news at your fingertips with a Bloomberg.com subscription.",continue please click box let us know youre robot please make sure browser supports javascript cookies blocking loading information review terms service cookie policy inquiries related message please contact support team provide reference id get important global markets news fingertips bloombergcom subscription
ASML ,https://www.investing.com/news/company-news/asml-q1-2025-slides-strong-margins-amid-shifting-regional-demand-patterns-93CH-3987188,Error,,,
NVIDIA ,https://www.onesafe.io/blog/nvidia-ai-dominance-geopolitical-tensions-fintech-disruption  ,Error,,,
NVIDIA ,https://manufacturing-today.com/news/nvidia-to-invest-billions-in-u-s-manufacturing-over-four-years/ ,Positive,0.1415377176015474,"Subscribe to our free newsletter today to keep up-to-date with the latest manufacturing news.

Nvidia has made a major announcement that is set to reshape the future of US manufacturing. The company revealed plans to invest several hundred billion dollars into US-based semiconductor and electronics production over the next four years.

CEO Jensen Huang emphasized that this strategic shift is driven by the need to safeguard Nvidia’s supply chain, which has been vulnerable to geopolitical risks, especially those tied to Taiwan’s semiconductor industry. The move also aligns with broader US ambitions to bring more high-tech manufacturing back to American soil.

Nvidia’s Vision for the Future of US Chip Production

At the heart of Nvidia’s vision is the creation of a robust semiconductor manufacturing ecosystem within the US. Huang’s plan includes establishing new production lines and expanding existing partnerships with industry heavyweights like Taiwan Semiconductor Manufacturing Company (TSMC) and Foxconn Technology Group.

“Overall, we will procure, over the course of the next four years, probably half a trillion dollars worth of electronics in total,” Huang told the Financial Times. “Having the support of an administration who cares about the success of this industry and not allowing energy to be an obstacle is a phenomenal result for AI in the U.S.,” he commented.

This new strategy marks a significant departure from Nvidia’s earlier reliance on overseas facilities, particularly those in Taiwan, to manufacture critical components. The scale of Nvidia’s investment is staggering, as the company looks to position the United States as a central hub for the production of advanced computing hardware, particularly those used in AI and data centers, where Nvidia holds a dominant position in the market.

With concerns over Taiwan’s security have risen, especially as China increases its assertiveness in the region. Taiwan, home to TSMC, has long been the backbone of the global semiconductor industry, yet its strategic importance has made it a potential flashpoint for international conflict.

Another critical factor influencing Nvidia’s decision is the role of US trade policies and economic unpredictability, particularly under the Trump administration. The shift toward a more protectionist stance, encapsulated in the “America First” agenda, led many tech companies to reconsider their global supply chains.

In conclusion, Nvidia’s decision to invest hundreds of billions of dollars in US manufacturing is a game-changing move that has the potential to reshape the landscape of global tech production. By bringing more semiconductor manufacturing back to the US, Nvidia is contributing to the broader goal of boosting American tech innovation and economic growth.

Sources:",subscribe free newsletter today keep uptodate latest manufacturing news nvidia made major announcement set reshape future us manufacturing company revealed plans invest several hundred billion dollars usbased semiconductor electronics production next four years ceo jensen huang emphasized strategic shift driven need safeguard nvidias supply chain vulnerable geopolitical risks especially tied taiwans semiconductor industry move also aligns broader us ambitions bring hightech manufacturing back american soil nvidias vision future us chip production heart nvidias vision creation robust semiconductor manufacturing ecosystem within us huangs plan includes establishing new production lines expanding existing partnerships industry heavyweights like taiwan semiconductor manufacturing company tsmc foxconn technology group overall procure course next four years probably half trillion dollars worth electronics total huang told financial times support administration cares success industry allowing energy obstacle phenomenal result ai us commented new strategy marks significant departure nvidias earlier reliance overseas facilities particularly taiwan manufacture critical components scale nvidias investment staggering company looks position united states central hub production advanced computing hardware particularly used ai data centers nvidia holds dominant position market concerns taiwans security risen especially china increases assertiveness region taiwan home tsmc long backbone global semiconductor industry yet strategic importance made potential flashpoint international conflict another critical factor influencing nvidias decision role us trade policies economic unpredictability particularly trump administration shift toward protectionist stance encapsulated america first agenda led many tech companies reconsider global supply chains conclusion nvidias decision invest hundreds billions dollars us manufacturing gamechanging move potential reshape landscape global tech production bringing semiconductor manufacturing back us nvidia contributing broader goal boosting american tech innovation economic growth sources
NVIDIA ,https://www.ainvest.com/news/nvidia-5-5-billion-charge-crossroads-geopolitics-tech-dominance-2504/,Positive,0.06641509433962263,"The Financial Fallout: A $5.5B Write-Off and Its Implications

NVIDIA’s announcement of a $5.5 billion charge in Q1 2026 financial results marks one of the most significant single-quarter financial hits in the company’s history. The write-down stems directly from U.S. export restrictions on its H20 AI chips, which now require licenses to ship to China, Hong Kong, Macau, and other designated countries. This move, finalized in April 2025, forced NVIDIA to reassess its inventory, purchase commitments, and reserves tied to the H20—a chip designed to comply with earlier U.S. export rules but now caught in an escalating geopolitical battle.

The immediate impact was stark: NVIDIA’s stock fell 6% in after-hours trading, reflecting investor anxiety over lost revenue and supply chain disruptions. However, the company’s robust financial health—highlighted by a current ratio of 4.44 and 114% YoY revenue growth—suggests the charge is a one-time hit rather than a death knell.

Geopolitical Chess: U.S.-China Tensions and the AI Arms Race

The H20 chip, while stripped of some capabilities to meet prior export thresholds, remains a critical component for China’s AI infrastructure. Chinese tech giants like Tencent, Alibaba, and ByteDance had pre-ordered $16 billion worth of H20 chips to power AI models such as DeepSeek’s R1. The sudden licensing requirement undermines those plans, leaving NVIDIA scrambling to pivot.

The U.S. government’s rationale—preventing advanced chips from aiding China’s military or supercomputing efforts—has drawn criticism from NVIDIA CEO Jensen Huang, who argues that nearly half of global AI researchers are Chinese, many working in U.S. labs. This tension underscores a broader paradox: the U.S. seeks to curb China’s technological progress while relying on its talent and markets.

Politically, the Trump administration’s delayed crackdown on H20 exports after NVIDIA pledged a $500 billion U.S. AI infrastructure investment with TSMC highlights the interplay between corporate lobbying and policy. The move, praised by the White House as a win for domestic manufacturing, also reflects bureaucratic hurdles: the Bureau of Industry and Security (BIS) faces staffing shortages, delaying enforcement and creating regulatory limbo.

Market Realities: China’s Role and NVIDIA’s Adaptations

China represents NVIDIA’s fourth-largest market, trailing only the U.S., Singapore, and Taiwan. Since 2022 export controls, its China revenue has halved, with Huawei now directly competing in AI chips. The H20 write-off amplifies these challenges, but NVIDIA is hedging its bets with its newer Blackwell architecture—a chip generation not subject to current restrictions.

The company’s $500 billion AI data center investment in the U.S., announced alongside TSMC, signals a strategic pivot to insulate itself from trade wars. However, this move risks alienating China’s tech ecosystem, where H20’s performance still outshines domestic alternatives. Analysts warn that prolonged restrictions could accelerate China’s chip self-reliance, eroding NVIDIA’s long-term market share.

Data-Driven Outlook: Risks and Opportunities

Financial Resilience : NVIDIA’s strong balance sheet (cash reserves of $26.4 billion as of Q4 2025) buffers it against short-term shocks. The $5.5 billion charge is equivalent to ~14% of its trailing 12-month revenue, but its 45% gross margin provides a cushion.

: NVIDIA’s strong balance sheet (cash reserves of $26.4 billion as of Q4 2025) buffers it against short-term shocks. The $5.5 billion charge is equivalent to ~14% of its trailing 12-month revenue, but its 45% gross margin provides a cushion. Revenue Shifts : While China sales have declined, the U.S. now accounts for 53% of revenue, driven by AI adoption in sectors like healthcare and autonomous vehicles.

: While China sales have declined, the U.S. now accounts for 53% of revenue, driven by AI adoption in sectors like healthcare and autonomous vehicles. Competitive Landscape: Huawei’s Ascend 910B and Baidu’s Kunlun chips pose growing threats in China, but NVIDIA’s ecosystem dominance (CUDA, Omniverse) remains a moat.

Conclusion: A Pivotal Moment for NVIDIA’s Global Strategy

NVIDIA’s $5.5 billion charge is a symptom of the escalating U.S.-China tech cold war, not a terminal illness. The company’s agility in pivoting to U.S. infrastructure and newer chip architectures like Blackwell positions it to weather near-term headwinds. However, the path forward hinges on three critical factors:

Regulatory Uncertainty: The indefinite licensing requirement for H20 creates a prolonged risk. If the U.S. tightens rules further—such as with upcoming “AI diffusion” restrictions—NVIDIA’s China revenue could shrink further. Market Diversification: Success in the U.S. AI data center market (projected to grow at 33% CAGR through 2030) will offset China losses, but execution risks remain. Technological Edge: Competing with China’s state-backed chipmakers requires constant innovation. NVIDIA’s R&D spending (17% of revenue in 2024) must stay aggressive.

Investors should monitor NVIDIA’s Q1 2026 earnings (May 28) for updates on H20 inventory liquidation and Blackwell adoption. While the $5.5 billion charge is a painful reminder of geopolitical risks, NVIDIA’s blend of financial strength, ecosystem control, and strategic pivots positions it to remain a tech titan—even in turbulent waters.",financial fallout b writeoff implications nvidias announcement billion charge q financial results marks one significant singlequarter financial hits companys history writedown stems directly us export restrictions h ai chips require licenses ship china hong kong macau designated countries move finalized april forced nvidia reassess inventory purchase commitments reserves tied ha chip designed comply earlier us export rules caught escalating geopolitical battle immediate impact stark nvidias stock fell afterhours trading reflecting investor anxiety lost revenue supply chain disruptions however companys robust financial healthhighlighted current ratio yoy revenue growthsuggests charge onetime hit rather death knell geopolitical chess uschina tensions ai arms race h chip stripped capabilities meet prior export thresholds remains critical component chinas ai infrastructure chinese tech giants like tencent alibaba bytedance preordered billion worth h chips power ai models deepseeks r sudden licensing requirement undermines plans leaving nvidia scrambling pivot us governments rationalepreventing advanced chips aiding chinas military supercomputing effortshas drawn criticism nvidia ceo jensen huang argues nearly half global ai researchers chinese many working us labs tension underscores broader paradox us seeks curb chinas technological progress relying talent markets politically trump administrations delayed crackdown h exports nvidia pledged billion us ai infrastructure investment tsmc highlights interplay corporate lobbying policy move praised white house win domestic manufacturing also reflects bureaucratic hurdles bureau industry security bis faces staffing shortages delaying enforcement creating regulatory limbo market realities chinas role nvidias adaptations china represents nvidias fourthlargest market trailing us singapore taiwan since export controls china revenue halved huawei directly competing ai chips h writeoff amplifies challenges nvidia hedging bets newer blackwell architecturea chip generation subject current restrictions companys billion ai data center investment us announced alongside tsmc signals strategic pivot insulate trade wars however move risks alienating chinas tech ecosystem hs performance still outshines domestic alternatives analysts warn prolonged restrictions could accelerate chinas chip selfreliance eroding nvidias longterm market share datadriven outlook risks opportunities financial resilience nvidias strong balance sheet cash reserves billion q buffers shortterm shocks billion charge equivalent trailing month revenue gross margin provides cushion nvidias strong balance sheet cash reserves billion q buffers shortterm shocks billion charge equivalent trailing month revenue gross margin provides cushion revenue shifts china sales declined us accounts revenue driven ai adoption sectors like healthcare autonomous vehicles china sales declined us accounts revenue driven ai adoption sectors like healthcare autonomous vehicles competitive landscape huaweis ascend b baidus kunlun chips pose growing threats china nvidias ecosystem dominance cuda omniverse remains moat conclusion pivotal moment nvidias global strategy nvidias billion charge symptom escalating uschina tech cold war terminal illness companys agility pivoting us infrastructure newer chip architectures like blackwell positions weather nearterm headwinds however path forward hinges three critical factors regulatory uncertainty indefinite licensing requirement h creates prolonged risk us tightens rules furthersuch upcoming ai diffusion restrictionsnvidias china revenue could shrink market diversification success us ai data center market projected grow cagr offset china losses execution risks remain technological edge competing chinas statebacked chipmakers requires constant innovation nvidias rd spending revenue must stay aggressive investors monitor nvidias q earnings may updates h inventory liquidation blackwell adoption billion charge painful reminder geopolitical risks nvidias blend financial strength ecosystem control strategic pivots positions remain tech titaneven turbulent waters
NVIDIA ,https://www.supplychainbrain.com/articles/41404-nvidia-bets-on-us-as-global-chip-race-heats-up,Positive,0.08763392857142856,"Chipmaker Nvidia is planning to pour hundreds of billions of dollars into its semiconductor and electronics supply chain in the U.S. over the next four years.

In an interview with Financial Times, Nvidia CEO and co-founder Jensen Huang explained how the company is looking to capitalize on the Trump administration's ""America First"" approach to manufacturing, especially as China-based tech company Huawei has grown into a dominant global force in the semiconductor sector. Huang also expressed a need to ensure that his company's supply chain is resilient enough to withstand any potential interruptions to supplies out of Taiwan, be it tariffs or natural disasters.

Read More: Taiwan Quake Was a Lesson in Resiliency for the Global Supply Chain

""The most important thing is to be prepared,” he said. “At this point, we know that we can manufacture in the U.S. — we have a sufficiently diversified supply chain.""

Addressing Huawei's rapid expansion in recent years, Huang asserted that it has become the ""single most formidable technology company in China."" According to research from the Mercator Institute for China Studies — a nonprofit German think tank — Huawei has consistently received tens of billions of dollars worth government subsidies dating back to 2009, allowing it to grow out of its initial mandate as a telecom firm, and expand out into the artificial intelligence, semiconductor and software spaces, all while building a self-sufficient supply chain for chip manufacturing in China.

Other companies have similarly sought to increase their chipmaker capacity in the U.S. over the last year. In April 2024, Taiwan Semiconductor Manufacturing Company (TSMC) received $6.6 billion in subsidies from the Biden administration to build three advanced chip facilities in Arizona. Less than a year later, Apple unveiled plans to spend $500 billion over the next four years to expand its domestic workforce, data center capacity and production of advanced silicon chips.",chipmaker nvidia planning pour hundreds billions dollars semiconductor electronics supply chain us next four years interview financial times nvidia ceo cofounder jensen huang explained company looking capitalize trump administrations america first approach manufacturing especially chinabased tech company huawei grown dominant global force semiconductor sector huang also expressed need ensure companys supply chain resilient enough withstand potential interruptions supplies taiwan tariffs natural disasters read taiwan quake lesson resiliency global supply chain important thing prepared said point know manufacture us sufficiently diversified supply chain addressing huaweis rapid expansion recent years huang asserted become single formidable technology company china according research mercator institute china studies nonprofit german think tank huawei consistently received tens billions dollars worth government subsidies dating back allowing grow initial mandate telecom firm expand artificial intelligence semiconductor software spaces building selfsufficient supply chain chip manufacturing china companies similarly sought increase chipmaker capacity us last year april taiwan semiconductor manufacturing company tsmc received billion subsidies biden administration build three advanced chip facilities arizona less year later apple unveiled plans spend billion next four years expand domestic workforce data center capacity production advanced silicon chips
NVIDIA ,https://blogs.nvidia.com/blog/nvidia-manufacture-american-made-ai-supercomputers-us/,Positive,0.12026936026936026,"NVIDIA is working with its manufacturing partners to design and build factories that, for the first time, will produce NVIDIA AI supercomputers entirely in the U.S.

Together with leading manufacturing partners, the company has commissioned more than a million square feet of manufacturing space to build and test NVIDIA Blackwell chips in Arizona and AI supercomputers in Texas.

NVIDIA Blackwell chips have started production at TSMC’s chip plants in Phoenix, Arizona. NVIDIA is building supercomputer manufacturing plants in Texas, with Foxconn in Houston and with Wistron in Dallas. Mass production at both plants is expected to ramp up in the next 12-15 months.

The AI chip and supercomputer supply chain is complex and demands the most advanced manufacturing, packaging, assembly and test technologies. NVIDIA is partnering with Amkor and SPIL for packaging and testing operations in Arizona.

Within the next four years, NVIDIA plans to produce up to half a trillion dollars of AI infrastructure in the United States through partnerships with TSMC, Foxconn, Wistron, Amkor and SPIL. These world-leading companies are deepening their partnership with NVIDIA, growing their businesses while expanding their global footprint and hardening supply chain resilience.

NVIDIA AI supercomputers are the engines of a new type of data center created for the sole purpose of processing artificial intelligence — AI factories that are the infrastructure powering a new AI industry. Tens of “gigawatt AI factories” are expected to be built in the coming years. Manufacturing NVIDIA AI chips and supercomputers for American AI factories is expected to create hundreds of thousands of jobs and drive trillions of dollars in economic security over the coming decades.

“The engines of the world’s AI infrastructure are being built in the United States for the first time,” said Jensen Huang, founder and CEO of NVIDIA. “Adding American manufacturing helps us better meet the incredible and growing demand for AI chips and supercomputers, strengthens our supply chain and boosts our resiliency.”

The company will utilize its advanced AI, robotics and digital twin technologies to design and operate the facilities, including NVIDIA Omniverse to create digital twins of factories and NVIDIA Isaac GR00T to build robots to automate manufacturing.",nvidia working manufacturing partners design build factories first time produce nvidia ai supercomputers entirely us together leading manufacturing partners company commissioned million square feet manufacturing space build test nvidia blackwell chips arizona ai supercomputers texas nvidia blackwell chips started production tsmcs chip plants phoenix arizona nvidia building supercomputer manufacturing plants texas foxconn houston wistron dallas mass production plants expected ramp next months ai chip supercomputer supply chain complex demands advanced manufacturing packaging assembly test technologies nvidia partnering amkor spil packaging testing operations arizona within next four years nvidia plans produce half trillion dollars ai infrastructure united states partnerships tsmc foxconn wistron amkor spil worldleading companies deepening partnership nvidia growing businesses expanding global footprint hardening supply chain resilience nvidia ai supercomputers engines new type data center created sole purpose processing artificial intelligence ai factories infrastructure powering new ai industry tens gigawatt ai factories expected built coming years manufacturing nvidia ai chips supercomputers american ai factories expected create hundreds thousands jobs drive trillions dollars economic security coming decades engines worlds ai infrastructure built united states first time said jensen huang founder ceo nvidia adding american manufacturing helps us better meet incredible growing demand ai chips supercomputers strengthens supply chain boosts resiliency company utilize advanced ai robotics digital twin technologies design operate facilities including nvidia omniverse create digital twins factories nvidia isaac grt build robots automate manufacturing
NVIDIA ,https://www.investopedia.com/nvidia-considers-massive-us-supply-chain-expansion-report-says-11700284,Positive,0.0850888030888031,"KEY TAKEAWAYS Nvidia could spend ""several hundred billion"" dollars on chips and other electronics to be made in the U.S. over the next four years, CEO Jensen Huang said in an interview with the Financial Times.

Nvidia announced plans to launch its Blackwell ultra chips at its GTC conference earlier this week, as well as its Rubin Ultra in 2027, though a highly anticipated keynote by Huang failed to spike the stock.

Huang’s comments come as President Donald Trump’s administration pushes for more goods, especially of semiconductors, to be made domestically.



Nvidia (NVDA) could spend ""several hundred billion"" dollars on making chips and other electronics in the U.S. over the next four years, CEO Jensen Huang said in an interview with the Financial Times, becoming the latest company to consider plans to expand in the country as the Trump administration pushes forward with tariffs.

Nvidia “will procure, over the course of the next four years, probably half a trillion dollars worth of electronics in total,” Huang told the FT in an interview. He went on to say, ""I think we can easily see ourselves manufacturing several hundred billion of it here in the U.S.""

The CEO of the leading artificial intelligence chipmaker told the FT that supplier Taiwan Semiconductor Manufacturing Co. (TSM) ""investing in the U.S. provides for a substantial step up in our supply chain resilience.” He also called Huawei ""the single most formidable technology company"" in its key China market, according to the newspaper.

Huang’s comments come as President Donald Trump’s administration pushes for more goods, especially of semiconductors, to be made domestically. Last month, Apple (AAPL) announced plans to spend more than $500 billion in the U.S. over the next four years.

Nvidia is in the midst of its week-long GTC conference, where the company said its Blackwell Ultra chips will launch later this year, followed by its next-generation Vera Rubin platform in 2026, and Rubin Ultra in 2027. Huang's highly anticipated GTC keynote failed to deliver a significant share price boost, however.

Nvidia shares are falling less than 1% premarket trading and have lost more than 12% of their value this year entering Thursday.",key takeaways nvidia could spend several hundred billion dollars chips electronics made us next four years ceo jensen huang said interview financial times nvidia announced plans launch blackwell ultra chips gtc conference earlier week well rubin ultra though highly anticipated keynote huang failed spike stock huangs comments come president donald trumps administration pushes goods especially semiconductors made domestically nvidia nvda could spend several hundred billion dollars making chips electronics us next four years ceo jensen huang said interview financial times becoming latest company consider plans expand country trump administration pushes forward tariffs nvidia procure course next four years probably half trillion dollars worth electronics total huang told ft interview went say think easily see manufacturing several hundred billion us ceo leading artificial intelligence chipmaker told ft supplier taiwan semiconductor manufacturing co tsm investing us provides substantial step supply chain resilience also called huawei single formidable technology company key china market according newspaper huangs comments come president donald trumps administration pushes goods especially semiconductors made domestically last month apple aapl announced plans spend billion us next four years nvidia midst weeklong gtc conference company said blackwell ultra chips launch later year followed nextgeneration vera rubin platform rubin ultra huangs highly anticipated gtc keynote failed deliver significant share price boost however nvidia shares falling less premarket trading lost value year entering thursday
NVIDIA ,https://intelligence.supplyframe.com/nvidia-reshaping-semiconductor-supply-chain/,Positive,0.17988132557098072,"Nvidia resides at the cutting edge of chip technology, with its AI graphics processing units (GPUs) pushing the envelope of chip design, manufacturing, and packaging. However, the semiconductor supply chain hasn’t kept pace with Nvidia’s rapid advancements, leading to shortages and soaring prices for its data center AI GPUs.

To help its suppliers stay current, Nvidia is bringing its own technology to different supply chain nodes. At Nvidia’s annual GTC event in mid-March, the company outlined how it is working with partners, including TSMC, Cadence, and Synopsys, to leverage generative AI to develop new GPUs, advancing the company’s initiative to democratize the technology’s benefits.

New Innovations for The Entire Supply Chain

These efforts stand to benefit the electronics supply chain considerably. In his GTC keynote address, Nvidia CEO Jensen Huang noted that his company has already been able to exceed the trajectory of Moore’s Law.

The company’s newest flagship GPU for data center AI acceleration, the Blackwell, illustrates this rapid progress. Compared to its predecessor, the H100, the A100 sports 128 billion more transistors, four times the memory, and a fivefold increase in performance.

By leveraging generative AI, Nvidia is helping its suppliers to enable further advances. For an electronics supply chain stressed by the demand for sophisticated AI accelerators, these advances could be game-changing.

At GTC, Huang discussed a partnership with leading foundry TSMC and EDA vendor Synopsys to use generative AI in computational lithography. GPUs can accelerate inverse lithography by a factor of 40, reducing time, cost, and uncertainty in semiconductor manufacturing.

The technology also promises to accelerate the pace of semiconductor scaling, allowing chip manufacturing to keep pace with innovations in GPU design.

Nvidia also announced that EDA firm Cadence has integrated its digital twin platform with Nvidia’s Omniverse platform to accelerate data center design and simulation workflows by 30 times. Omniverse provides a virtual reality interface that can be used to create and link digital twins.

In another development that has major ramifications for the supply chain, Nvidia announced the Blackwell will employ a chiplet approach, with two separate GPU dice combined in a single package. The Blackwell represents Nvidia’s first chiplet design and follows the lead of AMD and Intel, which have employed this technology for their latest AI accelerators.

The packaging industry is gearing up to accommodate this rising demand, as noted by Commodity IQ.

How the Packaging Industry is Keeping Pace

The increasing sales of advanced packaging are coming at a time when costs are increasing for polyethylene (PE) and polypropylene (PP) used to produce plastic resins for chip containers.PE producers plan to hike PE prices by at least $0.03 per pound in March, while PP suppliers aim to boost contract prices by $0.02 to $0.03 per pound.

For buyers of cutting-edge semiconductors like AI GPUs and microprocessors, Nvidia’s moves to accelerate chip development using generative AI will lead to faster development, improved availability and more affordable prices for high-demand chips. With Nvidia’s H100 now selling in the $30,000 range, such price relief would represent a welcome change.

Meanwhile, the company’s embrace of a chiplet design will continue to place pressure on pricing for advanced packaging as strong demand fuels rising prices.",nvidia resides cutting edge chip technology ai graphics processing units gpus pushing envelope chip design manufacturing packaging however semiconductor supply chain hasnt kept pace nvidias rapid advancements leading shortages soaring prices data center ai gpus help suppliers stay current nvidia bringing technology different supply chain nodes nvidias annual gtc event midmarch company outlined working partners including tsmc cadence synopsys leverage generative ai develop new gpus advancing companys initiative democratize technologys benefits new innovations entire supply chain efforts stand benefit electronics supply chain considerably gtc keynote address nvidia ceo jensen huang noted company already able exceed trajectory moores law companys newest flagship gpu data center ai acceleration blackwell illustrates rapid progress compared predecessor h sports billion transistors four times memory fivefold increase performance leveraging generative ai nvidia helping suppliers enable advances electronics supply chain stressed demand sophisticated ai accelerators advances could gamechanging gtc huang discussed partnership leading foundry tsmc eda vendor synopsys use generative ai computational lithography gpus accelerate inverse lithography factor reducing time cost uncertainty semiconductor manufacturing technology also promises accelerate pace semiconductor scaling allowing chip manufacturing keep pace innovations gpu design nvidia also announced eda firm cadence integrated digital twin platform nvidias omniverse platform accelerate data center design simulation workflows times omniverse provides virtual reality interface used create link digital twins another development major ramifications supply chain nvidia announced blackwell employ chiplet approach two separate gpu dice combined single package blackwell represents nvidias first chiplet design follows lead amd intel employed technology latest ai accelerators packaging industry gearing accommodate rising demand noted commodity iq packaging industry keeping pace increasing sales advanced packaging coming time costs increasing polyethylene pe polypropylene pp used produce plastic resins chip containerspe producers plan hike pe prices least per pound march pp suppliers aim boost contract prices per pound buyers cuttingedge semiconductors like ai gpus microprocessors nvidias moves accelerate chip development using generative ai lead faster development improved availability affordable prices highdemand chips nvidias h selling range price relief would represent welcome change meanwhile companys embrace chiplet design continue place pressure pricing advanced packaging strong demand fuels rising prices
NVIDIA ,https://www.forbes.com/sites/greatspeculations/2024/02/28/with-a-2-trillion-valuation-what-are-the-risks-for-nvidia-stock/,Positive,0.0769675943104515,"ByTrefis Team  ByTrefis Team,  Contributor.  A binary code displayed on a laptop screen and Nvidia logo displayed on a phone screen are seen in ... More this multiple exposure illustration photo taken in Krakow, Poland on February 25, 2024. (Photo by Jakub Porzycki/NurPhoto via Getty Images) Nvidia (NASDAQ: NVDA) stock has rallied by almost 3.3x over the past 12 months to about $790 per share, taking Nvidia’s market cap near the vaunted $2 trillion mark. There’s a lot of reason for the optimism with Nvidia stock. As the artificial intelligence arms race gathers pace, technology companies and developers scramble to buy high-end graphics units to deploy generative AI into their applications and software. Nvidia currently dominates the market for AI silicon with chips including the A100 and H100 tailor-made for AI applications. Nvidia’s earnings have also soared accordingly. The company saw revenue for Q4 FY’24 grow by 265% year-over-year to $22.1 billion, while net income surged to $12.3 billion, up from $1.4 billion in the year-ago period. Nvidia’s chips are also meaningfully ahead of rivals such as AMD and Google’s
GOOG
 Tensor processing units in terms of performance at the moment. The company has also built an ecosystem around its AI tools, with its programming languages, and software, which are helping the company drive incremental sales and lock in customers. These software tools, coupled with higher economies of scale, are enabling the company to post record-high margins. Gross margins stood at a lofty 76% in the most recent quarter, up from about 63% in the year-ago period. Net margins stood at an incredible 55% in Q4. Looking at a slightly longer period, NVDA stock has seen extremely strong gains of 510% from levels of $130 in early January 2021 to around $790 now, vs. an increase of about 35% for the S&P 500 over this roughly 3-year period. However, the increase in NVDA stock has been far from consistent. Returns for the stock were 125% in 2021, -50% in 2022, and 239% in 2023. In comparison, returns for the S&P 500 have been 27% in 2021, -19% in 2022, and 24% in 2023 - indicating that NVDA underperformed the S&P in 2022. In fact, consistently beating the S&P 500 - in good times and bad - has been difficult over recent years for individual stocks; for other heavyweights in the Information Technology sector including MSFT, AAPL, and AVGO, and even for the megacap stars GOOG, TSLA, and AMZN. In contrast, the Trefis High Quality Portfolio, with a collection of 30 stocks, has outperformed the S&P 500 each year over the same period. Why is that? As a group, HQ Portfolio stocks provided better returns with less risk versus the benchmark index; less of a roller-coaster ride as evident in HQ Portfolio performance metrics. Given the current uncertain macroeconomic environment with high oil prices and elevated interest rates, could NVDA face a similar situation as it did in 2022 and underperform the S&P over the next 12 months - or will it see a strong jump? Looking at Nvidia’s valuation, the stock now trades at about 36x consensus 2025 earnings and 29x 2026 earnings. This is not an unreasonable multiple, considering Nvidia’s heady growth. That said, there are risks as well. Firstly, the big surge in GPU demand that we are currently seeing could potentially ease, as the initial training phase of AI large language models slows down. After the training of models, the phase of utilizing these models could shift toward lower-power requirements, or potentially even on-device capabilities, reducing demand growth for GPUs. Moreover, competition in the market could also mount with players such as AMD investing considerably to catch up in this space given the high stakes. Additionally, big tech players such as Google, Microsoft
MSFT
, and Amazon
AMZN
 are also doubling down on developing their own AI and machine learning-related silicon. This could also pose a risk for Nvidia, as the big tech players remain the company’s largest customers. Over FY’24, the company indicated that a single customer (which was not named) accounted for 13% of its overall revenue. Big tech players could eventually slow their capex on AI-related infrastructure, as they move toward a phase of figuring out how to monetize their new capabilities. Nvidia is also not immune to the geopolitics of the chip business. Given the strategic importance of AI, the U.S. government has been regulating the sales of some key products in markets such as China and the Middle East. While Nvidia has designed chips that work around these rules, further regulations could adversely impact the company’s business. Moreover, geopolitical issues could also disrupt the company’s supply chain. At the moment the supply of Nvidia GPUs is almost entirely reliant on Taiwan-based TSMC. Taiwan has faced mounting tensions in recent years with China, which has been asserting that Taiwan is part of its territory. We value NVDA at about $731 per share, about 7% below the market price. See our analysis on Nvidia Valuation: Is NVDA Stock Expensive Or Cheap? for more details on what’s driving our price estimate for NVDA stock. NVDA Return Compared With Trefis Reinforced Portfolio  Invest with Trefis Market Beating Portfolios See all Trefis Price Estimates",bytrefis team bytrefis team contributor binary code displayed laptop screen nvidia logo displayed phone screen seen multiple exposure illustration photo taken krakow poland february photo jakub porzyckinurphoto via getty images nvidia nasdaq nvda stock rallied almost x past months per share taking nvidias market cap near vaunted trillion mark theres lot reason optimism nvidia stock artificial intelligence arms race gathers pace technology companies developers scramble buy highend graphics units deploy generative ai applications software nvidia currently dominates market ai silicon chips including h tailormade ai applications nvidias earnings also soared accordingly company saw revenue q fy grow yearoveryear billion net income surged billion billion yearago period nvidias chips also meaningfully ahead rivals amd googles goog tensor processing units terms performance moment company also built ecosystem around ai tools programming languages software helping company drive incremental sales lock customers software tools coupled higher economies scale enabling company post recordhigh margins gross margins stood lofty recent quarter yearago period net margins stood incredible q looking slightly longer period nvda stock seen extremely strong gains levels early january around vs increase sp roughly year period however increase nvda stock far consistent returns stock comparison returns sp indicating nvda underperformed sp fact consistently beating sp good times bad difficult recent years individual stocks heavyweights information technology sector including msft aapl avgo even megacap stars goog tsla amzn contrast trefis high quality portfolio collection stocks outperformed sp year period group hq portfolio stocks provided better returns less risk versus benchmark index less rollercoaster ride evident hq portfolio performance metrics given current uncertain macroeconomic environment high oil prices elevated interest rates could nvda face similar situation underperform sp next months see strong jump looking nvidias valuation stock trades x consensus earnings x earnings unreasonable multiple considering nvidias heady growth said risks well firstly big surge gpu demand currently seeing could potentially ease initial training phase ai large language models slows training models phase utilizing models could shift toward lowerpower requirements potentially even ondevice capabilities reducing demand growth gpus moreover competition market could also mount players amd investing considerably catch space given high stakes additionally big tech players google microsoft msft amazon amzn also doubling developing ai machine learningrelated silicon could also pose risk nvidia big tech players remain companys largest customers fy company indicated single customer named accounted overall revenue big tech players could eventually slow capex airelated infrastructure move toward phase figuring monetize new capabilities nvidia also immune geopolitics chip business given strategic importance ai us government regulating sales key products markets china middle east nvidia designed chips work around rules regulations could adversely impact companys business moreover geopolitical issues could also disrupt companys supply chain moment supply nvidia gpus almost entirely reliant taiwanbased tsmc taiwan faced mounting tensions recent years china asserting taiwan part territory value nvda per share market price see analysis nvidia valuation nvda stock expensive cheap details whats driving price estimate nvda stock nvda return compared trefis reinforced portfolio invest trefis market beating portfolios see trefis price estimates
NVIDIA ,https://brandfinance.com/press-releases/nvidia-continues-to-dominate-global-semiconductor-sector-as-most-valuable-strongest-and-fastest-growing-brand,Positive,0.10885714285714286,"About Brand Finance

Brand Finance is the world’s leading brand valuation consultancy. Bridging the gap between marketing and finance, Brand Finance evaluates the strength of brands and quantifies their financial value to help organisations make strategic decisions.

Headquartered in London, Brand Finance operates in over 25 countries. Every year, Brand Finance conducts more than 6,000 brand valuations, supported by original market research, and publishes over 100 reports which rank brands across all sectors and countries.

Brand Finance also operates the Global Brand Equity Monitor, conducting original market research annually on 6,000 brands, surveying more than 175,000 respondents across 41 countries and 31 industry sectors. By combining perceptual data from the Global Brand Equity Monitor with data from its valuation database — the largest brand value database in the world — Brand Finance equips ambitious brand leaders with the data, analytics, and the strategic guidance they need to enhance brand and business value.

In addition to calculating brand value, Brand Finance also determines the relative strength of brands through a balanced scorecard of metrics evaluating marketing investment, stakeholder equity, and business performance, compliant with ISO 20671.

Brand Finance is a regulated accountancy firm and a committed leader in the standardisation of the brand valuation industry. Brand Finance was the first to be certified by independent auditors as compliant with both ISO 10668 and ISO 20671 and has received the official endorsement of the Marketing Accountability Standards Board (MASB) in the United States.

Definition of Brand

Brand is defined as a marketing-related intangible asset including, but not limited to, names, terms, signs, symbols, logos, and designs, intended to identify goods, services, or entities, creating distinctive images and associations in the minds of stakeholders, thereby generating economic benefits.

Brand Strength

Brand strength is the efficacy of a brand’s performance on intangible measures relative to its competitors. Brand Finance evaluates brand strength in a process compliant with ISO 20671, looking at Marketing Investment, Stakeholder Equity, and the impact of those on Business Performance. The data used is derived from Brand Finance’s proprietary market research programme and from publicly available sources.

Each brand is assigned a Brand Strength Index (BSI) score out of 100, which feeds into the brand value calculation. Based on the score, each brand is assigned a corresponding Brand Rating up to AAA+ in a format similar to a credit rating.

Brand Valuation Approach

Brand Finance calculates the values of brands in its rankings using the Royalty Relief approach – a brand valuation method compliant with the industry standards set in ISO 10668. It involves estimating the likely future revenues that are attributable to a brand by calculating a royalty rate that would be charged for its use, to arrive at a ‘brand value’ understood as a net economic benefit that a brand owner would achieve by licensing the brand in the open market.

The steps in this process are as follows:

1 Calculate brand strength using a balanced scorecard of metrics assessing Marketing Investment, Stakeholder Equity, and Business Performance. Brand strength is expressed as a Brand Strength Index (BSI) score on a scale of 0 to 100.

2 Determine royalty range for each industry, reflecting the importance of brand to purchasing decisions. In luxury, the maximum percentage is high, while in extractive industry, where goods are often commoditised, it is lower. This is done by reviewing comparable licensing agreements sourced from Brand Finance’s extensive database.

3 Calculate royalty rate. The BSI score is applied to the royalty range to arrive at a royalty rate. For example, if the royalty range in a sector is 0-5% and a brand has a BSI score of 80 out of 100, then an appropriate royalty rate for the use of this brand in the given sector will be 4%.

4 Determine brand-specific revenues by estimating a proportion of parent company revenues attributable to a brand.

5 Determine forecast revenues using a function of historic revenues, equity analyst forecasts, and economic growth rates.

6 Apply the royalty rate to the forecast revenues to derive brand revenues.

7 Discount post-tax brand revenues to a net present value which equals the brand value.

Disclaimer

Brand Finance has produced this study with an independent and unbiased analysis. The values derived and opinions presented in this study are based on publicly available information and certain assumptions that Brand Finance used where such data was deficient or unclear. Brand Finance accepts no responsibility and will not be liable in the event that the publicly available information relied upon is subsequently found to be inaccurate. The opinions and financial analysis expressed in the study are not to be construed as providing investment or business advice. Brand Finance does not intend the study to be relied upon for any reason and excludes all liability to any body, government, or organisation.

The data presented in this study form part of Brand Finance's proprietary database, are provided for the benefit of the media, and are not to be used in part or in full for any commercial or technical purpose without written permission from Brand Finance.",brand finance brand finance worlds leading brand valuation consultancy bridging gap marketing finance brand finance evaluates strength brands quantifies financial value help organisations make strategic decisions headquartered london brand finance operates countries every year brand finance conducts brand valuations supported original market research publishes reports rank brands across sectors countries brand finance also operates global brand equity monitor conducting original market research annually brands surveying respondents across countries industry sectors combining perceptual data global brand equity monitor data valuation database largest brand value database world brand finance equips ambitious brand leaders data analytics strategic guidance need enhance brand business value addition calculating brand value brand finance also determines relative strength brands balanced scorecard metrics evaluating marketing investment stakeholder equity business performance compliant iso brand finance regulated accountancy firm committed leader standardisation brand valuation industry brand finance first certified independent auditors compliant iso iso received official endorsement marketing accountability standards board masb united states definition brand brand defined marketingrelated intangible asset including limited names terms signs symbols logos designs intended identify goods services entities creating distinctive images associations minds stakeholders thereby generating economic benefits brand strength brand strength efficacy brands performance intangible measures relative competitors brand finance evaluates brand strength process compliant iso looking marketing investment stakeholder equity impact business performance data used derived brand finances proprietary market research programme publicly available sources brand assigned brand strength index bsi score feeds brand value calculation based score brand assigned corresponding brand rating aaa format similar credit rating brand valuation approach brand finance calculates values brands rankings using royalty relief approach brand valuation method compliant industry standards set iso involves estimating likely future revenues attributable brand calculating royalty rate would charged use arrive brand value understood net economic benefit brand owner would achieve licensing brand open market steps process follows calculate brand strength using balanced scorecard metrics assessing marketing investment stakeholder equity business performance brand strength expressed brand strength index bsi score scale determine royalty range industry reflecting importance brand purchasing decisions luxury maximum percentage high extractive industry goods often commoditised lower done reviewing comparable licensing agreements sourced brand finances extensive database calculate royalty rate bsi score applied royalty range arrive royalty rate example royalty range sector brand bsi score appropriate royalty rate use brand given sector determine brandspecific revenues estimating proportion parent company revenues attributable brand determine forecast revenues using function historic revenues equity analyst forecasts economic growth rates apply royalty rate forecast revenues derive brand revenues discount posttax brand revenues net present value equals brand value disclaimer brand finance produced study independent unbiased analysis values derived opinions presented study based publicly available information certain assumptions brand finance used data deficient unclear brand finance accepts responsibility liable event publicly available information relied upon subsequently found inaccurate opinions financial analysis expressed study construed providing investment business advice brand finance intend study relied upon reason excludes liability body government organisation data presented study form part brand finances proprietary database provided benefit media used part full commercial technical purpose without written permission brand finance
NVIDIA ,https://www.ainvest.com/news/nvidia-slide-reflects-broader-tech-geopolitics-investors-2504/,Positive,0.056444444444444436,"The recent decline in NVIDIA’s stock price—plunging over 30% from its early 2025 peak—has sparked investor anxiety. While the company’s financial results remain robust, with record quarterly revenue of $39.3 billion and 78% year-over-year growth, the sell-off underscores a deeper concern: the escalating U.S.-China trade war and its impact on tech’s global supply chains.

The Immediate Catalyst: Export Restrictions and Trade Tensions

The primary trigger for NVIDIA’s stock decline is the U.S. government’s curbs on shipments of its H20 AI chips to China, which the Biden administration labeled a national security risk. These restrictions, finalized in late 2024, slashed NVIDIA’s potential revenue by an estimated $5.5 billion, sparking a 7% single-day drop in January. The move reflects a broader U.S. strategy to slow China’s AI advancements, but it has also raised concerns about the long-term viability of NVIDIA’s dominant position in the global AI infrastructure market.

The trade war’s escalation is now a two-way street. China has retaliated with tariffs of up to 125% on U.S. imports, while also restricting exports of rare earth minerals—critical for semiconductor production. These non-tariff measures threaten to disrupt global supply chains, with the U.S. semiconductor industry already warning of potential shortages.

Beneath the Surface: Strengths and Vulnerabilities

Despite the headwinds, NVIDIA’s financial performance remains a testament to its leadership in AI. Its Data Center segment, which accounts for 90% of revenue, grew 93% year-over-year in Q4 FY2025, driven by partnerships with cloud giants like AWS and Microsoft Azure. The $500 billion Stargate Project—a collaboration with U.S. cloud providers to build AI supercomputers—highlights the scale of demand for NVIDIA’s AI infrastructure.

However, the company’s reliance on China—a key market for its gaming and data center products—is a vulnerability. While gaming revenue fell 22% sequentially in Q4 due to market saturation, the segment’s full-year growth of 9% suggests underlying resilience. Yet, the export restrictions and broader trade tensions could amplify these pressures.

The Geopolitical Elephant in the Room

The U.S.-China tech rivalry is now a full-blown strategic contest. The U.S. is pushing allies to diversify supply chains away from China, while Beijing is accelerating its indigenous innovation agenda. Chinese AI startups like DeepSeek have begun offering low-cost alternatives to NVIDIA’s GPUs, eroding its pricing power.

Meanwhile, the trade war’s ripple effects are hitting global markets. Gold prices hit record highs of $3,389/ounce in April 2025 as investors flee equities, and the euro surged past 1.50 against the dollar. For nvidia, the risks extend beyond China: the U.S. Treasury’s proposed tariffs on Chinese-built vessels and its pressure on third-party nations to curb trade with Beijing could further disrupt demand.

Valuation: Overpriced or Underappreciated?

NVIDIA’s valuation metrics are polarizing. Its trailing P/E of 35.5x is high relative to peers, but its PEG ratio of 1.02—one of the lowest among the “Magnificent Seven” tech giants—suggests investors are pricing in strong growth. Analysts project ~23% annual earnings growth over five years, fueled by AI adoption in healthcare, robotics, and autonomous driving.

Yet, the near-term risks are undeniable. The $5.5 billion revenue hit from China restrictions and the potential for further geopolitical shocks could prolong volatility. Bulls counter that NVIDIA’s $130.5 billion annual revenue (up 114% year-over-year) and $3.6 billion in operating cash flow provide a sturdy foundation.

Conclusion: A Tale of Two Horizons

Investors must weigh short-term headwinds against NVIDIA’s long-term dominance in AI infrastructure. The company’s Blackwell supercomputers, partnerships with cloud titans, and advancements in generative AI and robotics position it to capitalize on a $10 trillion AI market opportunity by 2030.

However, the U.S.-China tech war’s trajectory is the critical wildcard. If tensions ease—and if NVIDIA can navigate export restrictions and competitor pressures—the stock could rebound. But if the conflict deepens, the company’s valuation and growth narrative face significant challenges.

For now, the data suggests cautious optimism: NVIDIA’s 71% non-GAAP gross margins and its $115.2 billion full-year Data Center revenue reaffirm its structural strengths. Yet, investors should remain mindful that geopolitical risks are now central to the tech sector’s valuation. As the saying goes, “In geopolitics, the only certainty is uncertainty”—and NVIDIA’s stock price reflects that reality.

In this high-stakes game, NVIDIA’s fate hinges not just on its technology, but on its ability to navigate a world where trade wars are fought with semiconductors as much as tariffs.",recent decline nvidias stock priceplunging early peakhas sparked investor anxiety companys financial results remain robust record quarterly revenue billion yearoveryear growth selloff underscores deeper concern escalating uschina trade war impact techs global supply chains immediate catalyst export restrictions trade tensions primary trigger nvidias stock decline us governments curbs shipments h ai chips china biden administration labeled national security risk restrictions finalized late slashed nvidias potential revenue estimated billion sparking singleday drop january move reflects broader us strategy slow chinas ai advancements also raised concerns longterm viability nvidias dominant position global ai infrastructure market trade wars escalation twoway street china retaliated tariffs us imports also restricting exports rare earth mineralscritical semiconductor production nontariff measures threaten disrupt global supply chains us semiconductor industry already warning potential shortages beneath surface strengths vulnerabilities despite headwinds nvidias financial performance remains testament leadership ai data center segment accounts revenue grew yearoveryear q fy driven partnerships cloud giants like aws microsoft azure billion stargate projecta collaboration us cloud providers build ai supercomputershighlights scale demand nvidias ai infrastructure however companys reliance chinaa key market gaming data center productsis vulnerability gaming revenue fell sequentially q due market saturation segments fullyear growth suggests underlying resilience yet export restrictions broader trade tensions could amplify pressures geopolitical elephant room uschina tech rivalry fullblown strategic contest us pushing allies diversify supply chains away china beijing accelerating indigenous innovation agenda chinese ai startups like deepseek begun offering lowcost alternatives nvidias gpus eroding pricing power meanwhile trade wars ripple effects hitting global markets gold prices hit record highs ounce april investors flee equities euro surged past dollar nvidia risks extend beyond china us treasurys proposed tariffs chinesebuilt vessels pressure thirdparty nations curb trade beijing could disrupt demand valuation overpriced underappreciated nvidias valuation metrics polarizing trailing pe x high relative peers peg ratio one lowest among magnificent seven tech giantssuggests investors pricing strong growth analysts project annual earnings growth five years fueled ai adoption healthcare robotics autonomous driving yet nearterm risks undeniable billion revenue hit china restrictions potential geopolitical shocks could prolong volatility bulls counter nvidias billion annual revenue yearoveryear billion operating cash flow provide sturdy foundation conclusion tale two horizons investors must weigh shortterm headwinds nvidias longterm dominance ai infrastructure companys blackwell supercomputers partnerships cloud titans advancements generative ai robotics position capitalize trillion ai market opportunity however uschina tech wars trajectory critical wildcard tensions easeand nvidia navigate export restrictions competitor pressuresthe stock could rebound conflict deepens companys valuation growth narrative face significant challenges data suggests cautious optimism nvidias nongaap gross margins billion fullyear data center revenue reaffirm structural strengths yet investors remain mindful geopolitical risks central tech sectors valuation saying goes geopolitics certainty uncertaintyand nvidias stock price reflects reality highstakes game nvidias fate hinges technology ability navigate world trade wars fought semiconductors much tariffs
NVIDIA ,https://www.microchipusa.com/industry-news/us-tariffs-on-taiwan-semiconductors--a-strategic-analysis ,Positive,0.4,"RFQ  Call us +1-888-251-5467 (Toll Free) +1-813-463-9988 (US) +49 030 30015566 (DE)  Email: sales@microchipusa.com  Location:   4511 N Himes Ave, Suite 100, Tampa, FL 33614 Monday - Thursday  9:00AM - 5:30PM EST Friday  9:00AM - 4:30PM EST © 2025 Microchip USA. All rights reserved.",rfq call us toll free us de email salesmicrochipusacom location n himes ave suite tampa fl monday thursday pm est friday pm est microchip usa rights reserved
Embraer,https://aviation.direct/en/embraer-setzt-auf-rekordlieferungen-ziele-fuer-2025-und-strategische-expansion ,Positive,0.20439436619718307,"The Brazilian aircraft manufacturer Embraer has set ambitious goals for 2025, with the company planning a significant increase in deliveries and sales growth. With a planned delivery of up to 280 aircraft next year, Embraer is aiming for a new record.

The company released its 28 financial results on February 2025, 2024, and expressed confidence that 2025 will be even more successful. With 21 percent year-on-year growth and revenue of $6,39 billion in 2024, Embraer expects revenue to be between $2025 billion and $7 billion in 7,5. A look at the company's specific delivery targets and strategic developments provides insight into its growth strategy.

2024 results: A solid year for Embraer

Embraer presented its figures for 2024 and achieved record-high revenues of $6,39 billion, a remarkable increase of 21 percent compared to $5,28 billion in 2023. In addition to the impressive revenue figures, Embraer also reported adjusted EBIT (Earnings Before Interest and Taxes) of $708,2 million, an increase of 11 percent compared to the upper limit of the forecast $640 million. These results confirm that Embraer is operating successfully in a difficult economic environment and is continuing to expand its market position.

The aircraft manufacturer was able to increase not only its sales but also its deliveries. In 2024, the company delivered a total of 206 aircraft, an increase of 14 percent compared to the 181 deliveries in the previous year. Deliveries include both commercial aircraft and business jets, with a significant increase in the private jet segment.

Goals for 2025: An ambitious growth target

For 2025, Embraer aims to increase the number of deliveries to up to 280 aircraft, which represents a considerable challenge. The company plans to deliver between 77 and 85 commercial aircraft, which represents an increase of around 73 percent compared to the 2024 in 14. Embraer will continue to rely on the successful E-Jet family, which is particularly popular with regional airlines around the world.

In the business jet segment, Embraer plans to deliver between 145 and 155 jets, also an increase from the 130 deliveries in 2024. Demand for private jets has been increasing in recent years, especially for light and mid-size jets. Embraer has managed to position itself as a leader in this market segment, and its plans for 2025 suggest that this trend will continue in the coming year.

Strategic partnerships and new orders

Another important factor in Embraer's growth are strategic partnerships and orders won by the company in 2024 and early 2025. One notable order came from All Nippon Airways (ANA), which will integrate Embraer E-Jets into its fleet for the first time. ANA ordered 20 E190-E2 aircraft - 15 firm orders and five options. This order underscores the growing demand for Embraer's efficient and economical E-Jets, especially in Asia, where demand for regional aircraft is growing.

Another milestone for Embraer was the massive order from Flexjet, a leading provider of private jet flight services. On February 5, 2025, Flexjet announced that it had signed a contract for 182 aircraft valued at $7 billion, with an additional 30 options. This order includes both the Phenom 300E light aircraft and the larger Praetor 500 and 600 jets. This contract not only represents a financial success for Embraer, but also demonstrates the confidence in the company's brand and the quality of its aircraft in the business aviation sector.

Optimistic outlook for 2025

Embraer CEO Francisco Gomes Neto expressed confidence in an interview with Reuters that 2025 would be an even better year than 2024, despite the exceptional Flexjet order, which cannot be repeated every year. Neto explained that while he will not reach the same sales level as 2024, he expects it to be a very good year overall in terms of sales. This positive assessment is based not only on current orders, but also on a number of potential orders in the pipeline that could further boost Embraer's growth.

Outlook and challenges for Embraer

Embraer's ambitious 2025 targets reflect not only the company's confidence in the market, but also the increasing intensity of competition in the aviation industry. However, given global economic uncertainty and ongoing supply chain challenges, there may be obstacles that could slow the company's growth. In particular, component availability and production efficiency will be critical to achieving the targeted delivery figures.

Despite these potential challenges, Embraer remains optimistic that it will achieve its 2025 growth targets. The aircraft manufacturer has already proven its ability to respond quickly to changes in the market and adapt to the needs of its customers. With a strong product range, a solid order book and an increasing presence in international markets, Embraer is expected to continue to play an important role in the global aviation market in the coming year.",brazilian aircraft manufacturer embraer set ambitious goals company planning significant increase deliveries sales growth planned delivery aircraft next year embraer aiming new record company released financial results february expressed confidence even successful percent yearonyear growth revenue billion embraer expects revenue billion billion look companys specific delivery targets strategic developments provides insight growth strategy results solid year embraer embraer presented figures achieved recordhigh revenues billion remarkable increase percent compared billion addition impressive revenue figures embraer also reported adjusted ebit earnings interest taxes million increase percent compared upper limit forecast million results confirm embraer operating successfully difficult economic environment continuing expand market position aircraft manufacturer able increase sales also deliveries company delivered total aircraft increase percent compared deliveries previous year deliveries include commercial aircraft business jets significant increase private jet segment goals ambitious growth target embraer aims increase number deliveries aircraft represents considerable challenge company plans deliver commercial aircraft represents increase around percent compared embraer continue rely successful ejet family particularly popular regional airlines around world business jet segment embraer plans deliver jets also increase deliveries demand private jets increasing recent years especially light midsize jets embraer managed position leader market segment plans suggest trend continue coming year strategic partnerships new orders another important factor embraers growth strategic partnerships orders company early one notable order came nippon airways ana integrate embraer ejets fleet first time ana ordered ee aircraft firm orders five options order underscores growing demand embraers efficient economical ejets especially asia demand regional aircraft growing another milestone embraer massive order flexjet leading provider private jet flight services february flexjet announced signed contract aircraft valued billion additional options order includes phenom e light aircraft larger praetor jets contract represents financial success embraer also demonstrates confidence companys brand quality aircraft business aviation sector optimistic outlook embraer ceo francisco gomes neto expressed confidence interview reuters would even better year despite exceptional flexjet order cannot repeated every year neto explained reach sales level expects good year overall terms sales positive assessment based current orders also number potential orders pipeline could boost embraers growth outlook challenges embraer embraers ambitious targets reflect companys confidence market also increasing intensity competition aviation industry however given global economic uncertainty ongoing supply chain challenges may obstacles could slow companys growth particular component availability production efficiency critical achieving targeted delivery figures despite potential challenges embraer remains optimistic achieve growth targets aircraft manufacturer already proven ability respond quickly changes market adapt needs customers strong product range solid order book increasing presence international markets embraer expected continue play important role global aviation market coming year
Embraer,https://www.library.hbs.edu/working-knowledge/from-emerging-economies-to-the-global-market-the-case-of-embraer,Positive,0.09883048895548897,"How can a company from an emerging economy manage to make waves in global business?

Ask Embraer. The Brazilian firm also known as Empresa Brasileira de Aeronautica S.A. is the fourth largest commercial aircraft manufacturer in the world, behind Boeing, Airbus and Bombardier. In mid-August, it posted a 54 percent jump in sales and a 35 percent gain in second-quarter earnings.

A new HBS case study on Embraer, presented in Buenos Aires (in a modified version of how such a case might be taught in a standard classroom setting), offered plenty of room for lively debate among conference participants. Questions they considered: What key elements of strategy and competitiveness will help a firm from an emerging market suceed internationally? How can a government assist a company without smothering it?

Another point of central interest in the Embraer example was an ongoing dispute between Embraer and the Canadian manufacturer Bombardier, which has yet to be settled by the World Trade Organization. Conference participants offered a variety of predictions on how they thought the dispute could and should pan out.

According to Professor Pankaj Ghemawat, who led the discussion (while injecting what he called ""procedural asides"" to demonstrate how the case might be taught in a classroom), the Embraer case also illuminated ways that companies might craft a strategy to balance two spheres of influence: market and non-market forces.

Issues Unique To The Region

The case on Embraer, Ghemawat explained to the audience in his introduction, is one of the first ""outputs"" of the School's new Latin America Research Center (LARC). It was co-written by Ghemawat with LARC executive director Gustavo Herrero and senior researcher Luis Felipe Monteiro. Ghemawat, who originally started the case for his elective course on Globalization and Strategy, said that it also illustrates the first efforts of the LARC advisory committee to address business issues unique to the region.

""We started talking about what was distinctive about the Latin American context,"" Ghemawat said of their early meetings, ""and about what research and course development efforts in this area—whether by Harvard or by other institutions—really needed to reflect.""

The basic macro environment in emerging economies, he explained, is very different from that of developed economies that sometimes end up getting treated as a ""base case.""

""We talked about the role of government. And, while it's useful to focus on market strategy, the non-market components of strategy were things that needed to be highlighted as well.""

Keys For Strategy

""There's a lot going on in the case,"" Ghemawat warned the audience as the discussion began. ""There's a lose-to-a-billion dollar commitment that Embraer is close to making for a new family of aircraft. There's an extraordinarily complex and bitter dispute at the WTO between the Canadian and Brazilian governments about Embraer versus Bombardier in the regional jet market. In addition, Embraer is selling or has sold a fraction of its equity to a French consortium. Plus, an IPO is being planned.""

""What problems confront a company that's trying to become internationally competitive? What sorts of problems are Embraer's partnerships trying to overcome?""

As a company, conference participants said, Embraer had made a number of smart moves. Its human resources strategy was rejuvenated for flexibility, so people were motivated to work there. The company had lowered the cost of capital by sharing risks, first with the government and then, through outsourcing, with suppliers. It focused very early on foreign markets, rather than just on the domestic market.

While the company had clearly benefited from its relationship with the government, said one participant, it had somehow avoided being trapped in the government's embrace.

As Ghemawat told the group, ""In some sense the Embraer strategy is not very unusual. It's almost a prototypical strategy from one of these environments trying to become internationally competitive.

""When we looked at India and Argentina and a number of other countries, we see islands of competitiveness, where companies have managed to succeed in decoupling themselves from the most negative elements of the domestic environment while retaining the positive elements, as they attempt to become competitive.""

""Embraer is an example of the power of not just assuming that because you are based in a country, you necessarily have to be subject to all the disadvantages imposed by that particular context.""

""wrapping Up In The Brazilian Flag""

When Ghemawat turned the discussion to the WTO dispute and asked participants for their reactions, most suggested that companies in emerging economies need to brace themselves for such legal battles on the global stage.

One commentator thought this particular dispute would blow over. ""I think there's a lot of saber-rattling going on,"" he explained. ""Canada has a very large number of investments in Brazil. Things will calm down.""

Added another: ""My impression is that the arguments are very biased in favor of the developed country. Secondly, the developed countries are a lot more professional in hiding their own tricks.

""If we got rid of the biases and put all the tricks on the table, the situation is a lot of more balanced than people tend to believe, at least in the developed countries.""

Commented a third, ""It looks like the company will need to develop a new set of skills. They have managed to be competitive with their global competitors, but now the arena is moving to the WTO, and that's different competition. They are not competing with similar airplanes, they are competing on who convinces the WTO better; and probably they need to work on their government skills.

""Which government will be more efficient in convincing the WTO? It's striking that Canadians are fighting Brazilians… Embraer has to develop, with their government, a way of defending the company, and [defending] the country's interests, as well.""

""The temptation is to wrap up in the Brazilian flag and say, 'The big guys always win.'

""There are skills you need negotiating in that new forum that are absolutely critical,"" he asserted.

No Delusions

One of the purposes of writing the Embraer case, Ghemawat reminded the group, was to bring business-government relations back to the fore. As business moves forward, he said, it's important to keep in mind that in any industry the scope of strategy vis-à-vis government has expanded beyond traditional musings about ""How will we influence the government on domestic regulation?""

""We should start thinking about the potential scope for these kinds of issues in globalization. If this is the positive of globalization—the ability to try and transcend the difficulties of your domestic context in order to improve your competitiveness,"" Ghemawat said, ""then one of the downsides, or at least one of the managerial challenges, is that it's hard to imagine these kinds of disputes ceasing very quickly.""

One of the biggest delusions in world business, he added, is that governments will entirely step out of the way. ""You still need the government for dealing with other national governments, and for representation before groups such as the WTO.

""And non-market strategy also has to expand beyond just thinking about relationships with the government, to thinking about non-governmental organizations which are very much on the rise as well.""",company emerging economy manage make waves global business ask embraer brazilian firm also known empresa brasileira de aeronautica sa fourth largest commercial aircraft manufacturer world behind boeing airbus bombardier midaugust posted percent jump sales percent gain secondquarter earnings new hbs case study embraer presented buenos aires modified version case might taught standard classroom setting offered plenty room lively debate among conference participants questions considered key elements strategy competitiveness help firm emerging market suceed internationally government assist company without smothering another point central interest embraer example ongoing dispute embraer canadian manufacturer bombardier yet settled world trade organization conference participants offered variety predictions thought dispute could pan according professor pankaj ghemawat led discussion injecting called procedural asides demonstrate case might taught classroom embraer case also illuminated ways companies might craft strategy balance two spheres influence market nonmarket forces issues unique region case embraer ghemawat explained audience introduction one first outputs schools new latin america research center larc cowritten ghemawat larc executive director gustavo herrero senior researcher luis felipe monteiro ghemawat originally started case elective course globalization strategy said also illustrates first efforts larc advisory committee address business issues unique region started talking distinctive latin american context ghemawat said early meetings research course development efforts areawhether harvard institutionsreally needed reflect basic macro environment emerging economies explained different developed economies sometimes end getting treated base case talked role government useful focus market strategy nonmarket components strategy things needed highlighted well keys strategy theres lot going case ghemawat warned audience discussion began theres losetoabillion dollar commitment embraer close making new family aircraft theres extraordinarily complex bitter dispute wto canadian brazilian governments embraer versus bombardier regional jet market addition embraer selling sold fraction equity french consortium plus ipo planned problems confront company thats trying become internationally competitive sorts problems embraers partnerships trying overcome company conference participants said embraer made number smart moves human resources strategy rejuvenated flexibility people motivated work company lowered cost capital sharing risks first government outsourcing suppliers focused early foreign markets rather domestic market company clearly benefited relationship government said one participant somehow avoided trapped governments embrace ghemawat told group sense embraer strategy unusual almost prototypical strategy one environments trying become internationally competitive looked india argentina number countries see islands competitiveness companies managed succeed decoupling negative elements domestic environment retaining positive elements attempt become competitive embraer example power assuming based country necessarily subject disadvantages imposed particular context wrapping brazilian flag ghemawat turned discussion wto dispute asked participants reactions suggested companies emerging economies need brace legal battles global stage one commentator thought particular dispute would blow think theres lot saberrattling going explained canada large number investments brazil things calm added another impression arguments biased favor developed country secondly developed countries lot professional hiding tricks got rid biases put tricks table situation lot balanced people tend believe least developed countries commented third looks like company need develop new set skills managed competitive global competitors arena moving wto thats different competition competing similar airplanes competing convinces wto better probably need work government skills government efficient convincing wto striking canadians fighting brazilians embraer develop government way defending company defending countrys interests well temptation wrap brazilian flag say big guys always win skills need negotiating new forum absolutely critical asserted delusions one purposes writing embraer case ghemawat reminded group bring businessgovernment relations back fore business moves forward said important keep mind industry scope strategy visvis government expanded beyond traditional musings influence government domestic regulation start thinking potential scope kinds issues globalization positive globalizationthe ability try transcend difficulties domestic context order improve competitiveness ghemawat said one downsides least one managerial challenges hard imagine kinds disputes ceasing quickly one biggest delusions world business added governments entirely step way still need government dealing national governments representation groups wto nonmarket strategy also expand beyond thinking relationships government thinking nongovernmental organizations much rise well
Embraer,https://embraer.com/global/en/news?slug=1207543-embraer-delivers-30-aircraft-in-the-1st-quarter-of-2025-20-more-than-in-1q24,Error,,,
Embraer,https://embraer.com/global/en/9230-strategy-to-grow,Error,,,
Embraer,http://embraer.com/global/en/climate-strategy,Error,,,
Embraer,https://embraer.com/global/en/news%E2%80%A6?slug=1207543-embraer-delivers-30-aircraft-in-the-1st-quarter-of-2025-20-more-than-in-1q24,Error,,,
Embraer,https://embraer.com/global/en/news?slug=1206926-embraers-new-china-market-outlook-predicts-regional-aircraft-to-lead-the-way-in-the-post-epidemic-era ,Error,,,
Embraer,https://www.flightglobal.com/fixed-wing/embraer-sees-heightened-c-390-demand-amid-geopolitical-tensions/148899.article,Positive,0.09788461538461538,"Recent geopolitical events, including Russia’s invasion of Ukraine, are driving renewed interest from Western governments in Embraer’s C-390 military airlifter.

That is according to Embraer Defense & Security chief executive Jackson Schneider, who says countries in Europe and elsewhere are increasingly interested in replacing decades-old military cargo aircraft.

“Many countries in the world… realise that their logistics systems are very old and need to be replaced,” Schneider recently told reporters. “They need to replace [those systems] as soon as possible.”

He adds that Embraer has recently been engaged in “intense” C-390 sales campaigns, including with countries the airframer had not previously targeted as potential buyers.

Schneider attributes the bump in demand to several factors, including the USA’s 2021 exit from Afghanistan. That event prompted US partners – notably those in Europe – to likewise pull forces from the country. It also prompted a broad exodus of Afghan refugees, Schneider notes.

The effort relied entirely on aircraft, including military lifters and commercial charters.

“The Afghanistan withdrawal of troops and refugees… called attention for European countries… that their logistics systems are not up to date,” says Schneider.

Then came Russia’s February invasion of Ukraine, which further highlighted the need by European countries to update ageing military assets. That event is significantly driving up Western military spending, Schneider adds.

“The world will not be the same after the Russian-and-Ukrainian war,” Schneider says. “It initiated, or reinforced, strong interest” in the C-390.

Schneider also says such factors bode well for additional sales of Embraer’s single-engined Super Tucano – specifically, those examples used for pilot training.

Embraer launched the C-390 in 2009 with an order from the Brazilian air force for the KC-390 variant.

Powered by twin International Aero Engines V2500s, the jet can carry payloads weighing up to 26,000kg (57,320lb) and, when fully loaded, has 1,080nm (2,000km) of range, according to Embraer.

The airframer pitches C-390s as capable of fulfilling a variety of missions, including aerial assault and resupply, medical evacuation, search and rescue, and air-to-air refuelling.

In February, news broke that Brazil’s air force had cut its number of KC-390 orders from 28 to 22, a result of budget constraints. Embraer also holds orders from Portugal for five of the aircraft, and from Hungary for two.

Schneider sees significantly greater demand, noting that the global fleet of medium-weight military airlifters stands at about 1,500 aircraft. Those – many of which are variants of Lockheed Martin’s venerable four-engined C-130 – have an average age of more than 30 years.

“These planes will have to be replaced,” Schneider says.",recent geopolitical events including russias invasion ukraine driving renewed interest western governments embraers c military airlifter according embraer defense security chief executive jackson schneider says countries europe elsewhere increasingly interested replacing decadesold military cargo aircraft many countries world realise logistics systems old need replaced schneider recently told reporters need replace systems soon possible adds embraer recently engaged intense c sales campaigns including countries airframer previously targeted potential buyers schneider attributes bump demand several factors including usas exit afghanistan event prompted us partners notably europe likewise pull forces country also prompted broad exodus afghan refugees schneider notes effort relied entirely aircraft including military lifters commercial charters afghanistan withdrawal troops refugees called attention european countries logistics systems date says schneider came russias february invasion ukraine highlighted need european countries update ageing military assets event significantly driving western military spending schneider adds world russianandukrainian war schneider says initiated reinforced strong interest c schneider also says factors bode well additional sales embraers singleengined super tucano specifically examples used pilot training embraer launched c order brazilian air force kc variant powered twin international aero engines vs jet carry payloads weighing kg lb fully loaded nm km range according embraer airframer pitches cs capable fulfilling variety missions including aerial assault resupply medical evacuation search rescue airtoair refuelling february news broke brazils air force cut number kc orders result budget constraints embraer also holds orders portugal five aircraft hungary two schneider sees significantly greater demand noting global fleet mediumweight military airlifters stands aircraft many variants lockheed martins venerable fourengined c average age years planes replaced schneider says
Embraer,https://www.researchandmarkets.com/reports/6050060/embraer-s-a-strategy-playbook-strategy,Positive,0.11695823095823094,"Relevance & Usefulness:

The report will be useful for:

Competitive Assessment, Comparative Analysis & Strategic Planning

Analysis of degree of Congruence between Emerging Market Landscape & Strategy focus

Identifying & highlighting areas for making potential Strategic Changes, Adjustments & Realignment

Analysis & Assessment of Emerging Market, Technology Trends & Developments impacting the Global Business Jet Market

Analysis of Forces Driving as well as restraining the Industry & their overall Dynamics through a Force Field Analysis

Analysis of Market Evolution with Medium Term Demand Growth Forecast & Projections and Market Outlook through 2033

For Whom: Key Decision-Makers across Industry Value Chain

The report will be especially useful for:

Key Decision-Makers

Program Managers

Top Management of Industry Players & Other Companies

Industry OEMs

Business Jet Operators

Suppliers, Vendors, Technology & MRO Services Providers and other Key Players in the Industry Value Chain

Existing & potential Investors

Industry & Company Analysts

M&A Advisory Firms

Strategy & Management Consulting Firms

PE Firms, Venture Capitalists and Financing & Leasing Companies

Researchers and all those associated with the industry in general

The Strategy Playbook report for 2025 analyses the overall Strategy Focus and provides insights into the overall Strategy Focus and decrypts the key Strategies & Plans being pursued by Embraer SA for the near to medium term horizon amid a complex, difficult & challenging global macroeconomic environment marked by rising geopolitical tensions and looming threat of renewed trade wars under Trump Administration 2.0. The Global Business Jet market has been in a stable, high growth trajectory after experiencing tailwinds post the outbreak of the pandemic.The market witnessed robust order intake, strong book-to-bill ratios & burgeoning order backlogs across most industry OEMs driven by the growing demand for private travel & bio-bubbles which brought a significant number of first time buyers to the market, turbocharged the in-service fleet utilization levels which exceeded even the pre-pandemic levels and also revitalized even the used jets market. The global business jet market is likely to remain steady over near term with sustained strong demand for new & used jets led by favourable market forces and launch of new aircraft models by the industry along with robust order intake and fleet utilization levels amid easing out of supply chain disruptions & constraints which has enabled the industry OEMs to effectively ramp-up production rates to meet surging demand levels.Embraer has been focusing upon & working towards beefing up its product portfolio in the mid to super mid-size segments over the years with the Praetor 500 & 600 well positioned in the middle of the market as the core pivot of its business jets portfolio featuring full fly-by-wire controls and flight envelope protection. Embraer has also been effectively riding the recent tailwinds in the light jets segment with its Phenom 100 & 300 programs which have witnessed a significant uptick in demand following the outbreak of pandemic. Embraer has been focusing on actively expanding its global MRO network for business jets while making rapid strides towards sustainability and foraying into adjacent, high growth market segments. Additionally, with the C-390 Millennium program, Embraer has made giant strides in the defense market by securing orders from multiple new customers across Europe while the company’s efforts to make early inroads in the UAM/AAM market gain further further traction with Eve Air MobilityAgainst this backdrop, the report provides a comprehensive analysis on the company starting with a detailed business and financial snapshot incorporating charts, tables and comprehensive analysis. An insightful & comprehensive SWOT framework analysis is also included providing a comprehensive assessment & analysis of the prevailing internal as well as external business environment of the company. The framework outlines the company’s core, inherent strengths & weaknesses as part of the internal environment assessment and outlines potential growth opportunities as well as threats as part of the external environment assessmentThe report also incorporates analysis & review of key market, technology & industry trends along with issues & challenges which are likely to impact and shape industry's future over near to medium term. The report also identifies key driving & restraining forces for the industry & assesses their potential degree of impact through a force field analysis. The report concludes by providing a comprehensive outlook & demand forecast on the Global Business Jet market for the medium termThe report provides insights & inputs to be incorporated into the broader strategic planning & decision making processes and will be essential from a competitive analysis standpoint as wellThe report will be essential & a key resource for those associated with and having strategic interest in Embraer and/or the Global Business Jet Market.",relevance usefulness report useful competitive assessment comparative analysis strategic planning analysis degree congruence emerging market landscape strategy focus identifying highlighting areas making potential strategic changes adjustments realignment analysis assessment emerging market technology trends developments impacting global business jet market analysis forces driving well restraining industry overall dynamics force field analysis analysis market evolution medium term demand growth forecast projections market outlook key decisionmakers across industry value chain report especially useful key decisionmakers program managers top management industry players companies industry oems business jet operators suppliers vendors technology mro services providers key players industry value chain existing potential investors industry company analysts advisory firms strategy management consulting firms pe firms venture capitalists financing leasing companies researchers associated industry general strategy playbook report analyses overall strategy focus provides insights overall strategy focus decrypts key strategies plans pursued embraer sa near medium term horizon amid complex difficult challenging global macroeconomic environment marked rising geopolitical tensions looming threat renewed trade wars trump administration global business jet market stable high growth trajectory experiencing tailwinds post outbreak pandemicthe market witnessed robust order intake strong booktobill ratios burgeoning order backlogs across industry oems driven growing demand private travel biobubbles brought significant number first time buyers market turbocharged inservice fleet utilization levels exceeded even prepandemic levels also revitalized even used jets market global business jet market likely remain steady near term sustained strong demand new used jets led favourable market forces launch new aircraft models industry along robust order intake fleet utilization levels amid easing supply chain disruptions constraints enabled industry oems effectively rampup production rates meet surging demand levelsembraer focusing upon working towards beefing product portfolio mid super midsize segments years praetor well positioned middle market core pivot business jets portfolio featuring full flybywire controls flight envelope protection embraer also effectively riding recent tailwinds light jets segment phenom programs witnessed significant uptick demand following outbreak pandemic embraer focusing actively expanding global mro network business jets making rapid strides towards sustainability foraying adjacent high growth market segments additionally c millennium program embraer made giant strides defense market securing orders multiple new customers across europe companys efforts make early inroads uamaam market gain traction eve air mobilityagainst backdrop report provides comprehensive analysis company starting detailed business financial snapshot incorporating charts tables comprehensive analysis insightful comprehensive swot framework analysis also included providing comprehensive assessment analysis prevailing internal well external business environment company framework outlines companys core inherent strengths weaknesses part internal environment assessment outlines potential growth opportunities well threats part external environment assessmentthe report also incorporates analysis review key market technology industry trends along issues challenges likely impact shape industrys future near medium term report also identifies key driving restraining forces industry assesses potential degree impact force field analysis report concludes providing comprehensive outlook demand forecast global business jet market medium termthe report provides insights inputs incorporated broader strategic planning decision making processes essential competitive analysis standpoint wellthe report essential key resource associated strategic interest embraer andor global business jet market
Embraer,https://www.reuters.com/business/aerospace-defense/brazils-embraer-sees-higher-demand-defense-aircraft-amid-global-tensions-2024-12-20/,Error,,,
Embraer,https://www.aerotime.aero/articles/embraer-plans-to-expand-defense-and-civil-aviation-markets-2025,Neutral,0.0,It seems we cannot find what you are looking for. Perhaps searching can help.,seems cannot find looking perhaps searching help
TSMC ,https://bisi.org.uk/reports/tsmcs-us-expansion-economic-strategy-or-political-bargaining-chip ,Neutral,0.016666666666666666,"We couldn't find the page you were looking for. This is either because: 
  You can return to our homepage by clicking here, or you can try searching for the
  content you are seeking by clicking here.
 info@bisi.org.uk Our Team About © 2025 Bloomsbury Intelligence and Security CIC. All Rights Reserved. Member of Social Enterprise UK “Bloomsbury Intelligence and Security Institute” is the trading name of Bloomsbury Intelligence and Security CIC, registered in England and Wales (Company No. 16255943). It is currently not registered as an Institute under UK Law.",couldnt find page looking either return homepage clicking try searching content seeking clicking infobisiorguk team bloomsbury intelligence security cic rights reserved member social enterprise uk bloomsbury intelligence security institute trading name bloomsbury intelligence security cic registered england wales company currently registered institute uk law
TSMC ,https://www.ai-supremacy.com/p/tsmc-role-in-the-global-ai-and-geopolitical-future,Positive,0.09131439393939395,"Image courtesy: Arizona Republic

Welcome back,

Today we have a guest post from the foremost experts on TSMC writing on Substack, Semi Vision, currently ranked 12th in trending rising Newsletters in tech on the in-app leaderboard.

Introducing SEMI VISION

Their paid tier is $25 a month, fairly normal for their specialized research and area of expertise.

The report today is titled “TSMC in Strategic Focus: U.S. Expansion, Potential Intel Collaboration, and Navigating U.S.-China Tech Tensions”.

Why TSMC is so Crucial to the future of AI

As the U.S. vs. China trade war escalates the true “picks and shovels” company for AI Supremacy isn’t Nvidia, it’s TSMC. Taiwan Semiconductor Manufacturing Company (TSMC) has committed a total investment of approximately $165 billion in the United States complicating the geopolitical future in the era of reciprocal trade tariff uncertainty.

TSMC is the most important tech company in the world in 2025.

Share

Under the Trump Administration, TSMC has promised epic expansions in Arizona, exasperated by tariff threats TSMC had no choice but to capitulate to Trump. The U.S. needs TSMC to stay competitive in national defense and AI, while TSMC could be on the verge of becoming the most important company in the world as it leads its rivals into unprecedentedly small and efficient semiconductor chips critical for the future of AI.

A threat to the island nation of Taiwan (e.g. like a blockade or invasion) and supply-chains of TSMC, would immediately plunge the global economy into a severe recession. It would also likely spark a hot war involving the U.S., Japan and other allies. The Trump administration appears to be escalating the situation:

Subscribe to SemiVision Newsletter

With the threats of tariffs, TSMC’s further investment in Arizona could mean this area becomes a center for the advanced technology to power artificial intelligence, sophisticated military systems, computers, electric vehicles and cellphones with a massive planned addition to a semiconductor complex in north Phoenix.

While revenue continues to surge at TSMC, Trump’s threat of tariffs on semiconductors and significant tariffs on Taiwan, have forced the island nation to make investments it may not easily be able to keep.

It’s Complicated

Many market analysts have raised concerns that much higher production costs in the U.S. will erode TSMC's profit margin and affect its cash dividend payout. According to Bloomberg, TSMC is warning of its inability to keep its chips outside of China. Meanwhile Huawei plans to begin mass shipments of its own advanced AI chip — the 910C — as early as next month, a supposed replacement for Nvidia’s H20 chips. On April 15th, Nvidia said that it will take a quarterly charge of about $5.5 billion tied to exporting H20 graphics processing units to China and other destination since on April 9, the U.S. government told Nvidia it would require a license to export the chips to China and a handful of other countries.

The Semiconductor Stock Crash of 2025

On the stock market, the semiconductor stocks are imploding as of April, 2025. Nvidia is down 30% and TSMC is down nearly 27% so far this year with the entire sector in turmoil, but the worst may be still yet to come for investors. TSMC’s biggest customers are the likes of Nvidia, Apple, AMD, Qualcomm, Broadcom and others. There are many good reasons I’m calling TSMC the most important tech company in the world.

I hope this report sheds important details on why this is the case in this peculiar geopolitical uncertainty around the U.S. vs. China, export controls and the critical future of the semiconductor industry. In my Newsletter Semiconductor Things, I delve into the news cycle around this industry.

At this point I’ll turn it over to the experts:

What is SemiVision Newsletter?

Read More

SemiVision is a semiconductor industry research institution committed to transforming analysis into vision through comprehensive insights into the semiconductor ecosystem. The semiconductor industry’s future is shaped by cutting-edge innovations such as AI, silicon photonics, advanced packaging, and more. At the heart of this ecosystem lies the interplay between foundries, semiconductor manufacturing, fabless design houses, and ASIC (Application-Specific Integrated Circuit) development—each a critical pillar supporting the chips and technologies that power our world.

SV Works:

I consider SemiVision critical reading for investors, China watchers, U.S. AI policy types and analysts in the Semiconductor space as of 2025, among others.

SemiVision is the fastest growing paid semiconductor Newsletter on Substack as of early 2025.

By Jett and Eddy, March, 2025 via SEMI VISION_TW

The State of TSMC in the Global Order: Report

TSMC in Strategic Focus: U.S. Expansion, Potential Intel Collaboration, and Navigating U.S.-China Tech Tensions

As global semiconductor dynamics are increasingly shaped by geopolitics, Taiwan Semiconductor Manufacturing Company (TSMC) finds itself not only at the forefront of technological innovation but also at the very center of a high-stakes geopolitical chessboard. Amid intensifying U.S.-China tech rivalry and a global push to localize supply chains, TSMC’s strategic decisions—from its multibillion-dollar investment in Arizona, to its rumored advanced packaging collaboration with Intel, to its response to political pressures from Washington—are reshaping the semiconductor landscape and influencing the global balance of technology power.

This article offers a deep dive into TSMC’s current strategic positioning through five key lenses: (1) the scope and implications of its U.S. capacity expansion and how it manages geopolitical risks; (2) the potential cooperation model with Intel on advanced packaging or shared manufacturing capacity; (3) the increasing pressure from the U.S. government regarding transparency, capacity allocation, and alignment with national interests; (4) its financial performance and capital expenditure outlook amid global uncertainty; and (5) the status and competitive edge of its 2nm and sub-2nm process technology roadmap. Together, these dimensions reveal not only the complexity of the challenges facing TSMC, but also the resilience and adaptability required for it to sustain its leadership role in an evolving and fragmented global semiconductor supply chain.",image courtesy arizona republic welcome back today guest post foremost experts tsmc writing substack semi vision currently ranked th trending rising newsletters tech inapp leaderboard introducing semi vision paid tier month fairly normal specialized research area expertise report today titled tsmc strategic focus us expansion potential intel collaboration navigating uschina tech tensions tsmc crucial future ai us vs china trade war escalates true picks shovels company ai supremacy isnt nvidia tsmc taiwan semiconductor manufacturing company tsmc committed total investment approximately billion united states complicating geopolitical future era reciprocal trade tariff uncertainty tsmc important tech company world share trump administration tsmc promised epic expansions arizona exasperated tariff threats tsmc choice capitulate trump us needs tsmc stay competitive national defense ai tsmc could verge becoming important company world leads rivals unprecedentedly small efficient semiconductor chips critical future ai threat island nation taiwan eg like blockade invasion supplychains tsmc would immediately plunge global economy severe recession would also likely spark hot war involving us japan allies trump administration appears escalating situation subscribe semivision newsletter threats tariffs tsmcs investment arizona could mean area becomes center advanced technology power artificial intelligence sophisticated military systems computers electric vehicles cellphones massive planned addition semiconductor complex north phoenix revenue continues surge tsmc trumps threat tariffs semiconductors significant tariffs taiwan forced island nation make investments may easily able keep complicated many market analysts raised concerns much higher production costs us erode tsmcs profit margin affect cash dividend payout according bloomberg tsmc warning inability keep chips outside china meanwhile huawei plans begin mass shipments advanced ai chip c early next month supposed replacement nvidias h chips april th nvidia said take quarterly charge billion tied exporting h graphics processing units china destination since april us government told nvidia would require license export chips china handful countries semiconductor stock crash stock market semiconductor stocks imploding april nvidia tsmc nearly far year entire sector turmoil worst may still yet come investors tsmcs biggest customers likes nvidia apple amd qualcomm broadcom others many good reasons im calling tsmc important tech company world hope report sheds important details case peculiar geopolitical uncertainty around us vs china export controls critical future semiconductor industry newsletter semiconductor things delve news cycle around industry point ill turn experts semivision newsletter read semivision semiconductor industry research institution committed transforming analysis vision comprehensive insights semiconductor ecosystem semiconductor industrys future shaped cuttingedge innovations ai silicon photonics advanced packaging heart ecosystem lies interplay foundries semiconductor manufacturing fabless design houses asic applicationspecific integrated circuit developmenteach critical pillar supporting chips technologies power world sv works consider semivision critical reading investors china watchers us ai policy types analysts semiconductor space among others semivision fastest growing paid semiconductor newsletter substack early jett eddy march via semi visiontw state tsmc global order report tsmc strategic focus us expansion potential intel collaboration navigating uschina tech tensions global semiconductor dynamics increasingly shaped geopolitics taiwan semiconductor manufacturing company tsmc finds forefront technological innovation also center highstakes geopolitical chessboard amid intensifying uschina tech rivalry global push localize supply chains tsmcs strategic decisionsfrom multibilliondollar investment arizona rumored advanced packaging collaboration intel response political pressures washingtonare reshaping semiconductor landscape influencing global balance technology power article offers deep dive tsmcs current strategic positioning five key lenses scope implications us capacity expansion manages geopolitical risks potential cooperation model intel advanced packaging shared manufacturing capacity increasing pressure us government regarding transparency capacity allocation alignment national interests financial performance capital expenditure outlook amid global uncertainty status competitive edge nm subnm process technology roadmap together dimensions reveal complexity challenges facing tsmc also resilience adaptability required sustain leadership role evolving fragmented global semiconductor supply chain
TSMC,https://www.reuters.com/technology/tsmc-q1-profit-beats-views-robust-chip-demand-2025-04-18/,Error,,,
TSMC,https://asia.nikkei.com/Business/Tech/Semiconductors/TSMC-to-expand-U.S.-Arizona-facility-amid-geopolitical-pressures,Neutral,0.0,Here are some helpful links instead: Home page | Search | Contact Us,helpful links instead home page search contact us
TSMC,https://www.wsj.com/articles/tsmc-plans-massive-investment-in-u-s-manufacturing-amid-supply-chain-reshuffle-2025-04-15,Error,,,
TSMC,https://www.cnbc.com/2025/04/17/tsmc-chip-prices-rising-10percent-on-u-s.-geopolitical-tensions.html,Positive,0.18333333333333332,"Got a confidential news tip? We want to hear from you. Sign up for free newsletters and get more CNBC delivered to your inbox Get this delivered to your inbox, and more info about our products and services. © 2025 CNBC LLC. All Rights Reserved. A Division of NBCUniversal 
      Data is a real-time snapshot *Data is delayed at least 15 minutes.
      Global Business and Financial News, Stock Quotes, and Market Data
      and Analysis.
     Data also provided by",got confidential news tip want hear sign free newsletters get cnbc delivered inbox get delivered inbox info products services cnbc llc rights reserved division nbcuniversal data realtime snapshot data delayed least minutes global business financial news stock quotes market data analysis data also provided
TSMC,https://www.semiwiki.com/semiconductor-manufacturers/tsmc/330822-tsmcs-future-strategy-where-america-where-asia/,Error,,,
TSMC,https://www.bloomberg.com/news/articles/2025-04-14/tsmc-caught-between-u-s-and-china-in-tech-cold-war,Positive,0.31666666666666665,"To continue, please click the box below to let us know you're not a robot. Please make sure your browser supports JavaScript and cookies and that you are not
                    blocking them from loading.
                    For more information you can review our Terms of Service 
                    and Cookie Policy. For inquiries related to this message please contact
                        our support team and provide the reference ID below. Get the most important global markets news at your fingertips with a Bloomberg.com subscription.",continue please click box let us know youre robot please make sure browser supports javascript cookies blocking loading information review terms service cookie policy inquiries related message please contact support team provide reference id get important global markets news fingertips bloombergcom subscription
TSMC,https://asia.nikkei.com/Business/Companies/TSMC-executives-discuss-us-investments-challenges-and-opportunities,Neutral,0.0,Here are some helpful links instead: Home page | Search | Contact Us,helpful links instead home page search contact us
TSMC,https://www.cnbc.com/2025/03/28/tsmc-strategic-supply-chain-diversification-strategy-amid-tensions.html,Positive,0.18333333333333332,"Got a confidential news tip? We want to hear from you. Sign up for free newsletters and get more CNBC delivered to your inbox Get this delivered to your inbox, and more info about our products and services. © 2025 CNBC LLC. All Rights Reserved. A Division of NBCUniversal 
      Data is a real-time snapshot *Data is delayed at least 15 minutes.
      Global Business and Financial News, Stock Quotes, and Market Data
      and Analysis.
     Data also provided by",got confidential news tip want hear sign free newsletters get cnbc delivered inbox get delivered inbox info products services cnbc llc rights reserved division nbcuniversal data realtime snapshot data delayed least minutes global business financial news stock quotes market data analysis data also provided
TSMC,https://www.forbes.com/sites/forbestechcouncil/2025/04/11/tsmc-s-role-in-the-global-tech-battle-between-china-and-the-us/,Positive,0.21785714285714283,"ByDan Alexander, Forbes Staff Hundreds of billionaires are poorer since Trump took office. Here are the few who have lostâor gainedâthe most. “Efficiency is doing things right; effectiveness is doing the right things.” Peter Drucker, Author and Management Consultant",bydan alexander forbes staff hundreds billionaires poorer since trump took office lostor gainedthe efficiency things right effectiveness right things peter drucker author management consultant
External ,https://www.semiconductors.org/sia-applauds-tsmcs-expanded-investment-in-u-s-semiconductor-manufacturing/ ,Positive,0.24590909090909094,"by Semiconductor Industry Association WASHINGTON—March 7, 2025— The Semiconductor Industry Association (SIA) today released the following statement from President and CEO John Neuffer regarding the announcement this week by C.C. Wei of TSMC and President Trump. The company plans to increase its U.S. investment in advanced semiconductor manufacturing by $100 billion – to a new total of $165 billion – with three new fabs, two advanced packaging facilities, and an R&D center. “This week’s announcement by TSMC and President Trump is a major win for America’s economy, supply chain security, and domestic production of the advanced chips that propel AI and many other transformative technologies of the future. Since TSMC’s initial U.S. investments announced during President Trump’s first term, companies across the semiconductor ecosystem have committed to invest more than half-a-trillion dollars in America. We applaud TSMC for investing boldly in the United States and look forward to continuing to work with leaders in Washington to advance policies that promote America’s economic strength, national security, and technology leadership.” ### 1101 K Street NW Suite 450, Washington, DC  20005
			E-mail",semiconductor industry association washingtonmarch semiconductor industry association sia today released following statement president ceo john neuffer regarding announcement week cc wei tsmc president trump company plans increase us investment advanced semiconductor manufacturing billion new total billion three new fabs two advanced packaging facilities rd center weeks announcement tsmc president trump major win americas economy supply chain security domestic production advanced chips propel ai many transformative technologies future since tsmcs initial us investments announced president trumps first term companies across semiconductor ecosystem committed invest halfatrillion dollars america applaud tsmc investing boldly united states look forward continuing work leaders washington advance policies promote americas economic strength national security technology leadership k street nw suite washington dc email
External ,https://www.supplychainbrain.com/articles/40256-watch-how-are-china-taiwan-tensions-threatening-global-semiconductor-supply,Negative,-0.026461538461538463,"Ashray Lavsi, principal with Efficio Consulting, reports on the current state of relations between China and Taiwan, and how it might affect the global supply of semiconductors.

Taiwan plays an “extremely critical” role in supplying the world with semiconductors, Lavsi notes. Taiwan Semiconductor Manufacturing Company (TSMC) provides 90% of advanced-design chips, and 60% of all types of semiconductor products. Its biggest competitors are Samsung and Intel, at a distant second and third, with market shares of 18% and 10%, respectively.

Any interruption, therefore, in the flow of semiconductors from Taiwan could have a “catastrophic” effect on global supply chains. Witness the chips shortage of 2021, which forced the automotive industry to cut back on production by 7 million units, resulting in the loss of billions of dollars of revenue.

The biggest threat at the moment concerns China’s stance on Taiwan, which it claims as part of its territory and could choose to invade the island at any time, choking off semiconductor production.

In addition, notes Lavsi, 50% of all containerships in the world move through the Taiwan Strait, so an interruption of vessel traffic there would seriously impact all trade with China. Short of an invasion by China, a blockage of that critical trade route would have a similar impact. “If anything were to happen,” he says, “with even a minor disruption, the domino effect could be massive.”

The threat has intensified in recent in recent months, with China conducting military exercises in the Taiwan Strait. Such actions have caused the U.S. and Europe to begin seeking ways to reduce their reliance on semiconductors from Taiwan, with both offering billions of dollars to companies willing to build domestic chip-fabrication plants. Those efforts are well underway, but are expected to take years to bear results. In the meantime, the stability of the global high-tech supply chain remains dependent on a highly unstable political state of affairs.",ashray lavsi principal efficio consulting reports current state relations china taiwan might affect global supply semiconductors taiwan plays extremely critical role supplying world semiconductors lavsi notes taiwan semiconductor manufacturing company tsmc provides advanceddesign chips types semiconductor products biggest competitors samsung intel distant second third market shares respectively interruption therefore flow semiconductors taiwan could catastrophic effect global supply chains witness chips shortage forced automotive industry cut back production million units resulting loss billions dollars revenue biggest threat moment concerns chinas stance taiwan claims part territory could choose invade island time choking semiconductor production addition notes lavsi containerships world move taiwan strait interruption vessel traffic would seriously impact trade china short invasion china blockage critical trade route would similar impact anything happen says even minor disruption domino effect could massive threat intensified recent recent months china conducting military exercises taiwan strait actions caused us europe begin seeking ways reduce reliance semiconductors taiwan offering billions dollars companies willing build domestic chipfabrication plants efforts well underway expected take years bear results meantime stability global hightech supply chain remains dependent highly unstable political state affairs
External ,https://www.linkedin.com/pulse/global-tariffs-reshape-semiconductor-industry-2025-impact-varun-goyal-63t9c ,Positive,0.11111111111111112,"We can’t find the page you’re looking for. The page you’re looking for may have been moved, or may no longer exist. Try going back to the previous page or check out more articles in this collaborative article page.",cant find page youre looking page youre looking may moved may longer exist try going back previous page check articles collaborative article page
External ,https://www.nytimes.com/2025/04/16/business/china-taiwan-tariffs-chips.html,Positive,0.054999999999999986,"In the United States, the Trump administration has initiated a national security investigation into chip imports that could result in tariffs on the industry. Nvidia, the American chipmaker, said Tuesday that it had been told by the government it would now need a license to sell any A.I. chips to China. President Trump has long focused on Taiwan and accused it of stealing business from American companies.

China is taking a different tack.

In a notice last week, a state-backed trade association in China issued guidance that would exempt a significant portion of advanced chips from China’s tariffs on the United States.

The reason, experts said, is that China knows it needs those chips and does not want to let its trade war with the United States get in the way.

The upshot is that many advanced chips that are designed by American companies like Nvidia, Apple, Qualcomm and AMD, but manufactured in Taiwan, will not be subject to Chinese tariffs. American companies might end up with the chips, and then sell them to Chinese companies, but for the purposes of tariffs, China will not consider such chips as originating in the United States.

That is a change from typical trade policy. The United States and other countries usually consider chips to have been made in the country where they undergo a later stage of the production process known as packaging. China will consider the location where the circuits were etched onto tiny pieces of silicon to be the place where a chip is made.",united states trump administration initiated national security investigation chip imports could result tariffs industry nvidia american chipmaker said tuesday told government would need license sell ai chips china president trump long focused taiwan accused stealing business american companies china taking different tack notice last week statebacked trade association china issued guidance would exempt significant portion advanced chips chinas tariffs united states reason experts said china knows needs chips want let trade war united states get way upshot many advanced chips designed american companies like nvidia apple qualcomm amd manufactured taiwan subject chinese tariffs american companies might end chips sell chinese companies purposes tariffs china consider chips originating united states change typical trade policy united states countries usually consider chips made country undergo later stage production process known packaging china consider location circuits etched onto tiny pieces silicon place chip made
External ,https://www.ainvest.com/news/navigating-geopolitical-risks-semiconductor-industry-strategies-investors-2504/,Positive,0.10447058823529412,"IntroductionIn today's interconnected world, geopolitical risks have become a significant factor influencing the stock market, particularly in industries like semiconductors. As a crucial component of everything from smartphones to automobiles, semiconductors are at the heart of technological advancement. However, their global supply chain is highly susceptible to geopolitical tensions, making it essential for investors to understand these risks and adapt their strategies accordingly.Core Concept ExplanationGeopolitical risk refers to the potential for political actions or events in one country to affect the economies or markets of other nations. In the semiconductor industry, these risks can arise from trade wars, regulatory changes, or regional conflicts. Given the industry's reliance on a global supply chain, any disruption can significantly impact production and distribution, leading to volatility in semiconductor stocks.Application and StrategiesInvestors can apply their understanding of geopolitical risks to make informed decisions in the semiconductor sector. Here are a few strategies:By diversifying their portfolios, investors can mitigate the impact of regional geopolitical risks. This involves investing in semiconductor companies from different countries or those with diverse supply chains.Staying informed about international relations and trade policies can help investors anticipate potential risks. This might include following news about trade agreements, tariffs, or sanctions that could affect the semiconductor supply chain.Some semiconductor companies are better equipped to handle geopolitical disruptions due to their strong financial positions or robust supply chain management. Identifying and investing in such resilient companies can reduce risk exposure.Case Study AnalysisA notable example of geopolitical risk impacting the semiconductor industry is the U.S.-China trade war. In 2018, the U.S. imposed tariffs on Chinese goods, and China responded in kind. This conflict affected companies like intel and qualcomm , which rely on both countries for production and sales. The tariffs led to increased costs, supply chain disruptions, and stock price volatility. Investors who recognized these risks early on and adjusted their strategies could have minimized their losses or even capitalized on the market movements.Risks and ConsiderationsWhile understanding geopolitical risks offers strategic advantages, it also presents challenges. Predicting geopolitical events is inherently uncertain, and investors might misjudge the potential impact on the semiconductor industry. To mitigate these risks, investors should:Regularly review geopolitical analyses and reports to stay updated on potential threats and opportunities.Establish clear criteria for when to buy or sell stocks based on geopolitical developments. This might include setting stop-loss limits or predefined asset allocation adjustments.ConclusionGeopolitical risks are a critical factor for investors in the semiconductor industry. By understanding these risks and implementing strategies such as diversification, monitoring political developments, and investing in resilient companies, investors can navigate the complexities of global politics and make informed decisions. While the unpredictability of geopolitical events poses challenges, a proactive approach to risk management can help investors protect their portfolios and seize potential opportunities.",introductionin todays interconnected world geopolitical risks become significant factor influencing stock market particularly industries like semiconductors crucial component everything smartphones automobiles semiconductors heart technological advancement however global supply chain highly susceptible geopolitical tensions making essential investors understand risks adapt strategies accordinglycore concept explanationgeopolitical risk refers potential political actions events one country affect economies markets nations semiconductor industry risks arise trade wars regulatory changes regional conflicts given industrys reliance global supply chain disruption significantly impact production distribution leading volatility semiconductor stocksapplication strategiesinvestors apply understanding geopolitical risks make informed decisions semiconductor sector strategiesby diversifying portfolios investors mitigate impact regional geopolitical risks involves investing semiconductor companies different countries diverse supply chainsstaying informed international relations trade policies help investors anticipate potential risks might include following news trade agreements tariffs sanctions could affect semiconductor supply chainsome semiconductor companies better equipped handle geopolitical disruptions due strong financial positions robust supply chain management identifying investing resilient companies reduce risk exposurecase study analysisa notable example geopolitical risk impacting semiconductor industry uschina trade war us imposed tariffs chinese goods china responded kind conflict affected companies like intel qualcomm rely countries production sales tariffs led increased costs supply chain disruptions stock price volatility investors recognized risks early adjusted strategies could minimized losses even capitalized market movementsrisks considerationswhile understanding geopolitical risks offers strategic advantages also presents challenges predicting geopolitical events inherently uncertain investors might misjudge potential impact semiconductor industry mitigate risks investors shouldregularly review geopolitical analyses reports stay updated potential threats opportunitiesestablish clear criteria buy sell stocks based geopolitical developments might include setting stoploss limits predefined asset allocation adjustmentsconclusiongeopolitical risks critical factor investors semiconductor industry understanding risks implementing strategies diversification monitoring political developments investing resilient companies investors navigate complexities global politics make informed decisions unpredictability geopolitical events poses challenges proactive approach risk management help investors protect portfolios seize potential opportunities
External ,https://www.linkedin.com/pulse/2025-semiconductor-industry-trends-resurgence-future-shayantani-ad9ac,Positive,0.1246016825279983,"The semiconductor industry experienced a robust rebound in 2024, recovering from a significant slump in 2023. This resurgence, largely fueled by AI-driven demand, sets the stage for continuous growth in 2025. The industry's trajectory will be defined by three transformative trends: electrification, digitization, and the prolific adoption of artificial intelligence (#AI) and Internet of Things (#IoT) technologies.

Key verticals driving the semiconductor industry growth include automotive, industrial, aerospace, defense, and high-performance computing (#HPC). Innovations such as #autonomousvehicles, #electricmobility, #smartgrids, and industrial #IoT are thrusting the emergence of #Industry5.0, which emphasizes the integration of human intelligence and advanced technologies. These advancements are creating a surging need for powerful, efficient, and secure semiconductor solutions, solidifying the industry's critical role in enabling next-generation applications and a more connected, sustainable future.

Market Forecasts

Gartner has predicted that the Global semiconductor revenue would surpass the $700 billion mark in 2025, growing at a rate of 13.8 percent. The industry is expected to grow to $1 trillion by 2030.

IDC predicts that the worldwide demand for artificial intelligence (#AI) and high-performance computing (HPC) will continue to grow by more than 15 percent in 2025. They further foresee a double-digit growth for the entire semiconductor industry in 2025.

It is projected that the electronics component industry will recover by Q1 2025. Excess inventory which was a challenge in 2024 will be dealt with production cuts by suppliers and buyers filling backlogs with existing surplus.

As demand stabilizes, especially driven by AI, high-performance computing, and electric vehicles, production will likely align with more sustainable growth patterns. However, supply chain resilience will remain a priority, as companies work to avoid overproduction and ensure that manufacturing capacity aligns closely with evolving market needs, particularly in AI and data center applications.

Data Center Transformation with AI Accelerators

AI adoption is driving an unprecedented surge in demand for semiconductors, with the transition from predictive to generative AI accelerating the need for AI accelerators and high-bandwidth memory (#HBM). Traditional machine learning models, such as YOLO-v5, with weights in the sub-500M range, are being ousted by larger, more complex models like Phi, Gemma, and Mistral-7B, which fall into the 5B–70B weight class. This shift reflects the growing computational intensity of modern AI applications.

The growing demand for AI silicon, particularly in data centers, has ballooned Nvidia's data center business to forecasted revenues exceeding $80 billion for 2025.

Furthermore, the traditional dynamics between CPUs (Central Processing Units) and co-processors like GPUs (Graphic Processing Units) or domain-specific ASICs (Application-specific Integration Circuits) are evolving. CPUs increasingly serve as orchestrators or business logic co-processors for GPUs, coordinating a growing array of specialized accelerators. This shift highlights the critical role of diversified semiconductor architectures in meeting the soaring computational demands of generative AI applications.

AI-fueled Shortages may Occur if Demand Skyrockets

PwC estimates suggest that the market for AI-specific silicon will reach $150 billion by 2028. The explosive growth of AI is fueling the demand for HBM (High Bandwidth Memory), SSDs (Solid State Drive), graphics processing units (GPUs), advanced packaging, and other necessary components. It is expected that in 2025, AI would be infused into a wide range of devices. There will be a demand for customization within specific component sectors. For instance, #Nvidia, #Intel, and #AMD have taken the lead in designing AI-centric processors, such as #GPUs and #CPUs, tailored for tasks like natural language processing, deep learning, and generative outputs. In the years ahead, these components are expected to undergo significant advancements, incorporating neuromorphic designs that emulate human brain-like functions. As AI processing will move to the edge, semiconductors designed for #edge devices will have to be more power-efficient, quicker, and suitable for handling complex AI workloads. This will demand innovation in low-power, high-performance chips, particularly for applications such as #IoT devices, smart cameras and autonomous drones.

The rapid adoption of advanced products like #HBM3 and #HBM3e, essential for AI accelerators, alongside the anticipated launch of next generation #HBM4 in late 2025, is fueling growth in the memory segment. The robust demand for high-end mobile phone #ICs, advanced node ICs for AI servers, and WiFi7 will propel an increase of 13 percent in the non-memory segment. A recovery in the consumer electronics market will create demand for mature node ICs. AI-enabled PCs, smartphones and other devices are contributing to the growth. As per estimates from Canalys AI laptops will account for 50 percent of global PC shipments. IDC had predicted that generative AI smartphone shipments would increase 364 percent year-over-year in 2024, reaching 234.2 million units in 2025, at a growth rate of 73.1 percent. IDC also opined that Global Gen AI smartphone shipments would reach 912 million units, with a CAGR of 78.4percent during the period of 2023 until 2028.

High Demand for Memory Market and Move Towards HBM Customization

Memory and Logic products make up the major share of the semiconductor market. High-bandwidth memory (HBM) and enterprise solid-state drives (SSDs) are experiencing sustained demand driven by the proliferation of AI applications. Gartner forecasts a 57 percent increase in HBM shipments for 2025, building on the remarkable 265 percent growth recorded in 2024. However, this increase in demand has led to supply bottlenecks and shortages. To address this, industry leaders such as Samsung Electronics, Micron Technology, and SK Hynix have adjusted their production capacities to prioritize HBM. As HBM supplies become limited, manufacturers will invest greater capacity and resources into building custom HBMs.

“There is a big wave coming in HBM architectures — custom HBM. The proliferation of AI infrastructure requires extreme efficiency with a scale-out capability, and we are in solid agreement with our key customers that customization of HBM-based AI will be a critical step. PPA — power, performance, and area are the keys for AI solutions, and customization will provide a significant value when it comes to PPA”. - Indong Kim, Vice President and Head of DRAM Product Planning at Samsung Semiconductor.

The #HBM market leaders are working on new ways to increase performance and processing speeds. #Samsung and #Micron are adopting advanced techniques, including the use of a non-conductive film (#NCF) combined with thermocompression bonding (TCB) at each bump level. In contrast, #SKHynix is utilizing a flip-chip mass reflow process with molded underfill (MR-MUF), which encapsulates the stack in a high-conductivity molding material in a single step. These leaders have also navigated rigorous client-specific qualification processes; for instance, Samsung’s HBM3E products recently passed Nvidia’s tests for use in its AI processors. Meanwhile, demand for #DRAM and #NAND flash remains subdued due to inventory surpluses.

Advanced Packaging Techniques

In 2024, as the functionality and performance requirements of semiconductor wafers continue to improve, advanced packaging technologies will become a major focus. Industry leaders like Nvidia are leveraging TSMC’s chip-on-wafer-on-substrate (#CoWoS) technology to improve chip performance by stacking chips on a single substrate, improving performance, reducing footprint, and boosting power efficiency. As node sizes continue to shrink, #CoWoS is emerging as a key solution for advancing semiconductor capabilities, particularly in AI applications. Meanwhile, #FOPLP (Fan-Out Panel-Level Packaging), currently applied for smaller analog chips like #PMIC and #RF, is expected to see robust growth from 2025 onward. With ongoing technological advancements, #FOPLP is anticipated to penetrate the AI chip market, which requires larger packaging areas, and enables more advanced glass base products. In response to rising demand, especially from high-performance computing customers such as #NVIDIA, #AMD, #AWS, #Broadcom, and cloud service providers (#CSPs), #TSMC plans to expand its #CoWoS production capacity. The target is to increase production from 330,000 wafers in 2024 to 660,000 wafers in 2025, marking a 100 percent annual increase, with the CoWoS-L product line growing by 470 percent annually. This surge in production will also create growth opportunities for Taiwan’s equipment supply chain, including key process equipment vendors in areas such as wet etching, dispensing, and crystal picking. #CoWoS and #FOPLP technologies are thus playing critical roles in meeting the growing demand for advanced AI and high-performance computing chips while advancing semiconductor innovation.

A Defining Year (2025) for 2nm Technology

All major wafer makers have entered 2nm mass production. TSMC is rapidly expanding its fabs in Hsinchu and Kaohsiung, which is projected to enter mass production in the second half of 2025. Samsung can possibly enter production sooner than TSMC. #Intel may concentrate on 18A, which already has Backside Power Delivery Network, #BSPDN, under strategic adjustment. These three major wafer makers will encounter roadblocks in balancing performance, power consumption and cost per area with the 2 nm technology. The mass production of key products using this technology, such as Smartphone AP, Mining Chip, AI Accelerator, will also start in 2025.

Automotive Electronics and EV Semiconductors

The automotive sector, particularly with the rise of electric vehicles (#EVs), is experiencing a profound transformation as cars evolve from mechanical systems with wheels to advanced electronic systems. EVs require three times the semiconductor components compared to traditional vehicles, driven by the need for more advanced technologies. Semiconductors play a vital role in enabling reliable and secure communication between vehicles and their environment (#V2X), enhancing the overall driving experience for both passengers and drivers. Sensors embedded in EVs provide real-time understanding of the environment, user behavior, and the vehicle's own performance. Wide-bandgap (#WBG) semiconductors such as silicon carbide (#SiC), gallium nitride (#GaN), and alternative materials such as gallium oxide (#Ga2O3) are revolutionizing the auto semiconductor industry with greater energy efficiency, power density and resistance to higher temperatures. Major power semiconductor suppliers, including #STMicroelectronics, #3Onsemi, #Infineon, #Nexperia and #ROHM are increasingly concentrating on #WBG technology.

Meanwhile, processors facilitate self-learning algorithms that enable real-time decision-making for various functions. The rise of software-defined vehicles demands high-performance computing integrated circuits (#ICs), zonal controllers, and smart peripherals that can be updated and programmed over-the-air (#OTA). Specialized chips are required for powertrain management, battery management systems (#BMS), autonomous driving, and in-vehicle infotainment systems, making automotive-grade semiconductors a critical segment of the market. As this shift accelerates, automotive semiconductors will become an increasingly essential part of the semiconductor industry's growth trajectory.

Robust Demand for Advanced Nodes, 3D chip Architecture and Accelerated Foundry Expansion

Semiconductor manufacturers are redefining the limits of Moore's Law through breakthroughs in 3D chip stacking and advanced nodes below 5nm. These bleeding-edge technologies enhance performance, energy efficiency, and chip density, catering to the growing demands of AI, high-performance computing, and next-generation devices. AI is driving the expansion of advanced nodes (below 20nm). Advanced nodes’ capacity is rising by 12 percent annually while wafer manufacturing in general will increase by 7 percent in 2025. Average capacity utilization rate is expected to be above 90 percent. Global leaders like #TSMC and #Samsung are at the forefront of adopting these advanced manufacturing techniques, driving innovation across the industry. TSMC is building 2nm and 3nm in Taiwan and 4/5nm in the U.S. which will soon be in mass production. Samsung is improving on its 2nm in Hwaseong, Korea, building on its advantage of entering GAA (Gate All Around) generation first. Intel’s focus is on 18A process development.

Meanwhile, Indian research institutions and startups are forging partnerships with international players to develop scalable solutions for these advanced architectures, positioning themselves as key contributors to the global semiconductor ecosystem.

5G Expansion and 6G Evolution

The 5G rollouts and initial developments in 6G are driving semiconductor demand. 5G enables remarkable breakthroughs in healthcare, transportation and entertainment industry, enabling remote surgeries, smart city management, asset tracking, supporting self-driving cars and creating immersive virtual reality experiences. As the demand for 5G grows, miniaturization and integration become crucial in semiconductor design. A major innovation in this field is the development of System-on-Chip (#SoC) designs. These designs combine processors, memory, and radio frequency (#RF) components on a single chip, streamlining functionality and minimizing space needs. By embedding multiple functions into one chip, SoCs help meet the demands of faster, more efficient #5G networks. Advanced semiconductor chips are integral for the enhanced processing capabilities required in 5G base stations. Smartphones and other mobile devices depend on powerful semiconductors to support 5G connectivity. The IoT ecosystem also benefits enormously from 5G technology and supporting semiconductors. Advanced communication infrastructure necessitates semiconductors that enable higher bandwidth, optimized energy efficiency and speed.

Quantum Computing

The United Nations has declared 2025 as the International Year of Quantum Science and Technology. Quantum computing, while still in its developmental phase, is gradually emerging as a transformative technology for industries commanding massive computational power. Behemoths such as IBM, Google, and Intel are making significant advancements in quantum processor development. It is expected that within the next few years quantum chips will scale up significantly.

Rising Demand for Power Components Driven by Data Center Growth and the Subsequent Power Shortages

The data center industry has been subjected to a major roadblock with not enough power or space to support the heightened AI demand and subsequent need to host the enormous data. A CNBC report pointed out that the power demand for the data centers due to the AI boom may match up to the electricity demand for major cities and U.S states. Many power grids around the world are several decades old, nearing the end of their 50–80-year lifecycles. This aging infrastructure makes them increasingly susceptible to power outages, cyber-attacks, and community emergencies. A 21st-century power grid must meet the growing demand for electricity driven by electric vehicles, heat pumps, industrial electrification, and hydrogen electrolysis. Additionally, it needs to expand into new regions to tap into optimal wind and solar resources. These factors highlight the need for a larger grid with enhanced long-distance transmission capabilities. This is leading to new developments in the power component industry. High-efficiency power converters can reduce data centers' energy loss by using new materials that are more efficient than traditional silicon-based components. These include silicon carbide (#SiC) and gallium nitride (#GaN) components, which provide significantly higher breakdown voltage, faster switching speeds, higher power density, and smaller size. #Wolfspeed, #STMicroelectronics, and #Infineon manufacture #SiC and/or #GaN components. #Wolfspeed, a leader in SiC technology, is actively working to expand its global presence and boost production capacity. Similarly, GaN, which was once predominantly used in aerospace and defense, is now finding growing applications in communications and data centers. SiC and #GaN components produce less emissions and can help companies achieve sustainability goals sooner due to power efficiency.

Sustainability and Green Semiconductor Manufacturing

Rising environmental concerns will drive the adoption of sustainable manufacturing practices and will encourage manufacturers to scrutinize emissions throughout the supply chain. Chip fabrication creates colossal amounts of emissions due to manufacturing tools, chemicals, raw materials, and extensive subfab facilities. As a result, chip manufacturers are switching to alternative fuels such as biogas and green hydrogen to facilitate sustainable operations. They are also replacing conventional chemicals with recycled materials. Fabs capture hazardous gases through membrane separation, cryogenic recovery, or desorption and incorporate sustainability in their internal processes.

Supply Chain Disbalances

The semiconductor supply chain is inherently complex and highly sensitive, requiring coordination across multiple stages, specialized processes, and diverse geographic regions. It involves over 5,000 vendors working in tandem, many of which supply a single component to a single company. This intricate interdependence means any disruption can bring the entire industry to a standstill.

Adding to this complexity are geopolitical tensions and demand volatility. The absence of competition in the GPU market, for instance, has concentrated most demand on Nvidia. Bain & Company projects that capital spending on data centers will rise by 36 percent year-over-year in 2024, driven by AI and accelerated computing. If the demand for current-generation GPUs doubles by 2026, suppliers will boost output by 30 percent or more to meet requirements—an ambitious challenge.

A report from Bain & Company further warns of an imminent AI-induced semiconductor shortage. Anne Hoecker, Head of Bain’s Americas Technology Practice, highlights the extraordinary demand for GPUs and other components driven by AI-enabled devices. She notes, “The increasing demand for GPUs has caused shortages in some segments of the semiconductor supply chain. The onslaught of AI-enabled devices may accelerate PC refresh cycles and pose extreme widespread supply constraints for semiconductors.” Bain also emphasized that an increase in demand beyond 20 percent could significantly exacerbate supply chain complexities.

The semiconductor supply chain’s delicacy, combined with its global interconnectedness and growing demand for AI and accelerated computing, underscores the urgency of addressing these looming challenges.

Governments and corporations are increasingly adopting localization strategies to reduce the risks associated with over-reliance on specific regions for semiconductor production. In the United States, the CHIPS Act dedicates $52 billion to strengthening domestic manufacturing and fostering innovation in the semiconductor sector. Similarly, Europe’s Chips Act has allocated €43 billion to establish a more self-reliant and resilient semiconductor ecosystem. These initiatives aim to decentralize global supply chains, enhance regional competitiveness, and safeguard against disruptions in critical industries.

Southeast Asia's Rise as a Semiconductor Manufacturing Hub

Southeast Asia is emerging as a critical player in the global semiconductor supply chain, driven by increasing investments from multinational companies seeking to diversify their manufacturing bases. The U.S.-China trade tensions and lessons from the pandemic have encouraged companies to adopt a ""China+1"" strategy. Countries like Vietnam, Malaysia, and Thailand are becoming attractive destinations due to their cost competitiveness, proximity to existing supply chains, and business-friendly policies. Governments in Southeast Asia are offering incentives, tax breaks, and infrastructure development to attract semiconductor investments. Samsung and Amkor have set up advanced facilities for chip assembly and testing in Vietnam. Malaysia has seen significant infusion of investments in chip packaging and testing from companies such as Intel and Infineon. Countries like the Philippines and Indonesia are investing in STEM education and workforce development to build a talent pipeline for high-tech manufacturing. The Regional Comprehensive Economic Partnership (RCEP) agreement is expected to further strengthen trade ties and facilitate smoother supply chain integration within the region.

Rise of India as a Semiconductor Powerhouse

In 2024 India introduced the India Semiconductor Mission (ISM) and saw initial commitments from prominent players such as Vedanta-Foxconn and Micron Technology. The priority was on building foundational infrastructure and fostering industry-academia collaborations. India’s semiconductor roadmap is defined by the ISM which targets to attract $20 billion investments over the next 10 years. The policies are geared at building talent pool in collaboration with the academia, funding for R&D and incentives for setting up fabrication units. India aims to become a preferred destination for global semiconductor manufacturing and design.

Semiconductor Talent Shortage Continues

The semiconductor talent shortage is expected to remain a persistent issue in 2025, impacting companies across the entire supply chain. According to the Semiconductor Industry Association (SIA), the global semiconductor industry will require over 1.2 million skilled workers by 2030 to meet the growing demand for chips. The World Economic Forum (WEF) projects that by 2025, the global semiconductor industry will face a shortage of over 100,000 engineers, particularly in roles related to chip design, systems integration, and advanced packaging. The Asia Semiconductor Alliance (ASA) estimates that by 2025, 50% of global semiconductor firms in Asia will battle to meet demand for skilled workers, particularly for roles related to R&D and manufacturing. This is aggravated by the shift toward more complex processes such as 3nm and 2nm chip manufacturing that require highly specialized skills. North America and Europe are expected to encounter substantial talent shortages, with 60% of U.S. semiconductor companies indicating that they cannot find enough qualified workers to support their operations. European countries face a similar scenario, with an estimated shortage of 30,000 semiconductor engineers by 2025, according to the European Semiconductor Association (ESA). AI boom and high-performance computing (HPC), heightens demand for professionals skilled in AI chip design, memory architecture, and HPC infrastructure is intensifying.

IDC projects that the demand for semiconductor talent in AI-related fields will grow by 20-30% annually through 2025, placing further strain on the already scarce pool of specialized engineers. The average age of semiconductor workers is rising, with 35-40% of the workforce in many mature markets such as the U.S. and Japan nearing retirement age. The Institute for Supply Management (ISM) predicts that this demographic shift could significantly worsen the talent shortage in the next five years.

Conclusion

The semiconductor industry's recovery in 2024 has set the stage for a transformative 2025, with strong growth driven by AI, IoT, electrification, and the ever-evolving demands of sectors such as automotive, industrial, and high-performance computing. However, as the industry embraces cutting-edge technologies like AI accelerators, high-bandwidth memory, advanced packaging, and 3D chip architectures, it must maneuver challenges including talent shortages, supply chain complexities, and the need for sustainable practices. As companies increasingly adopt strategies to ensure resilience, localization, and innovation, the semiconductor industry is poised to play a pivotal role in shaping the future of technology, enabling the digital, green, and AI-driven economy of tomorrow.

(Source: KPMG, PwC, IDC, Gartner, Sourceengine, Orbit and Skyline)",semiconductor industry experienced robust rebound recovering significant slump resurgence largely fueled aidriven demand sets stage continuous growth industrys trajectory defined three transformative trends electrification digitization prolific adoption artificial intelligence ai internet things iot technologies key verticals driving semiconductor industry growth include automotive industrial aerospace defense highperformance computing hpc innovations autonomousvehicles electricmobility smartgrids industrial iot thrusting emergence industry emphasizes integration human intelligence advanced technologies advancements creating surging need powerful efficient secure semiconductor solutions solidifying industrys critical role enabling nextgeneration applications connected sustainable future market forecasts gartner predicted global semiconductor revenue would surpass billion mark growing rate percent industry expected grow trillion idc predicts worldwide demand artificial intelligence ai highperformance computing hpc continue grow percent foresee doubledigit growth entire semiconductor industry projected electronics component industry recover q excess inventory challenge dealt production cuts suppliers buyers filling backlogs existing surplus demand stabilizes especially driven ai highperformance computing electric vehicles production likely align sustainable growth patterns however supply chain resilience remain priority companies work avoid overproduction ensure manufacturing capacity aligns closely evolving market needs particularly ai data center applications data center transformation ai accelerators ai adoption driving unprecedented surge demand semiconductors transition predictive generative ai accelerating need ai accelerators highbandwidth memory hbm traditional machine learning models yolov weights subm range ousted larger complex models like phi gemma mistralb fall bb weight class shift reflects growing computational intensity modern ai applications growing demand ai silicon particularly data centers ballooned nvidias data center business forecasted revenues exceeding billion furthermore traditional dynamics cpus central processing units coprocessors like gpus graphic processing units domainspecific asics applicationspecific integration circuits evolving cpus increasingly serve orchestrators business logic coprocessors gpus coordinating growing array specialized accelerators shift highlights critical role diversified semiconductor architectures meeting soaring computational demands generative ai applications aifueled shortages may occur demand skyrockets pwc estimates suggest market aispecific silicon reach billion explosive growth ai fueling demand hbm high bandwidth memory ssds solid state drive graphics processing units gpus advanced packaging necessary components expected ai would infused wide range devices demand customization within specific component sectors instance nvidia intel amd taken lead designing aicentric processors gpus cpus tailored tasks like natural language processing deep learning generative outputs years ahead components expected undergo significant advancements incorporating neuromorphic designs emulate human brainlike functions ai processing move edge semiconductors designed edge devices powerefficient quicker suitable handling complex ai workloads demand innovation lowpower highperformance chips particularly applications iot devices smart cameras autonomous drones rapid adoption advanced products like hbm hbme essential ai accelerators alongside anticipated launch next generation hbm late fueling growth memory segment robust demand highend mobile phone ics advanced node ics ai servers wifi propel increase percent nonmemory segment recovery consumer electronics market create demand mature node ics aienabled pcs smartphones devices contributing growth per estimates canalys ai laptops account percent global pc shipments idc predicted generative ai smartphone shipments would increase percent yearoveryear reaching million units growth rate percent idc also opined global gen ai smartphone shipments would reach million units cagr percent period high demand memory market move towards hbm customization memory logic products make major share semiconductor market highbandwidth memory hbm enterprise solidstate drives ssds experiencing sustained demand driven proliferation ai applications gartner forecasts percent increase hbm shipments building remarkable percent growth recorded however increase demand led supply bottlenecks shortages address industry leaders samsung electronics micron technology sk hynix adjusted production capacities prioritize hbm hbm supplies become limited manufacturers invest greater capacity resources building custom hbms big wave coming hbm architectures custom hbm proliferation ai infrastructure requires extreme efficiency scaleout capability solid agreement key customers customization hbmbased ai critical step ppa power performance area keys ai solutions customization provide significant value comes ppa indong kim vice president head dram product planning samsung semiconductor hbm market leaders working new ways increase performance processing speeds samsung micron adopting advanced techniques including use nonconductive film ncf combined thermocompression bonding tcb bump level contrast skhynix utilizing flipchip mass reflow process molded underfill mrmuf encapsulates stack highconductivity molding material single step leaders also navigated rigorous clientspecific qualification processes instance samsungs hbme products recently passed nvidias tests use ai processors meanwhile demand dram nand flash remains subdued due inventory surpluses advanced packaging techniques functionality performance requirements semiconductor wafers continue improve advanced packaging technologies become major focus industry leaders like nvidia leveraging tsmcs chiponwaferonsubstrate cowos technology improve chip performance stacking chips single substrate improving performance reducing footprint boosting power efficiency node sizes continue shrink cowos emerging key solution advancing semiconductor capabilities particularly ai applications meanwhile foplp fanout panellevel packaging currently applied smaller analog chips like pmic rf expected see robust growth onward ongoing technological advancements foplp anticipated penetrate ai chip market requires larger packaging areas enables advanced glass base products response rising demand especially highperformance computing customers nvidia amd aws broadcom cloud service providers csps tsmc plans expand cowos production capacity target increase production wafers wafers marking percent annual increase cowosl product line growing percent annually surge production also create growth opportunities taiwans equipment supply chain including key process equipment vendors areas wet etching dispensing crystal picking cowos foplp technologies thus playing critical roles meeting growing demand advanced ai highperformance computing chips advancing semiconductor innovation defining year nm technology major wafer makers entered nm mass production tsmc rapidly expanding fabs hsinchu kaohsiung projected enter mass production second half samsung possibly enter production sooner tsmc intel may concentrate already backside power delivery network bspdn strategic adjustment three major wafer makers encounter roadblocks balancing performance power consumption cost per area nm technology mass production key products using technology smartphone ap mining chip ai accelerator also start automotive electronics ev semiconductors automotive sector particularly rise electric vehicles evs experiencing profound transformation cars evolve mechanical systems wheels advanced electronic systems evs require three times semiconductor components compared traditional vehicles driven need advanced technologies semiconductors play vital role enabling reliable secure communication vehicles environment vx enhancing overall driving experience passengers drivers sensors embedded evs provide realtime understanding environment user behavior vehicles performance widebandgap wbg semiconductors silicon carbide sic gallium nitride gan alternative materials gallium oxide gao revolutionizing auto semiconductor industry greater energy efficiency power density resistance higher temperatures major power semiconductor suppliers including stmicroelectronics onsemi infineon nexperia rohm increasingly concentrating wbg technology meanwhile processors facilitate selflearning algorithms enable realtime decisionmaking various functions rise softwaredefined vehicles demands highperformance computing integrated circuits ics zonal controllers smart peripherals updated programmed overtheair ota specialized chips required powertrain management battery management systems bms autonomous driving invehicle infotainment systems making automotivegrade semiconductors critical segment market shift accelerates automotive semiconductors become increasingly essential part semiconductor industrys growth trajectory robust demand advanced nodes chip architecture accelerated foundry expansion semiconductor manufacturers redefining limits moores law breakthroughs chip stacking advanced nodes nm bleedingedge technologies enhance performance energy efficiency chip density catering growing demands ai highperformance computing nextgeneration devices ai driving expansion advanced nodes nm advanced nodes capacity rising percent annually wafer manufacturing general increase percent average capacity utilization rate expected percent global leaders like tsmc samsung forefront adopting advanced manufacturing techniques driving innovation across industry tsmc building nm nm taiwan nm us soon mass production samsung improving nm hwaseong korea building advantage entering gaa gate around generation first intels focus process development meanwhile indian research institutions startups forging partnerships international players develop scalable solutions advanced architectures positioning key contributors global semiconductor ecosystem g expansion g evolution g rollouts initial developments g driving semiconductor demand g enables remarkable breakthroughs healthcare transportation entertainment industry enabling remote surgeries smart city management asset tracking supporting selfdriving cars creating immersive virtual reality experiences demand g grows miniaturization integration become crucial semiconductor design major innovation field development systemonchip soc designs designs combine processors memory radio frequency rf components single chip streamlining functionality minimizing space needs embedding multiple functions one chip socs help meet demands faster efficient g networks advanced semiconductor chips integral enhanced processing capabilities required g base stations smartphones mobile devices depend powerful semiconductors support g connectivity iot ecosystem also benefits enormously g technology supporting semiconductors advanced communication infrastructure necessitates semiconductors enable higher bandwidth optimized energy efficiency speed quantum computing united nations declared international year quantum science technology quantum computing still developmental phase gradually emerging transformative technology industries commanding massive computational power behemoths ibm google intel making significant advancements quantum processor development expected within next years quantum chips scale significantly rising demand power components driven data center growth subsequent power shortages data center industry subjected major roadblock enough power space support heightened ai demand subsequent need host enormous data cnbc report pointed power demand data centers due ai boom may match electricity demand major cities us states many power grids around world several decades old nearing end year lifecycles aging infrastructure makes increasingly susceptible power outages cyberattacks community emergencies stcentury power grid must meet growing demand electricity driven electric vehicles heat pumps industrial electrification hydrogen electrolysis additionally needs expand new regions tap optimal wind solar resources factors highlight need larger grid enhanced longdistance transmission capabilities leading new developments power component industry highefficiency power converters reduce data centers energy loss using new materials efficient traditional siliconbased components include silicon carbide sic gallium nitride gan components provide significantly higher breakdown voltage faster switching speeds higher power density smaller size wolfspeed stmicroelectronics infineon manufacture sic andor gan components wolfspeed leader sic technology actively working expand global presence boost production capacity similarly gan predominantly used aerospace defense finding growing applications communications data centers sic gan components produce less emissions help companies achieve sustainability goals sooner due power efficiency sustainability green semiconductor manufacturing rising environmental concerns drive adoption sustainable manufacturing practices encourage manufacturers scrutinize emissions throughout supply chain chip fabrication creates colossal amounts emissions due manufacturing tools chemicals raw materials extensive subfab facilities result chip manufacturers switching alternative fuels biogas green hydrogen facilitate sustainable operations also replacing conventional chemicals recycled materials fabs capture hazardous gases membrane separation cryogenic recovery desorption incorporate sustainability internal processes supply chain disbalances semiconductor supply chain inherently complex highly sensitive requiring coordination across multiple stages specialized processes diverse geographic regions involves vendors working tandem many supply single component single company intricate interdependence means disruption bring entire industry standstill adding complexity geopolitical tensions demand volatility absence competition gpu market instance concentrated demand nvidia bain company projects capital spending data centers rise percent yearoveryear driven ai accelerated computing demand currentgeneration gpus doubles suppliers boost output percent meet requirementsan ambitious challenge report bain company warns imminent aiinduced semiconductor shortage anne hoecker head bains americas technology practice highlights extraordinary demand gpus components driven aienabled devices notes increasing demand gpus caused shortages segments semiconductor supply chain onslaught aienabled devices may accelerate pc refresh cycles pose extreme widespread supply constraints semiconductors bain also emphasized increase demand beyond percent could significantly exacerbate supply chain complexities semiconductor supply chains delicacy combined global interconnectedness growing demand ai accelerated computing underscores urgency addressing looming challenges governments corporations increasingly adopting localization strategies reduce risks associated overreliance specific regions semiconductor production united states chips act dedicates billion strengthening domestic manufacturing fostering innovation semiconductor sector similarly europes chips act allocated billion establish selfreliant resilient semiconductor ecosystem initiatives aim decentralize global supply chains enhance regional competitiveness safeguard disruptions critical industries southeast asias rise semiconductor manufacturing hub southeast asia emerging critical player global semiconductor supply chain driven increasing investments multinational companies seeking diversify manufacturing bases uschina trade tensions lessons pandemic encouraged companies adopt china strategy countries like vietnam malaysia thailand becoming attractive destinations due cost competitiveness proximity existing supply chains businessfriendly policies governments southeast asia offering incentives tax breaks infrastructure development attract semiconductor investments samsung amkor set advanced facilities chip assembly testing vietnam malaysia seen significant infusion investments chip packaging testing companies intel infineon countries like philippines indonesia investing stem education workforce development build talent pipeline hightech manufacturing regional comprehensive economic partnership rcep agreement expected strengthen trade ties facilitate smoother supply chain integration within region rise india semiconductor powerhouse india introduced india semiconductor mission ism saw initial commitments prominent players vedantafoxconn micron technology priority building foundational infrastructure fostering industryacademia collaborations indias semiconductor roadmap defined ism targets attract billion investments next years policies geared building talent pool collaboration academia funding rd incentives setting fabrication units india aims become preferred destination global semiconductor manufacturing design semiconductor talent shortage continues semiconductor talent shortage expected remain persistent issue impacting companies across entire supply chain according semiconductor industry association sia global semiconductor industry require million skilled workers meet growing demand chips world economic forum wef projects global semiconductor industry face shortage engineers particularly roles related chip design systems integration advanced packaging asia semiconductor alliance asa estimates global semiconductor firms asia battle meet demand skilled workers particularly roles related rd manufacturing aggravated shift toward complex processes nm nm chip manufacturing require highly specialized skills north america europe expected encounter substantial talent shortages us semiconductor companies indicating cannot find enough qualified workers support operations european countries face similar scenario estimated shortage semiconductor engineers according european semiconductor association esa ai boom highperformance computing hpc heightens demand professionals skilled ai chip design memory architecture hpc infrastructure intensifying idc projects demand semiconductor talent airelated fields grow annually placing strain already scarce pool specialized engineers average age semiconductor workers rising workforce many mature markets us japan nearing retirement age institute supply management ism predicts demographic shift could significantly worsen talent shortage next five years conclusion semiconductor industrys recovery set stage transformative strong growth driven ai iot electrification everevolving demands sectors automotive industrial highperformance computing however industry embraces cuttingedge technologies like ai accelerators highbandwidth memory advanced packaging chip architectures must maneuver challenges including talent shortages supply chain complexities need sustainable practices companies increasingly adopt strategies ensure resilience localization innovation semiconductor industry poised play pivotal role shaping future technology enabling digital green aidriven economy tomorrow source kpmg pwc idc gartner sourceengine orbit skyline
External ,https://www.ainvest.com/news/asml-q1-2025-results-reflect-industry-challenges-strategic-growth-focus-2504/,Positive,0.056083333333333305,"ASML Holding N.V. delivered its Q1 2025 financial results on April 16, 2025, revealing a challenging near-term environment for the semiconductor equipment giant. While the company’s total net sales of €7.74 billion and net income of €2.36 billion marked year-over-year declines of 16.4% and 12.3%, respectively, the results underscored strategic investments and long-term growth ambitions in advanced lithography technologies. The performance reflects broader semiconductor industry dynamics, including cyclical demand fluctuations and supply chain uncertainties, yet ASML reaffirmed its vision of becoming a €44–60 billion revenue powerhouse by 2030.

Sales and Income: Navigating a Downward Quarter

Q1 2025 sales fell to €7.74 billion, down from €9.26 billion in Q1 2024 and €9.3 billion in the prior quarter. The drop was driven by fewer system deliveries (73 units vs. 119 in Q1 2024) and weaker demand for installed-base services. Net bookings also slumped to €3.94 billion, a 44.4% YoY decline, signaling cautious customer spending. Despite these headwinds, gross margin held steady at 54.0%, reflecting cost discipline and pricing power, while operating margin declined slightly to 35.4% due to higher R&D investments.

Net income of €2.36 billion, or €6.00 per share, represented a 12.3% YoY drop, primarily tied to lower sales volume. However, management emphasized that the quarter’s performance was consistent with its “expansion years” strategy, prioritizing long-term growth over short-term profits.

Strategic Drivers: AI, EUV, and the $500B Semiconductor Opportunity

ASML’s CEO, Christophe Fouquet, framed the results within the context of the AI revolution, which is driving exponential demand for advanced semiconductors. The company’s EUV and DUV lithography systems remain critical to enabling 3nm and smaller chip geometries, positioning ASML as a key beneficiary of the $500 billion addressable market for AI-driven compute infrastructure.

The Q1 results included €1.2 billion in EUV bookings, underscoring sustained demand for its high-end systems despite macroeconomic volatility. ASML also announced a 4.9% dividend increase to €6.40 per share for 2024, alongside €2.7 billion in Q1 share buybacks, signaling confidence in its balance sheet (€12.7 billion in cash as of Q4 2024).

Outlook: 2025 Guidance and the Road to €60B

Despite Q1’s softness, ASML maintained its full-year 2025 net sales guidance of €30–35 billion, implying a 6–24% YoY growth trajectory from 2024’s €28.3 billion. The wide range reflects uneven AI adoption across customers, with some clients accelerating investments while others delay projects.

Looking further ahead, ASML’s 2030 roadmap targets annual sales of €44–60 billion, driven by:

1. EUV Scaling: High-NA EUV systems enabling 2nm nodes and beyond.

2. DUV Renaissance: Demand for mature-node chips in automotive and industrial sectors.

3. AI Synergy: Collaboration with chipmakers like TSMC and Intel to co-develop next-gen lithography solutions.

Risks and Considerations

The path to €60 billion is not without hurdles. Near-term risks include:

- Demand Volatility: Semiconductor capital expenditure (CapEx) tied to AI adoption remains uneven, with some hyperscalers prioritizing near-term profitability over long-term R&D.

- Supply Chain Constraints: Component shortages and geopolitical tensions could delay EUV shipments.

- Competitive Pressures: Rival Nikon’s advancements in EUV technology, though still years behind ASML’s leadership.

Conclusion: A Cyclical Dip, Not a Structural Shift

While Q1 2025 results reflect the challenges of a maturing semiconductor cycle, ASML’s financial resilience and strategic focus on AI-driven innovation position it to capitalize on the industry’s long-term growth. The company’s gross margin stability, robust cash reserves, and €30–35 billion 2025 guidance suggest that investors should view the current downturn as a cyclical correction rather than a loss of competitive moat.

With AI investment expected to add $1 trillion to global GDP by 2030, ASML’s role in enabling advanced chip manufacturing makes it a critical player in this transformation. As the industry transitions from “Moore’s Law” to “More-than-Moore” innovation, ASML’s technology leadership and customer partnerships will be key to unlocking its €60 billion potential. For investors, the near-term volatility presents an opportunity to buy into a secular growth story at a discounted valuation—provided they can endure the cyclical headwinds ahead.",asml holding nv delivered q financial results april revealing challenging nearterm environment semiconductor equipment giant companys total net sales billion net income billion marked yearoveryear declines respectively results underscored strategic investments longterm growth ambitions advanced lithography technologies performance reflects broader semiconductor industry dynamics including cyclical demand fluctuations supply chain uncertainties yet asml reaffirmed vision becoming billion revenue powerhouse sales income navigating downward quarter q sales fell billion billion q billion prior quarter drop driven fewer system deliveries units vs q weaker demand installedbase services net bookings also slumped billion yoy decline signaling cautious customer spending despite headwinds gross margin held steady reflecting cost discipline pricing power operating margin declined slightly due higher rd investments net income billion per share represented yoy drop primarily tied lower sales volume however management emphasized quarters performance consistent expansion years strategy prioritizing longterm growth shortterm profits strategic drivers ai euv b semiconductor opportunity asmls ceo christophe fouquet framed results within context ai revolution driving exponential demand advanced semiconductors companys euv duv lithography systems remain critical enabling nm smaller chip geometries positioning asml key beneficiary billion addressable market aidriven compute infrastructure q results included billion euv bookings underscoring sustained demand highend systems despite macroeconomic volatility asml also announced dividend increase per share alongside billion q share buybacks signaling confidence balance sheet billion cash q outlook guidance road b despite qs softness asml maintained fullyear net sales guidance billion implying yoy growth trajectory billion wide range reflects uneven ai adoption across customers clients accelerating investments others delay projects looking ahead asmls roadmap targets annual sales billion driven euv scaling highna euv systems enabling nm nodes beyond duv renaissance demand maturenode chips automotive industrial sectors ai synergy collaboration chipmakers like tsmc intel codevelop nextgen lithography solutions risks considerations path billion without hurdles nearterm risks include demand volatility semiconductor capital expenditure capex tied ai adoption remains uneven hyperscalers prioritizing nearterm profitability longterm rd supply chain constraints component shortages geopolitical tensions could delay euv shipments competitive pressures rival nikons advancements euv technology though still years behind asmls leadership conclusion cyclical dip structural shift q results reflect challenges maturing semiconductor cycle asmls financial resilience strategic focus aidriven innovation position capitalize industrys longterm growth companys gross margin stability robust cash reserves billion guidance suggest investors view current downturn cyclical correction rather loss competitive moat ai investment expected add trillion global gdp asmls role enabling advanced chip manufacturing makes critical player transformation industry transitions moores law morethanmoore innovation asmls technology leadership customer partnerships key unlocking billion potential investors nearterm volatility presents opportunity buy secular growth story discounted valuationprovided endure cyclical headwinds ahead
External ,https://www.analyse.asia/the-china-taiwan-tech-giants-fragile-supply-chain-with-tim-culpan/,Neutral,0.04826675849403121,"Tim Culpan explained how the Chinese & Taiwanese tech giants from Huawei to TSMC are navigating a fragile global supply chain and what it means for manufacturing from cars to smartphones.

Fresh out of the studio, Tim Culpan, the Bloomberg columnist, joined us to discuss how the tech giants from China (Huawei, YMTC) and Taiwan (Foxconn, TSMC) are navigating a fragile global supply chain. Starting our conversation, Tim examined how Foxconn and TSMC are making key moves to ensure the resiliency of the global supply chain from contract manufacturing to semiconductors. As we moved on, Tim provided a glimpse into how the Chinese tech giants, Huawei and SMIC are addressing the same challenges and examined the key strategy for China to develop its own semiconductors. Last but not least, Tim broke down the amount of money that Warren Buffett from Berkshire Hathaway had left on the table after retreating from his recent position in TSMC.

""You're right. Now the US is trying very hard to get TSMC to move to the US and they're throwing money out - TSMC is going to Arizona. The CHIPS Act has been passed. That'll throw a lot of money around, but that won't be enough. In the currently announced plans - just purely what's been announced so far - I ran the numbers and estimated that TSMC's global capacity, only less than 5% would be in the US based on the currently announced plans. Now, I expect those plans to expand and broaden. They seem to have enough land and the possibility of up to four factories instead of two. They could even go to six, who knows? But even if they were to expand to the maximum of what might be possible in Arizona, I think still we'd get maybe 7% of global capacity in the US may be up to 10%. And it won't be the leading edge. The leading edge will still be in Taiwan. And that's not just for protection reasons. I think a lot of people think that all the Taiwanese don't wanna have the best in America because they're trying to hold onto it for themselves - which is true - but it's also an issue of practicality."" - Tim Culpan

Introduction

Tim Culpan (@tculpan, Linkedin, Bloomberg), Columnist at Bloomberg

Since our last conversation, what have you been up to?

China & Taiwan Tech Giants in a Fragile Global Supply Chain

The last time we spoke, we discussed the tech cold war, and a lot has happened over the past 4 years between China and the US. Where are the Taiwan tech giants, for example, TSMC and Foxconn?

Foxconn is still the largest contract manufacturer for Apple in the world, and they are still assembling the iPhones in China. What is the risk for both Foxconn and Apple if the supply chain starts to decouple? [Reference: Maybe Apple's Weakness isn't just supply chain woes, Bloomberg]

Is Foxconn looking to expand its contract manufacturing somewhere, for example, Vietnam and India?

How are the suppliers from Taiwan working with Apple?

Are there any new developments for Foxconn in new areas of investment?

Before we dive deeper into TSMC, can you describe the semiconductor supply chain from the design that comes from the US, the key machine from ASML, a company based in the Netherlands, the reference architecture from ARM, memory chips & NAND storage from Samsung and the role that TSMC is playing within the ecosystem?

What is the impact on the consumer if the semiconductor supply chain falls apart?

What are the key technological advancements for TSMC within the semiconductor supply chain?

Given that Russia has invaded Ukraine, there are worries out there that China might do the same to Taiwan. Instead of talking about geopolitical risks which we are neither experts on the subject, I want to focus on the Taiwan tech giants. What will happen to both Foxconn and TSMC and the disruption that it will cause to the global supply chain if Taiwan falls? [Reference: 1/ The World's Chip Addiction is Propping up TSMC, Bloomberg, 2/ Sorry, USA, $40 billion won't buy Chip Independence, Bloomberg]

Are there any key players in the semiconductor industry within China and how far are they in catching up with TSMC out there, for example, YMTC and SMIC?

How are the companies such as Huawei currently sourcing their semiconductor chips given that supply is cut from them?

Given the recent CHIPS act and efforts from the US and European governments to get TSMC set up in their respective countries, can the expertise really be exported to these countries such that the risk can be diversified?

Warren Buffett has recently retreated from TSMC. How much money has he left on the table and what are the potential reasons why he pulled out his entire position from TSMC? [Reference: Buffett's TSMC Selloff Backs Apple Over Its Supplier, Bloomberg]

Closing

Any recommendations which have inspired you recently?

Tim's recommendation: Chris Miller, ""Chip War"" (and check out our video interview with Chris)

Bernard's recommendation: Gary Marcus and Ernest Davis, ""Rebooting AI'

How can my audience find you?

Podcast Information: The show is hosted and produced by Bernard Leong (@bernardleong, Linkedin) and Carol Yin (@CarolYujiaYin, LinkedIn). Proper credits for the intro and end music: ""Energetic Sports Drive"" and the episode is mixed & edited in both video and audio format by G.Thomas Craig (@gthomascraig, LinkedIn).",tim culpan explained chinese taiwanese tech giants huawei tsmc navigating fragile global supply chain means manufacturing cars smartphones fresh studio tim culpan bloomberg columnist joined us discuss tech giants china huawei ymtc taiwan foxconn tsmc navigating fragile global supply chain starting conversation tim examined foxconn tsmc making key moves ensure resiliency global supply chain contract manufacturing semiconductors moved tim provided glimpse chinese tech giants huawei smic addressing challenges examined key strategy china develop semiconductors last least tim broke amount money warren buffett berkshire hathaway left table retreating recent position tsmc youre right us trying hard get tsmc move us theyre throwing money tsmc going arizona chips act passed thatll throw lot money around wont enough currently announced plans purely whats announced far ran numbers estimated tsmcs global capacity less would us based currently announced plans expect plans expand broaden seem enough land possibility four factories instead two could even go six knows even expand maximum might possible arizona think still wed get maybe global capacity us may wont leading edge leading edge still taiwan thats protection reasons think lot people think taiwanese dont wanna best america theyre trying hold onto true also issue practicality tim culpan introduction tim culpan tculpan linkedin bloomberg columnist bloomberg since last conversation china taiwan tech giants fragile global supply chain last time spoke discussed tech cold war lot happened past years china us taiwan tech giants example tsmc foxconn foxconn still largest contract manufacturer apple world still assembling iphones china risk foxconn apple supply chain starts decouple reference maybe apples weakness isnt supply chain woes bloomberg foxconn looking expand contract manufacturing somewhere example vietnam india suppliers taiwan working apple new developments foxconn new areas investment dive deeper tsmc describe semiconductor supply chain design comes us key machine asml company based netherlands reference architecture arm memory chips nand storage samsung role tsmc playing within ecosystem impact consumer semiconductor supply chain falls apart key technological advancements tsmc within semiconductor supply chain given russia invaded ukraine worries china might taiwan instead talking geopolitical risks neither experts subject want focus taiwan tech giants happen foxconn tsmc disruption cause global supply chain taiwan falls reference worlds chip addiction propping tsmc bloomberg sorry usa billion wont buy chip independence bloomberg key players semiconductor industry within china far catching tsmc example ymtc smic companies huawei currently sourcing semiconductor chips given supply cut given recent chips act efforts us european governments get tsmc set respective countries expertise really exported countries risk diversified warren buffett recently retreated tsmc much money left table potential reasons pulled entire position tsmc reference buffetts tsmc selloff backs apple supplier bloomberg closing recommendations inspired recently tims recommendation chris miller chip war check video interview chris bernards recommendation gary marcus ernest davis rebooting ai audience find podcast information show hosted produced bernard leong bernardleong linkedin carol yin carolyujiayin linkedin proper credits intro end music energetic sports drive episode mixed edited video audio format gthomas craig gthomascraig linkedin
External ,https://procurementpro.com/9-key-threats-to-the-semiconductor-supply-chain/ ,Positive,0.11508710566541892,"The semiconductor supply chain is a critical component of the global technology ecosystem, supporting industries ranging from consumer electronics to automotive manufacturing. However, this intricate network faces several threats that can disrupt production and lead to significant economic consequences. Understanding these threats is crucial for stakeholders aiming to build a more resilient semiconductor supply chain.

1. Geopolitical tensions

Geopolitical tensions are a significant threat to the semiconductor supply chain. Trade disputes, export restrictions, and sanctions can hinder the flow of essential materials and technologies. For example, the ongoing trade tensions between the US and China have led to export controls on semiconductor technologies, affecting the operations of companies like Huawei and creating ripple effects throughout the supply chain. Additionally, countries are increasingly imposing regulations to protect their domestic industries, which can disrupt global collaboration and increase production costs.

2. Natural disasters and climate change

Semiconductor manufacturing is highly sensitive to environmental conditions. Natural disasters such as earthquakes, floods, and typhoons can damage fabrication plants (fabs) and interrupt the production process. Climate change exacerbates these risks by increasing the frequency and severity of extreme weather events. For instance, the 2011 earthquake and tsunami in Japan severely affected semiconductor production, causing supply chain disruptions that were felt worldwide. Find out how the supply chain can be more resilient against natural disasters, here.

3. Supply chain bottlenecks

The semiconductor supply chain involves several stages, from raw material sourcing to chip design, fabrication, and testing. Each stage is complex and requires specialised equipment and materials. Any bottleneck in this chain, such as a shortage of silicon wafers or advanced manufacturing equipment, can delay production and lead to supply shortages. The recent global chip shortage highlighted how bottlenecks in the supply chain can have far-reaching impacts on industries like automotive and consumer electronics.

4. Dependence on a limited number of suppliers

A significant threat to the semiconductor supply chain is its dependence on a few key suppliers for critical components and materials. For instance, a small number of companies dominate the market for semiconductor manufacturing equipment and advanced materials like photoresists. This concentration makes the supply chain vulnerable to disruptions if any of these suppliers face production issues, regulatory hurdles, or geopolitical pressures.

5. Technological complexity and innovation cycles

The semiconductor industry is characterised by rapid technological advancements and short innovation cycles. As chips become more advanced, the manufacturing process becomes more complex and requires highly specialised equipment and expertise. This complexity can create vulnerabilities in the supply chain, as even minor errors or equipment failures can lead to significant production delays. Moreover, staying at the forefront of technology requires continuous investment in research and development, which can strain resources and create competitive pressures.

6. Cybersecurity threats

Cybersecurity is an emerging threat to the semiconductor supply chain. As the industry becomes more digitised, the risk of cyber-attacks on manufacturing facilities, design centres, and supply chain management systems increases. A successful cyber-attack can result in intellectual property theft, production disruptions, and compromised product integrity. Ensuring robust cybersecurity measures throughout the supply chain is essential to protect against these threats.

7. Economic and market fluctuations

The semiconductor supply chain is sensitive to economic and market fluctuations. Economic downturns can lead to reduced demand for electronic products, affecting semiconductor production and investment in new technologies. Conversely, sudden surges in demand, such as those driven by the COVID-19 pandemic, can strain the supply chain and lead to shortages. Market dynamics, including competition and price volatility, also influence the stability of the supply chain.

8. Raw material scarcity

Semiconductors require high-purity raw materials like silicon, rare earth elements, and other specialised chemicals. Scarcity or supply disruptions of these materials can significantly impact semiconductor production. Factors such as mining restrictions, geopolitical tensions, and environmental regulations can affect the availability of essential raw materials. For example, the supply of rare earth elements is concentrated in a few countries, making the supply chain vulnerable to geopolitical and market fluctuations.

9. Regulatory and compliance challenges

The semiconductor industry is subject to stringent regulations and compliance requirements, including export controls, environmental standards, and intellectual property protections. Navigating these regulations can be challenging, especially for companies operating across multiple jurisdictions. Non-compliance can result in legal penalties, production halts, and damage to a company’s reputation. The evolving regulatory landscape, driven by concerns over national security, environmental sustainability, and market competition, adds further complexity to the supply chain.

Mitigating the threats

To mitigate these threats, companies and governments are taking steps to enhance the resilience of the semiconductor supply chain. Strategies include diversifying the supplier base, increasing investments in domestic semiconductor manufacturing, and developing more sustainable and secure sourcing practices. Additionally, adopting advanced technologies like artificial intelligence and blockchain can improve supply chain visibility and efficiency, helping to identify and address potential disruptions more effectively.

Conclusion

The semiconductor supply chain faces a multitude of threats that can have wide-ranging impacts on global industries. From geopolitical tensions and natural disasters to technological complexities and cybersecurity risks, these challenges highlight the need for a more resilient and adaptive supply chain. By understanding and addressing these threats, stakeholders can help ensure the continued growth and stability of the semiconductor industry.",semiconductor supply chain critical component global technology ecosystem supporting industries ranging consumer electronics automotive manufacturing however intricate network faces several threats disrupt production lead significant economic consequences understanding threats crucial stakeholders aiming build resilient semiconductor supply chain geopolitical tensions geopolitical tensions significant threat semiconductor supply chain trade disputes export restrictions sanctions hinder flow essential materials technologies example ongoing trade tensions us china led export controls semiconductor technologies affecting operations companies like huawei creating ripple effects throughout supply chain additionally countries increasingly imposing regulations protect domestic industries disrupt global collaboration increase production costs natural disasters climate change semiconductor manufacturing highly sensitive environmental conditions natural disasters earthquakes floods typhoons damage fabrication plants fabs interrupt production process climate change exacerbates risks increasing frequency severity extreme weather events instance earthquake tsunami japan severely affected semiconductor production causing supply chain disruptions felt worldwide find supply chain resilient natural disasters supply chain bottlenecks semiconductor supply chain involves several stages raw material sourcing chip design fabrication testing stage complex requires specialised equipment materials bottleneck chain shortage silicon wafers advanced manufacturing equipment delay production lead supply shortages recent global chip shortage highlighted bottlenecks supply chain farreaching impacts industries like automotive consumer electronics dependence limited number suppliers significant threat semiconductor supply chain dependence key suppliers critical components materials instance small number companies dominate market semiconductor manufacturing equipment advanced materials like photoresists concentration makes supply chain vulnerable disruptions suppliers face production issues regulatory hurdles geopolitical pressures technological complexity innovation cycles semiconductor industry characterised rapid technological advancements short innovation cycles chips become advanced manufacturing process becomes complex requires highly specialised equipment expertise complexity create vulnerabilities supply chain even minor errors equipment failures lead significant production delays moreover staying forefront technology requires continuous investment research development strain resources create competitive pressures cybersecurity threats cybersecurity emerging threat semiconductor supply chain industry becomes digitised risk cyberattacks manufacturing facilities design centres supply chain management systems increases successful cyberattack result intellectual property theft production disruptions compromised product integrity ensuring robust cybersecurity measures throughout supply chain essential protect threats economic market fluctuations semiconductor supply chain sensitive economic market fluctuations economic downturns lead reduced demand electronic products affecting semiconductor production investment new technologies conversely sudden surges demand driven covid pandemic strain supply chain lead shortages market dynamics including competition price volatility also influence stability supply chain raw material scarcity semiconductors require highpurity raw materials like silicon rare earth elements specialised chemicals scarcity supply disruptions materials significantly impact semiconductor production factors mining restrictions geopolitical tensions environmental regulations affect availability essential raw materials example supply rare earth elements concentrated countries making supply chain vulnerable geopolitical market fluctuations regulatory compliance challenges semiconductor industry subject stringent regulations compliance requirements including export controls environmental standards intellectual property protections navigating regulations challenging especially companies operating across multiple jurisdictions noncompliance result legal penalties production halts damage companys reputation evolving regulatory landscape driven concerns national security environmental sustainability market competition adds complexity supply chain mitigating threats mitigate threats companies governments taking steps enhance resilience semiconductor supply chain strategies include diversifying supplier base increasing investments domestic semiconductor manufacturing developing sustainable secure sourcing practices additionally adopting advanced technologies like artificial intelligence blockchain improve supply chain visibility efficiency helping identify address potential disruptions effectively conclusion semiconductor supply chain faces multitude threats wideranging impacts global industries geopolitical tensions natural disasters technological complexities cybersecurity risks challenges highlight need resilient adaptive supply chain understanding addressing threats stakeholders help ensure continued growth stability semiconductor industry
External ,https://www.sourcengine.com/blog/semiconductor-industry-news,Positive,0.08918179787976573,"TSMC says the outlook for the next year looks healthy and will continue over the next five years. Based on the coming recovery over 2025, the semiconductor industry hopefully has something to look forward to next year. Excess has remained a significant challenge, and suppliers are doing what they can to digest inventory further. It might take the first half of the fiscal year in 2025 to accomplish this, but growth will remain stable and steady.

According to Reuters, “Nvidia and AMD saw 2.5% increases during premarket trading. Meanwhile, Broadcom , Micron Technology , Intel , and Qualcomm saw shares increase between 1.5% and 3%. U.S.-listed TSMC shares gained more than 8%, with the company's market capitalization set to cross $1 trillion if premarket gains hold.”

This goes against the slow outlook for the electronic components market previously expressed by ASML after their earnings dived last month and the very pessimistic outlook shared by Morgan Stanley. Other companies under the AI umbrella have also seen immense success in the previous quarter.

“The demand is real,” said TSMC Chairman and CEO C.C. Wei. Wei believes this demand will remain high for years to come.

Regarding its recording beating quarter, TSMC expects to be able to increase its budget in the coming year. AI chips were the primary force behind its success. The company said, “Revenue from AI processors is set to account for a mid-teens percentage of its overall revenue this year.”

Since the debut of OpenAI’s ChatGPT, it has catalyzed a massive transformation within the electronic components industry and geopolitics. In its recent earnings report, TSMC jumped 54%, beating its previous quarterly forecast thanks to the excitement regarding AI. As the leading producer of advanced semiconductors, TSMC supplies chips for tech giants, including Apple and AI GPU megastar Nvidia .

AI has been, without a doubt, the unexpected dark horse over the last year. It has revitalized component sales in specific market sectors. While it did not drag the entire industry out of the depths of its decline by its bootstraps, as was previously hoped, it has helped soften the blow of the market drop-off in the months' post-semiconductor shortage.

While the semiconductor market struggles with poor demand, one winner has stood out for outperforming their previous bullish predictions this year. TSMC, the crown jewel of the semiconductor industry that produces 60% of the world’s semiconductor supply and 90% of the global inventory for advanced semiconductors, has surpassed expectations again .

The UFS and eMMC markets have continued to experience poor demand and conservative stocking strategies from procurement professionals. Seasonal shopping seasons, including back-to-school in the U.S. and Europe alongside holidays in China, still need to reinvigorate demand. Module houses have held on to excess while others are using price-cutting strategies.

Enterprise SSDs remain the black sheep in the foreseeable future due to their profitability, seeing higher demand from all, if not most, other products. This has caused some suppliers to increase bit shipments and pursue orders. However, this method will constrain price growth, warns EETimes. This is why the price increase over Q4 will be a small 5% rather than dramatic.

Another reason the debut of AI-enabled PCs and smartphones has yet to help boost demand across the memory sector is the delayed deployment of AI applications. Smartphone and PC manufacturers have implemented supply reduction strategies throughout the year, but excess remains a crucial challenge for many.

Concurrently, several major manufacturers have returned to full capacity utilization during 3Q, primarily due to process upgrades. This has caused a modest rise in overall capacity, which, while a move toward stabilization, is not enough to support price increases, with the sluggish consumer market showing no signs of improvement lately.

TrendForce attributes the coming quarter's poor performance to inflation and limited practical use cases for AI. This has “hindered any significant upgrade cycles despite manufacturers actively introducing AI-powered PCs.”

This will likely lead to a decline in overall NAND flash contract prices between 3% and 8% over 4Q24. A similar trend is being seen in DRAM, in which high bandwidth memory (HBM) will see continued growth over the fourth quarter due to its use in AI applications, with the overall market experiencing flat demand or outright declines.

TrendForce notes that “PC SSDs and UFS will see more cautious procurement strategies from buyers, as weaker-than-expected sales of end products drive buyers to adopt a conservative approach.”

Like DRAM , the only segment of the NAND flash market seeing noticeable growth is enterprise solid state drives (SSDs), utilized in AI applications. Ongoing order momentum will contribute to modest growth through Q4, rising by 5%.

According to a recent TrendForce report , the NAND flash market has been hit with “weaker-than-expected seasonal demand.” This has contributed to a decline in wafer contract prices during Q3. TrendForce forecasts that this downturn will continue to deepen over Q4, possibly surpassing 10% by the end of the year.

Electronic component excess continues to challenge numerous sectors, with memory suppliers seeing procurement professionals use excess stock to fill any backlogs that develop. There was hope that demand might rebound in the latter half of the year in preparation for seasonal sales. However, that hope has diminished in recent weeks as indicators from the Chinese market prove otherwise.

Weakness continues to impact the memory market despite areas of high demand bolstered by artificial intelligence. In the last few weeks, concerns have been centered around the memory market’s performance. Spot prices have been dropping over the previous quarter, mainly attributed to flat consumer demand, which has been prevalent throughout the year.

On the other hand, the artificial intelligence market has been keeping several companies on the up-and-up. TSMC again beat the odds this last quarter by a massive margin. The company has attributed this success to the high number of AI sales and expects this demand to continue at a healthy rate over the next several years.

The electronic component market is hitting the holiday season at a crawl. Sluggish and flat consumer demand has kept prices across many sectors, especially general memory, low. Over the coming quarter, excess inventory is expected to continue to be a problem, keeping the spot price low for several markets as procurement teams fill their backlogs with existing surplus.

While this stumbling block and the increasing tension in the trade war between the two countries contributed to stocks falling by 4%, TSMC CEO C.C. Wei said it's not all doom and gloom for the company. The recent success at Arizona’s facility will likely be the first of many. Likewise, TSMC continues to be one of the many beneficiaries of the AI boom after it blew previous expectations of Q3 earnings out of the water by 54%.

TSMC has declined to comment but alerted Taiwan and U.S. authorities when a company reported that a chip it supplied to a client wound up in a Huawei product. TSMC has also begun its detailed investigations. While the client was not named initially, it was later confirmed to be Sophgo.

Meanwhile, Sohpgo said it was “in compliance with all laws and had never engaged in any business relationship with Huawei.” Sources state that it submitted a detailed investigation report to TSMC to prove it was unrelated to Huawei.

Reuters detailed that “Sophgo ordered chips from TSMC that matched the one found on Huawei’s Ascend 910B…Huawei is restricted from buying the technology to protect U.S. national security.” Reuters could not determine how these chips ended up in Huawei’s product.

Artificial intelligence has been a hotly contested topic within the United States and China trade war, which inflamed retaliatory actions between either country after ChatGPT caused a boom of interest. As a result, the U.S. and its allies have become very strict in ensuring China’s access to U.S. advanced chip designs, including designs and tools made by its allies, is under lock and key.

Reuters reported that last weekend, “TSMC had suspended shipments to China-based chip designer Sophgo after a chip it made was found on a Huawei AI processor, according to two sources familiar with the matter.”

Within the last several years, the United States and China have been upping the ante in their ongoing trade war. As new export restrictions or complete bans are announced, allies of either country have been weighing in on the issue by joining the ranks or warning others of the trade war’s possible consequences.

Monday kicked off with TSMC stocks stumbling right after the company announced that its latest U.S. facility produced 4% more yield than comparable fabs in Taiwan. Investigations commenced after news broke that TSMC components were found within a Huawei microprocessor.

According to Bloomberg, these results may encourage TSMC to expand its two Arizona facilities further, primarily since the land can support up to six fabs. Should the U.S. elect to pass another CHIPS Act, TSMC would likely be one of the recipients due to its already notable successes. This, however, comes just as TSMC puts some of its shipments on lockdown after news broke that some of its parts were found in a Huawei microprocessor.

Bloomberg also notes that while TSMC President Rick Cassidy has no comment regarding its yield, CEO C.C. Wei said that the first “Arizona fab has already begun engineering wafer production of 4nm chips and that results were highly satisfactory, with a very good yield.”

Despite TSMC’s overseas capabilities, as facilities inside the U.S. will only comprise 10% of its total global capacity, the U.S. still stands to greatly benefit from Arizona’s production. After all, this will help provide U.S. companies with further stability from an accessible domestic supply that can be utilized in case of external supply chain disruptions.

In a report by Tom’s Hardware , this achievement was followed “by news that Apple’s A16 Bionic SoCs are now produced in Arizona and that AMD will soon start making its AI HPC chips at the same location.”

This is fantastic news after a series of delays due to slow CHIPS funding delivery and differences in work culture, pushed back the factory’s operational schedule by one year. The company has now successfully overcome these challenges and attained production yields on par with those in its home country.

In a recent webinar, TSMC U.S. President Rick Cassidy told reporters that the Arizona fab had “achieved a 4% better yield than comparable manufacturing sites in Taiwan.” Bloomberg’s article on the situation noted that this is a key metric by which TSMC measures its most advanced and efficient facilities within Taiwan. This is a massive win for the U.S. as it works to reestablish itself as a prolific semiconductor manufacturer.

Since the announcement of the CHIPS Act, the United States has been slowly divvying up government funds to construct new fabrication plants. One of these new facilities is the Arizona TSMC location. After a few false starts due to the small U.S. talent pool, it is finally moving in the right direction. Even better, the Arizona facility is performing more efficiently than comparable fabs.

Concurrently, TSMC has recently suspended shipments to a Chinese customer after the company was alerted to its chips being used in one of Huawei’s microprocessors. Since Huawei is on the U.S. ban list for AI-capable components, this could put TSMC in hot water with the U.S. government. Preliminary reports indicate no wrongdoing on the customer’s behalf, but the associated country governments and TSMC are investigating the situation in greater depth.

On one hand, TSMC’s new Arizona facilities promise to be a great boon for the United States, desperate to regain some of its former glory as a semiconductor manufacturing powerhouse. After decades of outsourcing chip fabrication to Southeast Asia, the U.S. is slowly rebuilding its domestic semiconductor supply.

Artificial intelligence (AI) continues to push companies and countries to new heights for all the right–and wrong–reasons. TSMC is the star of the show this week, bringing good and bad news.

This technology has already been qualified and applied in Infineon’s Integrated Smart Power Stages (DC-DC converter), which first customers are already being sent. It will be interesting to see how Infineon’s new technology further improves the AI applications that it powers.

“Additionally,” Infineon added, “technical and production-related challenges like wafer bow and wafer separation have a major impact on the backend assembly processes ensuring the stability and first-class robustness of the wafers.”

To achieve the wafer's reduced thickness, Infineon states that its engineers established “an innovative and unique wafer grinding approach since the metal stack that holds the chip on the wafer is thicker than 20 micrometers. This significantly influences handling and processing the backside of the thin wafer.”

“The new ultra-thin wafer technology drives our ambition to power different AI server configurations from grid to core in the most energy-efficient way,” said Adam White, Division President Power & Sensor Systems at Infineon. “As energy demand for AI data centers is rising significantly, energy efficiency gains more and more importance.”

This breakthrough will significantly accelerate AI advancement through increased energy efficiency, power density, and reliability. Likewise, Infineon expects this technology to help motor control, computing, and consumer applications by reducing power loss by more than 15%. This is essential for AI server applications, especially for high-end AI use such as generative AI and other large language models (LLMs).

Infineon CEO Jochen Hanebeck said, “Infineon’s breakthrough in ultra-thin wafer technology marks a significant step forward in energy-efficient power solutions and helps us leverage the full potential of the global trends of decarbonization and digitalization. With this technological masterpiece, we are solidifying our position as the industry’s innovation leader by mastering all three relevant semiconductor materials: Si, SiC, and GaN.”

Infineon recently pioneered the world’s first 300mm power gallium nitride (GaN) technology and is now hitting another critical step in its roadmap. This new silicon power wafer was only 20 microcentimeters thick and had a diameter of 300 millimeters. It was manufactured in Infineon’s high-scale semiconductor fab. Infineon says, “Ultra-thin silicon wafers are only a quarter as thick as a human hair and half as thick as current state-of-the-art wafers of 40-60 micrometers.”

Infineon has been on a roll recently. In late October, Infineon revealed that it had hit the next milestone for semiconductor manufacturing technology with its breakthrough of handling and processing the thinnest silicon power wafers ever manufactured.

Under Natcast, the managing body behind the NSTC, and combined with the America EUV Accelerator, the Albany NanoTech Complex is bound to make promising breakthroughs in lithography.

Through this funding, the U.S. is solidifying previously laid groundwork that went into producing chips domestically while decreasing reliance on foreign suppliers. Since the U.S. has outsourced most of its semiconductor production over the last decade, preexisting avenues within the U.S. domestic market have eroded, requiring fine-tuning.

This research will help the U.S. become less dependent on foreign suppliers and better safeguard technologies critical to national security endeavors. It will also benefit ASML Holding, the world’s primary supplier of EUV lithography equipment for semiconductor production. Since the Netherlands’ government banned ASML from selling to China, its global sales have taken a noticeable hit. The U.S. creating its own supply might help ease the way for the relaxation of the ban.

The upcoming research is essential to the National Semiconductor Technology Center (NSTC), created and funded by the CHIPS and Science Act. The new funding is set to push the Albany Nanotech Complex into becoming a national, if not global, epicenter of EUV research, hopefully enabling the creation of next-generation semiconductor technologies. Albany’s research center will also host the America EUV accelerator, driving further innovation and research.

U.S. Senator Chuck Schumer told the Associated Press, “When you do the high-end research, which will be done here, and you can make the most advanced chips in the world, it makes sure that our military has the edge. It makes sure our economy and our companies have the cutting edge, as well.”

According to the Associated Press , The Albany NanoTech Complex will receive up to $825 million in funding as part of a broader federal effort. This funding will be devoted to continued research into EUV lithography technologies so that the United States can remain globally competitive.

Now, federal officials have selected another New York location, specifically the Albany NanoTech complex, to become the national headquarters for research into extreme ultraviolet lithography (EUV). This advanced chip-making equipment is imperative for producing ultra-small, advanced semiconductors primarily used in artificial intelligence (AI) applications and consumer electronics.

Since the announcement of the CHIPS Act, New York has worked hard to attract big-name players in the semiconductor industry. After memory leader Micron Technology elected to produce advanced memory chips in a new fab near Syracuse, New York, the state, its government, and its universities have worked tirelessly to establish themselves as key players in America’s chip revitalization efforts.

To secure its competitiveness as a country and expand its knowledge in advanced semiconductor manufacturing, the United States has recently announced its decision to award a portion of the CHIPS Act’s funding for semiconductor research and development to a New York facility.

The semiconductor industry is well into its last quarter of 2024, and new developments are still coming. In the last few weeks, breakthroughs in semiconductor technology, from chip manufacturing to wafer fabrication, have made headlines, each promising to bring a new era in power and energy efficiency to the industries it supports.

“The idea behind the CHIPS and Science Act began in the first Trump Administration and maintains strong bipartisan support. Restoring America’s semiconductor manufacturing leadership is integral to the country’s economic competitiveness and national security,” an Intel spokesperson said. “As the only American company that designs and manufactures leading-edge chips, Intel has a critically important role to play, and we look forward to working with the Trump Administration on this shared priority.”

TSMC’s prior commitments, including its Arizona plants and further investments within the United States, have remained unchanged. Meanwhile, Intel has expressed optimism, like GlobalWafers.

On the other hand, some business leaders and chipmakers are keeping their plans the same despite recent comments. Company management believes that “Trump would have limited authority to unilaterally upend [the Chips Act], especially if companies reach agreements with the Biden Administration before the end of the year.”

Further worries came from a comment by House Speaker Mike Johnson, who said Republicans would probably work to repeal the law. He later issued another statement, saying they would streamline the act, not repeal it.

U.S. Senator Mark Kelly did not take these comments lightly. “He wants to kill the CHIPS and Science Act. Killing that legislation is going to lay off tens of thousands of people in the state of Arizona.”

“You have to make them spend money in the United States, and those plants will open up. They’ll fund them. We don’t have to put up 10 cents,” Trump said.

In the same October podcast, AZFamily News said that Trump expressed that “the federal government was awarding billions to rich companies. Instead of incentives, imposing tariffs was the right way to spur domestic manufacturing.”

""Multi-year and decadal programs like the CHIPS Act and the agreements we have signed are regularly continued from one administration to the next,"" GlobalWafers said in a statement on Thursday. ""We expect the CHIPS program to be no different and run smoothly in the Trump administration.""

Despite recent hiccups, TSMC and GlobalFoundries have reportedly finalized the binding funding agreements under the CHIPS Act. GlobalWafers, another chipmaker that had been awarded funding, expressed optimism that the CHIPS Act would continue under the new administration.

In the days before the election, Trump and other Republican leaders in Congress criticized the law and discussed ways to reform it. In October, Trump said on a Joe Rogan podcast, “That chip deal is so bad.”

The U.S. election is over, but what does this mean for the semiconductor industry? For many, it means rushing to finalize agreements with the current Biden Administration before the inauguration. Due to comments made by the President-elect and other top Republican lawmakers, many are concerned about the future of the CHIPS and Science Act under the incoming President-elect Donald Trump.

The U.S. Department of Commerce did not immediately respond to Reuters’ request for comment.

""TSMC does not comment on market rumors. TSMC is a law-abiding company, and we are committed to complying with all applicable rules and regulations, including applicable export controls,"" the company said.

Reuters contacted TSMC and the U.S. Department of Commerce to comment on the Financial Times article.

This is especially true considering the recent election results in the United States. President-elect Trump introduced the initial restrictions to China within his first term, which kick-started the rising trade war. There is a possibility that there will be an increase in tariffs, as well as penalties, during his tenure.

The Financial Times article added, ""Future supplies of advanced AI chips by TSMC to Chinese customers would be subject to an approval process likely to involve Washington.”

This decision also comes after a massive fine was imposed on GlobalFoundries. This New York-based chip company was “shipping chips without authorization to an affiliate of blacklisted Chinese chipmaker SMIC.” The fine was a whopping $500,000, and TSMC likely wants to avoid a similar penalty.

This suspension is due to the continuous measures the U.S. is imposing, which restrict the shipment of advanced GPUs to China to protect U.S. national security. U.S. lawmakers worry that these advanced components can be used in large-scale cyber-attacks or other military applications.

The Financial Times broke the news, citing three sources familiar with the matter, which confirmed that TSMC told Chinese customers “It would no longer manufacture AI chips at advanced process nodes of 7 nanometers or smaller.”

Earlier this month, TSMC saw its stocks fall after news broke that its chips were found in a Huawei AI microprocessor. Now, TSMC is planning to halt production of advanced chips for Chinese designers after temporarily suspending production due to the prior incident. Since artificial intelligence and the components utilized in its applications are a hotly contested area within the ongoing U.S.-China trade war, TSMC is concerned.

Meanwhile, semiconductor manufacturers in the U.S. are racing to finalize funding agreements under the CHIPS Act. This is due to comments from President-elect Trump, which may put the future of the CHIPS Act at risk.

The long-lasting trade war between the United States and China might intensify in the coming weeks as TSMC could halt the production of advanced semiconductors for Chinese companies. This is likely due to heightened scrutiny and growing export controls, which have already cost GlobalFoundries half a million in penalty fines.

“It’s early. We really can’t speculate on what might change there,” said Applied Materials Chief Financial Officer Brice Hill. “So, we’ll have to wait for more input on that one.”

Many investors and some chipmakers have adopted a “wait-and-see” attitude to see if Trump's administration will clarify things, such as Applied Materials when asked for their thoughts about “any potential risk in terms of added restrictions or perhaps going the other direction.”

In MarketWatch’s article, Stacy Rasgon, a Bernstein Research Analyst, said, “The direct impact of the additional China tariffs on semiconductors alone would be minimal. He said we hardly import any chips from China, adding that the Biden Administration has already increased tariffs on semiconductors from China for 2025. Raw semiconductors made up about $3 billion in imports, out of $427 billion in total goods imported from China in 2023.”

Jeff Ferry, Chief Economist at the Coalition for a Prosperous America, estimated that tariffs could “create roughly 100,000 jobs at US chip manufacturers and their suppliers.”

In a report by YahooFinance , “industry experts told Business Insider that tariffs on foreign-made chips could help level the playing field for US chipmakers, which are facing fierce competition from their counterparts abroad. The tariffs could also encourage US businesses to source more chips domestically and help persuade chipmaking giants, like the Taiwan-based TSMC, to keep building factories in the US. These developments could aid job growth in the US semiconductor industry, though experts disagreed on how much.”

However, some analysts remark that a positive outcome could be achieved by increasing tariffs even on the global playing field.

“Trump’s plans will make us worse off economically,” said Harry Broadman, a Principal at WestExec Advisors, Senior Economist at the Rand Corp., and former U.S. assistant trade representative in the George H. W. Bush administration. “In the short run, the consumer or individual will pay higher prices for imports, meaning the cost of what they buy has risen significantly. That means you are going to have inflation. People will find their disposable income decreased.”

Continued restrictions on high-end semiconductor manufacturing equipment could impact the sale of U.S. equipment, as some chipmakers, like Applied Materials, warned. However, the most significant uncertainty concerns tariffs, what they will target, and which technology sectors would suffer the greatest impact. MarketWatch states that the “bottom line on tariffs is that they will increase goods prices.”

“It’s kind of hard to say right now, but my guess is that some early effects will be negative,” said Robert Maire, president of Semiconductor Advisors, of the incoming Trump administration. “The incoming administration loves tariffs and thinks they are the answers to all trade imbalances…They used tariffs to enforce and cajole policy.”

During his campaign, President-elect Trump hinted at new import tariffs on Chinese goods, including an extra 60% tariff. This could lead to higher prices for products assembled in China.

Over the past year, some chipmakers, including Lam Research, Applied Materials, and KLA Corp., have raised alarms that the tariffs imposed by the U.S. against China could harm the chip companies they are trying to protect. With the Biden Administration on the way out, industry analysts are concerned that new tariffs hinted at by President-elect Trump could have long-term impacts on the semiconductor industry.

The future of the CHIPS Act isn’t the only thing the semiconductor industry is worried about. Over the last several years, the ongoing U.S.-China trade war has dramatically impacted the global semiconductor supply chain. The popularity of artificial intelligence models since the release of ChatGPT has shifted advanced semiconductors into the spotlight, making them a hard-fought ground in the trade war.

This would put the U.S. back where it started: depending on foreign manufacturers for chip supplies. Depending on President-elect Trump's policies, these supplies could also become far more expensive.

Without the CHIPS Act, this agreement with TSMC, and other chipmakers, might have taken years to secure. Even now, companies are still deciding whether to commit to these large projects should government subsidies not be received Should the CHIPS Act be repealed and the funding removed, semiconductor companies might consider scaling back their projects or stopping them entirely.

""It didn't happen on its own... We had to convince TSMC that they would want to expand,"" Raimondo said, adding officials also had to convince American companies to buy U.S.-made chips. ""The market does not price in national security.""

Secretary of Commerce Gina Raimondo stated that getting TSMC to manufacture leading-edge chips in the United States wasn't a simple task either.

Reuters stated, “TSMC agreed to forgo stock buybacks for five years - subject to some exceptions - and share any excess profits with the U.S. government under an upside sharing agreement.""

According to Reuters, the TSMC award will also include up to “$5 billion in low-cost government loans. Under the agreement, TSMC will receive cash as it meets project milestones. Commerce expects to release at least $1 billion to TSMC by year-end.”

Concerns over whether companies will receive their awarded funds arose after the U.S. presidential election, in which Republican nominee Donald Trump won the majority vote. President-elect Trump has been vocal in his criticism of the CHIPS Act, and remarks by other Republican leaders about their willingness to do away with or change the Act have contributed to chipmakers' rush to secure their CHIPS funds.

However, these preliminary agreements are not contractually binding, at least not yet, and many are rushing to ensure they are before the U.S. government administration changes in January.

Since the CHIPS and Science Act passage, there have been a few stumbling blocks. The most significant hurdle was due to the government and chip organizations ironing out tax breaks as a result of the Act would work. After months of waiting, the U.S. government began making preliminary announcements for the recipients of the CHIPS Act funds.

In the last several years, the CHIPS Act has garnered billions of dollars in investments, sparking $450 billion in funds to revitalize United States semiconductor manufacturing. The CHIPS Act was a significant step to further strengthen the domestic U.S. semiconductor industry, which had declined since the late 1990s from outsourcing. The global semiconductor shortage during the COVID-19 pandemic highlighted the role these tiny chips played in a country’s economic success and strong national security.

The U.S. Department of Commerce recently announced that it had finalized its $6.6 government subsidy for TSMC’s Arizona semiconductor facilities. This binding contract is the first major award to be completed since the preliminary agreement was announced in April.

Concerns over the future of the U.S. CHIPS and Science Act are growing. President-elect Trump has been critical of the CHIPS Act in the past. Chip leaders previously awarded portions of the $52 billion fund are quickly trying to secure binding contracts, should the new administration seek to change or eliminate the Act.

The semiconductor industry is preparing for the end of 2024. As it does, organizations are putting the final touches on their 2025 market strategies, with artificial intelligence (AI) taking the focus. Many semiconductor organizations are attempting to rapidly secure funding or propose alternative solutions now that the United States presidential election has ended.

“Hopefully, it’s a short-term sidestep,” Fenn said. “What I’m seeing amongst our data center partners, our hyperscale conversations, is we cannot let this have an adverse effect on the environmental goals.”

Fenn later elaborated that part of the solution is to increase the use of natural gas within data centers so that the industry can continue to pursue sustainability goals. It is a short-term solution that can reliably fuel much of the power demand without problems, like Meta's recent plans to build a nuclear-powered data center before compliance trouble and rare bees derailed those them.

“The data centers have to partner with utilities, the system operators, the communities, to really establish that these things are assets to the grid and not liabilities to the grid,” said Fenn. “Nobody’s going to keep approving such developments if they push up residential and commercial electric rates.”

The data center growth rate will only explode in the next decade with the dominating presence of AI. Vivian Lee, the Managing Director and partner at Boston Consulting Group, states, “The average size of the data centers is increasing at a rapid pace from now until 2030.”

“The funnel of available of land in this country that’s industrial zone land that can fit the data center use case — it’s becoming more and more constrained,” said Sahlstrom.

Nat Sahlstrom, Tract's Chief Energy Officer, told CNBC that data centers are now at a scale “where they have started tapping out against the existing utility infrastructure.”

“It’s about national and economic security,” she said. “They’re going to keep spending because there’s no more profitable place to deploy capital.”

Ali Fenn, President of Lancium, a company that secures land and power for data centers in Texas, told CNBC that countries are racing to achieve global dominance.

Over the last 10 years, electricity consumption has exploded, making data centers critical for the economy, especially with the advent of cloud computing. CNBC reports that data centers are growing so large that finding the power and suitable land to house them is becoming difficult. These facilities demand a gigawatt or more of power, twice the residential electricity consumption of the Pittsburgh area last year.

This demand would far surpass existing renewable energy technologies, meaning that data centers would need to use more traditional methods, like gasoline and coal. This would go against the industry’s efforts to reach reduced carbon dioxide emission targets. Likewise, in some areas like Europe, it would strain an already overtaxed power grid that is decades, if not over a century, old.

In an article by CNBC , experts warn that AI applications' growing need for power might grow so large that “individual data center campuses could soon use more electricity than some cities and even entire U.S. states.”

However, due to the growing integration of artificial intelligence, the strain on existing data centers is quickly eclipsing their current capabilities. Data centers need more space and power to sustain the ever-increasing use of AI applications. Unfortunately, the industry is quickly running out of both.

Artificial intelligence is currently one of the most in-demand technology trends. Despite an overall tepid market, generative AI, LLMs, automation, and machine learning have fueled the ravenous behind HBM, SSDs, GPUs, and advanced chips. The explosive growth in AI has put a lot of stress on the facilities in charge of hosting this information, data centers.

“This is an exciting time. With AI so hot, HBM is everything. The various memory makers are racing against time to be the first to produce next-generation HBM.”

CheePing Lee, Technical Director of Advanced Packaging at Lam Research, said AI has allowed for a new era of innovation in HBM. These breakthroughs are likely to have more significant impacts on the overall DRAM and NAND flash sector.

Samsung and Micron are “incorporating a non-conductive film (NCF) and bonding with thermocompression (TCB) at each bump level,” while SK Hynix is “continuing with a flip-chip mass reflow process of molded underfill (MR-MUF) that seals the stack in a high-conductivity molding material in a single step.”

The explosive growth of AI is leading customers to want even better performances. HBM manufacturers are considering new modifications to increase processing data speeds and reliability. The article states that three HBM manufacturers, Micron , Samsung , and SK Hynix , are exploring new avenues to boost HBM performance.

While its price has previously scared off the mass market, its bandwidth is unmatched by most memory technology. Semiconductor Engineering states that its “2.5D integration using silicon interposers with microbumps and TSVs has become the de facto standard.”

According to Semiconductor Engineering’s article, economics seriously impacted the widespread adoption of HBM before AI’s explosion. Silicon interposers are expensive and so are processing massive numbers of through-silicon vias (TSVs) amongst memory cells in FEOL fabs. Lihong Cao, Senior Director of Engineering and Technical Marketing at ASE, explains that the high cost is one of the most significant drawbacks of this technology.

“There is a big wave coming in HBM architectures — custom HBM,” said Kim. “The proliferation of AI infrastructure requires extreme efficiency with a scale-out capability, and we are in solid agreement with our key customers that customization of HBM-based AI will be a critical step. PPA — power, performance, and area are the keys for AI solutions, and customization will provide a significant value when it comes to PPA.”

Indong Kim, Vice President and Head of DRAM Product Planning at Samsung Semiconductor, discussed new HBM developments resulting from their capabilities within AI applications.

“With LLMs now exceeding a trillion parameters and continuing to grow, overcoming bottlenecks in memory bandwidth and capacity is mission critical to meeting the real-time performance requirements of AI training and inference,” said Neeraj Paliwal, Senior Vice President and General Manager of silicon IP at Rambus.

The popularity of large language models (LLMs) like ChatGPT has resulted in HBM inventories being highly constrained, if not sold out entirely.

As AI reigns supreme, sales for high-bandwidth memory (HBM) continue to spike. Semiconductor Engineering, a company that provides insights into semiconductor market dynamics, recently wrote about the growing end use of HBM due to high AI demand .

However, AI’s growth might hit a snag soon as the data center industry, the sector powering these new applications, runs out of space and available power.

Ever since the debut of ChatGPT, AI has been growing at an explosive pace, resulting in new waves of innovation. This meteoric demand led chip manufacturers to look for different ways to improve the performance and efficiency of their components for the betterment of AI applications. Explorations into other manufacturing processes reveal new capabilities left unexplored due to lack of demand and high cost.

DigiTimes states, “The South Korean industry generally believes that the technological gap between CXMT and Samsung may have narrowed to less than 1.5 years. Meanwhile, YMTC may close the technology gap with Samsung and SK Hynix to under one year in the NAND flash domain.”

SMIC and other Chinese chipmakers are quickly pushing into DDR5, targeting mass production. CXMT is currently focused on 17-18nm DDR and LPDDR4X, aiming to continue expanding its output of lower-priced memory products. These actions have concerned the global memory market, primarily due to the ongoing problem of excess inventory driving spot prices down.

DigiTimes states that South Korean industry observations have noted that SMIC is rapidly gathering DDR4 market share with a development model that mirrors that of Samsung Electronics.

These Chinese chipmakers have been rapidly climbing barriers despite U.S. sanctions. From 2018 to 2019, SMIC successfully developed a 7nm process technology that resembles TSMC’s first-generation 7nm process. SMIC has also made significant progress in talent acquisition, which has led to concerns in the South Korean chip industry regarding talent poaching.

DigiTimes reported that South Korean media outlets had stated that despite having no noteworthy semiconductor companies for the last decade, SMIC, YMTC, CXMT, HiSilicon, and Unisoc have gained a vast domestic audience alongside government support to challenge the semiconductor market-dominated by the three leading players: Taiwan, South Korea, and the U.S.

Recently, China’s largest foundry operator, SMIC, surpassed $2 billion in revenue for the first time in 3Q24. Others, including CXMT and JHICC, have been significantly lowering their DDR4 prices, making their products almost 50% cheaper than equivalent products by SK Hynix and Samsung Electronics. This has been an ongoing strategy by at least CXMT for the last few months.

China’s chip industry has been steadily increasing its domestic productivity by entering new market sectors. Despite not being one of the leading players in memory, China’s chipmakers have been aggressively targeting this market to place among one of the top three.

With the upcoming change in U.S. government administration, President-elect Trump's takeover could soon result in more restrictions being imposed.

This recent move marks a continued colossal shift in U.S. tech policy towards China, which began in October 2022 when the U.S. published a sweeping set of controls. These restrictions will likely have a noticeable impact on China’s ambitions for domestic chip manufacturing and sales to the affected semiconductor equipment manufacturers. ASML has already noticed a sizable decline after U.S. restrictions began being enforced.

Finally, the restriction package aims to restrict memory used in AI chips, known as HBM2 or higher. This technology is only produced by South Korea’s SK Hynix, Samsung Electronics, and the U.S.-based Micron Technology. This rule will likely impact Samsung Electronics.

After discussions with Japan and the Netherlands, the two countries agreed to work with the U.S., allowing them to be exempt from enforcing the FDPR. Countries like Malaysia, Singapore, Israel, Taiwan, and South Korea will be subject to the rule. However, the U.S. states it plans to exempt countries from enforcement of the FDPR should they place similar controls.

This new restriction package also addresses concerns that its previous crackdown, the Foreign Direct Policy Rule (FDPR), caused. The FDPR gave the U.S. the capability to stop the shipment of goods to banned entities if they contained U.S. equipment or designs, which would significantly impact some foreign companies like Tokyo Electron and ASML.

“And for the first time,” CNBC notes, “the U.S. will add two companies that invest in chips to the entity list. Chinese private equity firm Wise Road Capital and tech firm Wingtech Technology Co. will be added.”

Reuters reports that the United States is also positioned to place additional restrictions on Semiconductor Manufacturing International, China’s largest contract chip manufacturer. The company had been placed on the Entity List in 2020, but a previous policy still allowed for dozens of licenses that allowed for the shipment of goods. However, that might soon come to an end.

U.S. lawmakers say Swaysure Technology Co., Qingdao SiEn, and Shenzhen Pensun Technology Co. all work with China’s Huawei Technologies. Unless they receive a special license, they will be added to the entity list that bars U.S. suppliers from shipping to them. CNBC states that companies seeking licenses to ship to firms on the entity list are typically denied.

These restrictions will likely hurt sales for major U.S. chipmaking equipment manufacturers Lam Research, KLA, and Applied Materials, which have previously criticized such moves as more harmful than helpful. Advanced lithography manufacturer ASML will also likely feel the effects of this new crackdown.

CNBC states that the new restriction package includes curbs on China-bound shipments of high-bandwidth memory (HBM), a component critical in the production of AI applications, thanks to its impressive capabilities. The restrictions also curb 24 additional chipmaking tools, three software tools, and new export rules on chipmaking equipment manufacturers in countries such as Singapore and Malaysia.

This move comes only weeks before President-elect Trump is sworn into office. During his previous tenure as U.S. president, Trump was known for his harsh stance against China. We may expect Trump to keep these restrictions in place, if not add to them, during the next four years.

CNBC states, ""The move marks one of the Biden Administration’s last large-scale efforts to stymy China’s ability to access and produce chips that can help advance artificial intelligence for military applications or otherwise threaten U.S. national security.”

On Monday, December 2nd, the U.S. restricted exports to over 140 companies , including chip equipment maker Naura Technology Group. Reuters reports that this latest effort will also hit Chinese chip toolmakers, such as Piotech and SiCarrier Technology, as these new export restrictions will also impact shipments of advanced memory chips and other chipmaking tools bound for China.

The U.S. is preparing to launch its third crackdown on China’s semiconductor industry as the year concludes. Over the last three years, the United States has ramped up its efforts in restricting China’s access to advanced semiconductors, which has become a focal point of the ongoing trade war. Artificial intelligence (AI) has only increased tensions between the two countries due to AI’s popularity and use in dozens of industries. Now, semiconductor equipment manufacturers are at the center of this debacle.

Undeterred by recent restrictions, the Chinese semiconductor industry continues to push forward with its ambitious goal of becoming one of the top players in the memory market. Recent strides by SMIC reveal how rapidly this dream could become a reality.

On December 2nd, the United States passed a new export control package on China’s semiconductor industry, restricting exports to 140 companies. This is the third major crackdown by the U.S. to slow China’s chip ambitions. These new restrictions will be one of the last significant pushes by the Biden Administration before President-elect Donald Trump is once again sworn into office.

After the announcement of the ban, shares belonging to rare metal producers started flying with Perpetua Resources skyrocketing 270% over the timeframe. Depending on the length of the ban, raw metal producers could see high shares as prices continue to rise.

“It’s a sign of the times. The military uses of Sb (antimony) are now the tail that wags the dog. Everyone needs it for armaments, so it is better to hang onto it than sell it. This will put a real squeeze on the U.S. and European militaries,” Christopher Ecclestone, a principal and mining strategist at Hallgarten & Company in London, told CNN shortly after Beijing announced the curbs on antimony exports .

China produces 48% of the global mined output of antimony, and the country’s restrictions have already sent antimony prices flying upwards of 40%.

This recent ban on materials will significantly impact aerospace and military industries, which require antimony for many of their applications. When restrictions were placed on antimony aerospace and defense, original equipment manufacturers (OEMs) and electronic manufacturing service (EMS) providers raced to find alternative sources elsewhere. This will become more difficult as China is one of the largest producers of the globe’s raw materials.

China has primarily focused on becoming a major player in the advanced technologies market. In May, Beijing announced its decision to set up one of its largest semiconductor state investment funds, worth $47.5 billion.

A day later, Beijing retaliated by outright banning the sale of several materials crucial for producing semiconductors and electric vehicle batteries to the U.S. These materials, such as gallium, germanium, antimony, and other “super hard” materials, have previously faced restrictions. Now, the sale would not be permitted because they may be “used for military purposes,” said China’s Commerce Ministry.

China’s Commerce Ministry criticized these restrictions. The ministry condemned the move as an “abuse” by the U.S. and said it posed a “significant threat” to the stability of global industry and the supply chain.

The Department of Commerce (DOC) said this was “to slow China’s development of advanced AI tools that can be used in war and to undercut the country’s homegrown semiconductor industry, which threatens the national security of the US and its allies.”

On Monday, the U.S. Department of Commerce announced that it would debut curbs on selling “two dozen types of semiconductor-making equipment and restrictions on numerous Chinese companies from accessing American technology.”

CNN reports that Beijing has responded to the new export controls on U.S.-made semiconductors. As the Biden Administration slows down in preparation for the transfer to Trump, the government has introduced several new measures to prevent Beijing from using these chips “to make the next generation of weapons and AI systems.”

This conflict highlights the growing tensions between the two countries within the technology sector. As the world increasingly relies on electronic components and their significant role within a country’s economy, this rivalry could only grow and possibly further damage the fragile global supply chain.

According to the news site CEO Today, the Nvidia probe could extend beyond the company and significantly impact the strained global supply chain, increasing uncertainty. The investigation also underscores the risks of working with China, deterring future investments and partnerships that could further fracture the vulnerable global supply chain.

Many analysts believe this is another calculated response to recent U.S. restrictions and China’s crackdown on its broader strategy to regulate its tech sector. In the last 2 years, Beijing has also targeted its domestic giants, including Alibaba and Tencent, to curb monopolistic practices to create a more competitive market. This probe into Nvidia may kill two birds with one stone, satisfying geopolitical purposes and regulatory needs and amplifying its impact.

Following the news of China’s probe, Nvidia shares dropped 2% in pre-market trading, reflecting investors' concerns. Nvidia has not commented on the investigation.

That said, China’s spotlight on Nvidia is not the first. Other global regulators have scrutinized it since its meteoric rise as a chip powerhouse. Multiple jurisdictions cleared the 2020 acquisition of Mellanox Technologies before it took place, but it came with several conditions. Chinese regulators allege that Nvidia breached these commitments, which triggered the probe.

During the trade war, semiconductors were on the front lines, with both countries passing regulations and export controls that primarily focused on these critical components. Since the explosive rise in AI, Nvidia has been at the center of this debacle due to its prominence in most AI applications.

However, many are concerned about the timing of this probe as it follows new and heavy restrictions placed on China by the U.S. government. Political analysts have weighed in on some of the limits throughout the trade war, alleging that many of the moves are part of either government's “tit-for-tat” play.

Beijing has just launched an anti-monopoly investigation into Nvidia . State broadcaster CCTV announced the inquiry, which has the potential to have profound implications for global technology and trade. CCTV reported that Nvidia is accused of violating commitments tied to its 2020 acquisition of Mellanox Technologies.

However, in a recent move by the Chinese government, this might not matter for much longer.

As the king of AI components, the U.S. has done its best to keep Nvidia’s products under lock and key to prevent them from entering the supply chains of specific nations, including China. Nvidia has attempted to work around this blockade by creating chips produced explicitly for the Chinese market, limiting performance or other capabilities to circumvent trade barriers.

Over the last year, Nvidia has remained a dominant force within the AI sector. Thanks to its GPUs, Nvidia has become synonymous with AI development, lacking little competition to try to end its market dominance. In the past two years, AMD and other chipmakers have introduced their components, which are similar in performance to Nvidia’s lineup, but none has been a significant market disruptor yet.

The ongoing trade war between the U.S. and China is ramping up, even with only several weeks left until 2025. Tensions are likely to increase as the U.S. government administration changes.

We are entering the last few weeks of 2024. As we dot our i’s and cross our t’s, the industry is preparing for significant global semiconductor supply chain changes. This is primarily due to Trump’s second term as U.S. president, high demand for artificial intelligence (AI) components, and economic recovery contributing to stabilization across the broader semiconductor industry.

Overall, 2025 should mark the transition from a slow, tepid market to a stable, normal one, so industry players should monitor trends to see when the shift begins to occur in full force.

Like 2024, AI will likely be another mainstay in the industry this year, especially as organizations continue to examine the impact and capabilities of generative applications and other large language models. Likewise, given the strain AI workloads often place on data centers, the power industry could significantly increase this year, with those components seeing higher demand.

Thanks to Foxconn's win, ASML, STMicroelectronics , Infineon , AMD , Broadcom , Qualcomm , and Nvidia also saw positive growth in their stock rankings. CNBC continued, stating that Microsoft’s recent announcement to invest $80 billion in the data center industry to improve AI workload capabilities has been attributed to recent stock market favorability.

With Foxconn’s win, many chipmakers with a stake in the AI pie saw stock growth on Monday. TSMC hit a record high of almost 5% in Taiwan. Likewise, SK Hynix and Samsung Electronics rose to nearly 10% and 4%, respectively. SK Hynix has been on a roll recently as one of the leading players in the high-bandwidth memory (HBM) market, which has seen exponential demand thanks to its favorable use in AI applications.

Foxconn’s positive revenue report was also strong despite low performances in computing products and smart electronics, which experienced declines. Foxconn, a well-known supplier of tech behemoth Apple, stated that it saw “slight declines” in its computing and smart consumer electronics areas during Q4. Still, it wasn’t enough to derail its overall growth.

Foxconn’s favorable revenue status helped boost global semiconductor stocks, leading many to believe that the AI boom has a lot more fuel in the tank. TSMC leadership also expressed this opinion in late 2024, stating that AI will contribute to sales over the next year. Since late 2022, AI has been an extremely popular topic within the semiconductor industry and a primary growth driver despite the poor market performance across many markets.

According to a report by CNBC , Hon Hai Precision Industry, known internationally as Foxconn, obtained $63.9 billion in revenue during 4Q24. This is a 15% increase year-over-year (YoY), primarily due to the heavy growth in cloud computing and networking products, such as AI servers.

For now, securing partnerships and monitoring market trends for areas of risk will be pertinent in ensuring stability in the upcoming quarters.

Geopolitical tension often contributes to supply chain disruptions, which can increase component unavailability, adding to production delays and higher costs. There are significant concerns about how President-elect Trump might address these findings as worries mount over the possibility of tariffs on U.S. allies once he takes office. The semiconductor industry has elected to wait and see how things will turn out.

Lastly, the investigation will help the U.S. collaborate with its partners and strengthen cooperation across the global semiconductor supply chain. While the White House Briefing implies that this step will address China’s unfair trade practices, the global semiconductor industry, as widespread as it is, could benefit from increased collaboration between nations.

These actions aim to help the federal government, one of the world’s largest buyers, better organize its demand for domestic semiconductors so that agencies can mitigate risks arising from undue dependence on foreign manufacturing. This will also help support efforts to bolster supply chain resiliency, which has fallen by the wayside for several decades.

As part of its probe into China’s trade practices, the Biden Administration will also be working on cleaning up the federal procurement of semiconductors via the James M. Inhofe National Defense Authorization Act for FY 2023, which prohibits executive agencies from procuring or obtaining products and services from specific Chinese fabs or other certain entities. This will be accomplished through a Request for Information (RFI) to gauge the best way for government contractors to scale their use of domestically manufactured chips.

Due to how close the probe’s launch is to President-elect Trump’s upcoming inauguration, the investigation findings would ultimately be left up to the incoming Trump Administration to decide. However, it can be determined that should the investigation conclude that there were unfair trade practices, President-elect Trump could implement further tariffs, given his hard stance on China’s trade policies and “America First” approach.

In a report on the investigation, Bloomberg notes that the probe’s results could lead to further tariffs or other measures to restrict imports of older-model semiconductors and the production of products that utilize them. This would directly impact the automotive, medical, aerospace, and defense sectors and other industries that use legacy or mature semiconductors. Under Section 301, the U.S. administration could impose heavy restrictions on countries with unfair trade practices.

Concurrently, the investigation will “initially assess the impact of the PRC’s acts, policies, and practices on the production of silicon carbide or other wafers used as inputs into semiconductor fabrication…This Section 301 investigation will examine a broad range of the PRC’s non-market acts, policies, and practices with respect to the semiconductor sector, including to the extent these semiconductors are incorporated as components into downstream products for critical industries like defense, automotive, medical devices, aerospace, telecommunications, and power generation and the electrical grid.”

As part of the investigation, the Biden Administration will launch a Section 301 to examine the PRC’s targeting of foundational semiconductors alongside the Office of the U.S. Trade Representative, which will investigate China’s “targeting of foundational semiconductors for dominance and the impact on the U.S. economy.”

The move, described in the official White House Briefing announcement, will seek to “protect American workers and businesses from the PRC’s unfair trade practices in the semiconductor sector and support a healthy domestic industry for foundational semiconductors.”

In one of the last moves of his presidential tenure, the Biden Administration has announced its decision to launch an investigation into what it deems “unfair trade practices” by the People’s Republic of China (PRC) to protect American workers.

Geopolitical tension has grown in the last few weeks after the U.S. government announced its decision to probe China's “unfair trade practices” regarding the semiconductor sector. News broke on the probe in late December, several weeks after Beijing banned selling critical minerals such as gallium, germanium, and antimony to the United States. These actions are the latest in the back-and-forth of the ongoing trade war between the two countries.

Welcome to 2025! The semiconductor industry is entering another year full of opportunities and challenges. As the sector kicks back into gear after a well-deserved break, many organizations have started to prepare for the continuation of the AI boom and the probability of new tariffs implemented by the changing U.S. administration alongside China’s critical mineral ban.

Neuffer continued, “For America to remain the world’s technology leader, it must continue to lead in semiconductor innovation. Driving forward U.S. research in chip prototyping and advanced packaging is critical to keeping America on top of chip technology. We look forward to continuing to work with leaders in Washington to ensure the CHIPS and Science Act’s R&D initiatives and manufacturing incentives remain on track to deliver big benefits for America’s economic strength, national security, and global competitiveness.”

SIA President and CEO John Neuffer said, “Today’s announcement is a welcome step forward for U.S. leadership in semiconductor innovation, marking significant progress in the implementation of the critical R&D programs enacted in the bipartisan CHIPS and Science Act. The new Arizona facility will benefit from – and build upon – the state’s already-strong semiconductor fabrication and advanced packaging ecosystem.”

According to the SIA , NSTC members and NAPMP-funded researchers will have access to 300-mm research, prototyping, and packaging capabilities. Furthermore, co-locating the NSTC research and development prototyping in the same facility as NAPMP’s packaging abilities will provide the U.S. domestic semiconductor ecosystem with a powerful way to conduct collaborative research efficiently.

The National Semiconductor Technology Center (NSTC) will operate this new R&D facility, while the National Advanced Packaging Manufacturing Program (NAPMP) will control advanced packaging research. Under the combined leadership of the NSTC and NAPMP, this state-of-the-art facility will help inspire innovation in the next generation of technology.

The Semiconductor Industry Association (SIA) has congratulated the U.S. and Arizona on their latest significant commitment to improving domestic semiconductor manufacturing capabilities. A new CHIPS for America research and development facility for semiconductor prototyping and advanced packaging will be constructed in Arizona, marking the next important step in achieving U.S. chip ambitions.

“No grid is designed to be able to handle that kind of load fluctuation not only for one data center but for multiple data centers at the same time,” said Aman Joshi, CCO of Bloom Energy Corp.

While the issue of harmonics and AI's impact is still up for debate, most can agree that the cost of AI to the data center industry if the power grid is left as it is currently is unpredictable.

Comparatively, Dominion Energy Inc.’s Virginia utility, which measures data center alley, states it hasn’t observed the distortion levels reported by Whisker Labs, with typical harmonics falling within industry standards. Dominion spokesperson Aaron Ruby said immediate action was taken to resolve the rare instances of higher-than-normal harmonic disruption when they occurred.

However, some doubt the accuracy of the data gathered by Whisker Labs’s sensors, like ComEd or Exelon Corp.’s Commonwealth Edison utility. “ComEd strongly questions the accuracy and underlying assumptions of Whisker Lab’s claims,” utility spokesman John Schoen said.

Bloomberg’s report states that part of the problem is that the government did not do enough to fortify the grid before the demand boom. Demand has remained relatively flat for decades, making the industry complacent. Now, Bloomberg estimates the nation’s demand will skyrocket to almost 16% in the next five years. This will worsen harmonic issues plaguing the grid, especially considering that many of the most significant data center clusters are located next to large cities.

Industry analysts have been concerned about the power grid industry due to the growing use of smart appliances and electrification. Still, the explosion in AI demand has kicked things into high gear. The grid has simply never faced this type of strain before.

Unfortunately, distorted wave patterns can do more than cause a little overheating or machine rattling. Extended exposure or worsening distortions could result in electrical fires if there’s a voltage surge or a greater probability of brownouts or blackouts.

Bob Marshall, CEO at Whisker Labs Inc., told Bloomberg that harmonics are typically the proverbial canary in the coal mine for a power grid, reflecting early stress and problems. Whisker Labs tracks the real-time use of residential sectors across the country, and the collected data has shown a strong connection between data center proximity and worsening harmonics.

Distorted power, also known as “bad harmonics,” is a deviation from ideal wave patterns of electricity that distorts the power flowing into a device. For example, bad harmonics can cause smart electronics to run hot or refrigerator motors to rattle. However, these bad harmonics are often just the tip of the iceberg and reflect a deeper problem engulfing the U.S. power grid and many grids globally.

According to Bloomberg’s report, “more than three-quarters of highly distorted power readings across the [United States] are within 50 miles of significant data center activity. While many facilities are popping up near major U.S. cities and adding stress to already fragile grids, this trend holds true for rural areas as well.”

With the proliferation of AI, the growing power requirements could distort the normal flow of electricity for millions of people. In an analysis by Bloomberg, research shows that this growing problem of power distortion could threaten billions in damage to home appliances and aging power equipment, especially in high-volume areas such as “data center alley” in Northern Virginia.

In the face of unprecedented demand for artificial intelligence, data centers are starting to feel the strain. Over 2024, growing concerns around the capabilities of data centers in the face of unrelenting AI demand compounded as available space and renewable technologies hit their limits. Power grids across the globe are reaching the end of their decades-long lifespan. Efficiency has decreased due to continued electrification efforts within the automotive, aerospace, and defense industries.

New research reveals that the growing use of data centers could impact the available electricity consumers rely on around them, leading to rapid electronic degradation or, worse, electrical fires. As the industry looks for a solution, the U.S. is taking the next step in achieving its goals of a one-stop shop for its domestic semiconductor ecosystem.

Since its popularity exploded in late 2022, artificial intelligence (AI) has driven demand for sales and power. With the growing integration of AI in numerous enterprises, the demand for data centers has also exploded exponentially. This has contributed to rising concerns about data centers' capabilities and the issues high demand can have on aging power structures.

Finding form-fit-function (FFF) alternates and selecting a manufacturer with greater global reach without geopolitical risks are essential. Partnering with an electronic component distributor to help identify these functional alternates is imperative.

All of this could impact a company’s reputation further, causing additional damage after what was already incurred by simply being included on the list for customers that cannot risk the disruption to their supply chain, especially those that are trying to take advantage of the market turnaround after the glut of years prior.

Due to its competitive pricing and technological advancements, Quectel, a supplier with a 35% market share, is likely to be involved in the trade war more often, especially given its focus on semiconductors. This disruption could lead to more significant component unavailability, compliance issues, and delayed manufacturing for its customers.

This was evident in the immediate stock market drops for the newly listed companies the following day. Likewise, this creates additional challenges for buyers who procure products from the listed companies. Quectel is one such example.

Reuters states that the list update is just one of the latest actions in the ongoing trade war between the two nations. Morningstar Senior Equity analyst Ivan Su said that while some companies, like Tencent, have a good chance of securing exclusion through the U.S. courts, this announcement results in “reputational damage.”

The Section 1260H list, mandated under U.S. law, comprises 134 companies and is updated annually by the government with a notice posted to the Federal Register. This list includes dozens of organizations, including Changxin Memory Technologies and China’s largest shipping company, COSCO Shipping Holdings.

Reuters reports that a company spokesperson said on Monday that Quectel ""does not work with the military in any country and will ask the Pentagon to reconsider its designation, which has been made in error.""

""We will take appropriate action to protect ourselves and our stakeholders. We are confident that we will be removed from the 1260H list,"" Quectel president and CSO Norbert Muhrer said.

Tencent and CATL's Hong Kong-listed shares fell the Tuesday after the announcement, with both companies calling the move “a mistake.” Quectel has strongly denied these allegations and plans to challenge the DoD’s ruling.

Even with the new year ringing in, the U.S.-China trade war continues to forge ahead without pause. In the second week of 2025 , the United States added several companies to its list of Chinese firms that it alleges to be aiding China’s military. In a statement, the U.S. Department of Defense (DoD) announced that it had added tech giant Tencent Holdings, battery-maker CATL, and chipmaker Quectel Wireless Solutions, among a dozen others, to the list.

China's Commerce Ministry responded to the new rules by saying it would take necessary measures to safeguard its ""legitimate rights and interests.""

""How effective the rule ends up being in the next 10 to 15 years is now up to the incoming team,"" said National Security Official Meghan Harris during the first Trump administration. ""They are well aware that ensuring a dominant domestic industry is a core element of competition with China.""

The regulations now divide the world into three tiers. Eighteen countries, including Japan, Britain, South Korea, and the Netherlands, are exempt from them. In the second tier, 120 countries, including Singapore, Israel, Saudi Arabia, and the United Arab Emirates, will face country caps. Those in the third tier, or arms-embargoed countries, such as Russia and China, will be banned from receiving this technology altogether.

In response to the new regulations, Nvidia and its competitor AMD saw shares drop in the morning trading. Nvidia claims that these rules further alter the landscape for AI chips and data centers, with the company describing these actions as a “sweeping overreach.”

It’s unclear how the incoming Trump administration will enforce these new rules or whether he will keep them in place. However, given their similar views on China's competitive threat, Trump will likely keep these regulations in place. In 2025, there might be more stringent rules regarding AI exports.

Divyansh Kaushik, an AI Expert at Beacon Global Strategies, says that the cap translates to roughly 50,000 H100 Nvidia GPUs. ""Fifty thousand H100s is an enormous amount of power - enough to fuel cutting-edge research, run entire AI companies, or support the most demanding AI applications on the planet.”

According to Reuters, “Under the regulation, countries with caps on compute power are restricted to a total of 790 million total processing power (TPP) through 2027.”

These new restrictions will regulate the flow of American AI chips and technologies necessary for most sophisticated AI applications. Nvidia has been critical of the limits on AI-capable chips, especially against graphics processing units (GPUs), which the regulations target. Since GPUs are heavily implemented in the clusters used to train advanced AI models, the new limitations are set by compute power to account for the differences in individual chips.

In the last days of Biden’s term, the U.S. passed new AI chip controls that extend beyond China. These restrictions will directly impact artificial intelligence chip technologies and exports. Reuters reports that the limitations will further divvy the world to keep advanced computing power in the U.S. and its allies.

As the U.S. continues to enforce stricter controls on technology exports, the semiconductor industry will need to adapt, balancing the demands of national security with the realities of a globally interconnected market.

In January 2025, the United States announced significant new export controls targeting artificial intelligence (AI) technologies as part of its broader strategy to curtail the flow of advanced technology to China. These controls are expected to profoundly impact the semiconductor industry. Many companies rely on the global supply chain, and China remains a significant market. Industry experts have raised concerns about the economic implications, warning that the restrictions could slow innovation and hinder the competitive edge of U.S. firms in the global marketplace.

However, with the Trump-Vance Administration reversing some of the Biden Administration’s controls, things might not be as simple as they seem.

These new export controls are in alignment with U.S. export controls, which will directly impact companies like ASML Holding and ASM International NV. Over the last few years, the United States has pushed its allies to pass similar restrictions, exempting the Netherlands and others from certain limitations.

Minister Klever went on to say, “The semiconductor industry is international. The Netherlands plays a unique role in this sector. It is important that we do not disrupt the chip industry unnecessarily. In expanding the export control measure, we have therefore set to work with the utmost care.”

It is important to note that this is not a complete export ban.

The announcement explains that heightened security risks have necessitated greater national measures to monitor the export of semiconductor technologies. Going forward, the export of these technologies will also require authorization. The government will decide on approval on a case-by-case basis and apply to all exports outside the EU.

The previous national measures “covered a number of very specific technologies in the production cycle of semiconductors, such as lithography equipment. A limited set of technologies for other steps in the manufacturing process is now also subject to an authorization requirement.”

The Netherlands Minister of Foreign Trade and Development, Reinette Klever, stated, “We believe it is important to maintain control over who gains possession of what technology. The government closely monitors semiconductor manufacturing technology. Technological developments may make it necessary to modify the rules. We are observing increased security risks associated with the uncontrolled export of this specific equipment. For this reason, an export authorization will henceforth be required.”

According to the official government announcement, the new policy will take effect on April 1st, 2025 . The policy will apply to specific measuring and inspection equipment used in producing advanced semiconductors, among other technologies. The good news is that expanding export control measures will only cover a limited number of technologies and goods.

In mid-January, the Netherlands government announced its plan to modify its national export control measures for advanced semiconductor manufacturing equipment exports. This recent decision is part of a trend of countries subjecting similar technologies, primarily semiconductors, to national authorization requirements.

It is predicted that the Trump Administration will likely keep some elements of Biden’s AI regulations, such as those specifically targeted at China.

That said, there is a chance that President Trump could replace Biden’s mandates with new regulations of his own. No statement has been made, but there is speculation that the Trump Administration will take a more hands-off approach to AI. President Trump had previously criticized Biden’s AI regulations, claiming they hindered tech innovation.

However, in a surprising move considering Trump’s past actions regarding China, President Trump kicked off his administration by rescinding President Biden’s executive order regulating AI. An article by Bloomberg Law states that this move will immediately halt key safety and transparency requirements for AI developers. The mandate, signed by Biden in 2023, previously required AI companies to share safety test results and other critical information with the federal government.

“Managing these very real national security risks requires taking into account the evolution of AI technology, the capabilities of our adversaries, and the desire of our allies to share in the benefits of this technology. We’ve done that with this rule, and it will help safeguard the most advanced AI technology and help ensure it stays out of the hands of our foreign adversaries, while we continue to broadly share the benefits with partner countries.”

“This policy will help build a trusted technology ecosystem around the world and allow us to protect against the national security risks associated with AI, while ensuring controls do not stifle innovation or US technological leadership,” said U.S. Secretary of Commerce Gina Raimondo.

“This new regulation serves key U.S. national security and foreign policy interests and supports the Biden-Harris Administration’s broader strategy to cultivate a secure and trusted technology ecosystem for the responsible use and diffusion of AI.”

In the last week of his administration, President Biden announced a new regulatory framework for the responsible diffusion of advanced artificial intelligence technology. According to an article on the announcement , “the Department of Commerce’s Bureau of Industry and Security (BIS) announced controls on advanced computing chips and certain closed artificial intelligence (AI) model weights, alongside new license exceptions and updates to the Data Center Validated End User (VEU) authorization.”

As these policies take effect, their long-term implications for the global semiconductor supply chain will become more evident. The coming months will determine how these shifts reshape the global technology landscape.

The semiconductor industry is undergoing significant shifts, with critical policy changes in the United States and the Netherlands shaping the trajectory of the global supply chain. These developments highlight how the shifting priorities of new government administrations can then impact the worldwide semiconductor market. The U.S. and the Netherlands especially have firm grips on specific sectors of the semiconductor supply chain that can significantly affect the countries subjected to these limitations.

Port Strikes End but Backlog Remains and DRAM Market Rebound Unlikely in 2024 - October 25th, 2024

Negotiations couldn’t come fast enough for the East and Gulf Coast ports in the United States after the International Longshoremen’s Association (ILA) went on strike. Worries over how immense the impact would be with the wide range of port closures after the devastating effects of Hurricane Helene helped prompt quick action, ending the strike after 3 days. This tentative negotiation has postponed further strikes until January 2025, but port workers and operators still disagree in regard to automation.

Despite ending faster than expected, the 3-day port strike has contributed to delays that will take at least three weeks to resolve. The semiconductor industry may not feel the severity of these effects, however, as excess inventory continues to keep consumer demand flat.

U.S. Backlogs from Strike and Milton

After three days of strikes, the U.S. East and Gulf Coast ports reopened after an agreement was reached, ending the industry’s most significant work stoppage in almost half a century. While the strike ended sooner than expected, 54 container ships still wound up queued outside of closed ports.

The strike risked massive shortages in everything from bananas to auto parts and cost the U.S. economy $5 billion a day. While the strike ended early, pricing platform Xeneta said, “It was likely to take two to three weeks for the normal flow of goods to be re-established.”

Chief Analyst Peter Sand from Xeneta told Reuters, “Remember that ships keep calling, so it's not just a matter of handling the ships already in line, but to work extra hard to run down the congestion before supply chains are re-running.”

Those banking on the strike’s continuance, mostly shipping stocks, saw drops after the deal was made. Shipping stocks in Asia and Europe fell after “previously rallying on expectations of price increases triggered by the strike by U.S. dock workers and the tense situation in the Middle East.”

The two sides will continue to hammer out issues in the coming months, but the resolution has let many breathe a sigh of relief. The current situation in Florida and other Gulf Coast states is especially dire after the damage incurred by hurricanes Helene and Milton.

Roads, railways, and ports have been severely impacted by torrential rains, destructive winds, and extreme flooding from storm surges, limiting the flow of needed supplies to communities that need them. If the port strike had continued as long as some believed, it would have further hurt the towns and civilians needing medical supplies, food, and water.

For the semiconductor industry, which is still grappling with the effects of excess inventory, the shortages that may spawn from the 3-day strike will likely be in the short term. Since customers are filling backlogs with remaining excess, there are unlikely to be far-reaching effects on the semiconductor industry. Likewise, the damage incurred by Helene at Spruce Pine were minimal, with only railways and roads seeing the most significant impacts from the storm.

Organizations are doing what they can to resume operations after taking care of immediate needs, such as relief for work staff and locals. The port strike would have added further complexity to recovery, which this area didn’t need. Hopefully, recovery will arrive quickly as negotiations between the ILA and port operators continue.

""The decision to end the current strike and allow the East and Gulf coast ports to reopen is good news for the nation’s economy,"" the National Retail Federation said in a statement. ""The sooner they reach a (final) deal, the better for all American families.""

DRAM Spot Market Won’t See a Rebound Until 2025

The memory market is in a strange place. Portions of memory have seen high levels of demand throughout the year, contributing to bottlenecks and even some shortages as suppliers race to increase production capacity where applicable. Simultaneously, the overall DRAM market has grappled with excess inventory, which has caused low average selling prices (ASPs) and flat consumer demand. High-bandwidth memory (HBM) has been one of the main components benefiting from the popularity of artificial intelligence, but general DRAM has not.

A recent report by TrendForce has confirmed that the spot price trend for DRAM is unlikely to rebound by the year’s end. The spot market continued to fall during China’s National Day Golden Week. Similarly, NAND flash witnessed reluctance among buyers toward procurement due to excess inventory.

TrendForce research revealed that “some module houses are keen to lower their inventory levels, thus pushing spot prices to go down further. The supply-demand dynamics of the spot market remains unchanged, and a rebound is unlikely before the year’s end.”

TrendForce also reported that the spot market for NAND Flash “was sluggish in transactions as buyers had not raised their willingness to stock amidst the National Day holiday in China. Several suppliers are selling their products at lower unit prices this week as sales pressure continues to envelop their entire market, which has yet to alleviate the overall status.”

Another wave of inventory reduction is continuing amongst some module houses, with sales pressures continuing to impact the market’s pricing trends. The ongoing challenges within the memory market indicate that a greater trend is affecting the semiconductor industry.

Recently, ASML warned of a “slower recovery in the semiconductor market,” cutting its outlook for 2025 due to orders falling short of the previous forecast in Q3. Christopher Fouquet, ASML’s Chief Executive Officer, said customer cautiousness triggers a more gradual recovery in all areas outside AI. Challenges impacting Samsung and Intel have likely contributed to ASML’s results.

ASML’s Finance Chief Roger Dassen said, “Very specific competitive issues in the foundry business had contributed to a slower recovery in those chip markets that were not benefiting from booming demand for AI computing infrastructure.”

Dassen also said, “ASML expected its sales to China to fall next year, from almost half of revenues in the third quarter to around 20%.” The ongoing trade war between the U.S. and China has restricted the sale of ASML’s advanced lithography equipment. Due to the remaining areas of excess inventory, price trends are expected to recover by 1Q25 as soon as possible.

Chips Receive Environmental Exemptions and Research Warns of AI Shortage - October 18th, 2024

The semiconductor industry is in a delicate state, with geopolitical strife and extreme weather threatening to derail operations as the globe prepares for its peak shopping season. The debut of artificial intelligence-enabled smartphones and laptops is here, fueling rising demand among consumers. This ongoing interest in AI products contributes to strains on the availability of chips needed to support these devices. Research now warns that a global shortage will likely occur if demand continues to follow current trends.

To increase semiconductor manufacturing capacity sooner rather than later, the Biden Administration passed a law allowing some semiconductor plants to bypass environmental reviews that could have postponed construction for years.

Semiconductor Facilities Given Breaks from Environmental Reviews

President Biden recently signed legislation to exempt some U.S. semiconductor manufacturing facilities from federal environmental reviews if they receive government subsidies. Semiconductor manufacturing often requires specific processes and chemicals, which are under heightened scrutiny from sustainability efforts. This requires additional review by governing agencies to ensure compliance, which takes weeks or months.

Suppose the legislation was not signed into law. In that case, it is expected that “projects from the $52.7 billion CHIPS Act of 2022 could have been forced to undergo additional federal environmental reviews under the National Environmental Policy Act of 1969 to win federal permits.”

This could have added years of delays to these semiconductor projects amid heightened revitalization efforts. However, the bill has divided many as it weighs economic ambitions against necessary climate goals.

Reuters wrote that proponents say these “projects have already complied with federal, state, and local environmental regulations and permitting requirements.”

Furthermore, proponents argue that this legislation would allow for the expedition of many chip manufacturing facilities that have already been delayed while waiting for CHIPS Act funding to be awarded. Speeding up this process would help strengthen the U.S. economy in a shorter time by decreasing the nation’s dependency on other countries for chip access.

On the other hand, dissidents state that the law could allow companies to “skirt important steps aimed at reducing potential harm to the environment and workers.” Many believe these taxpayer-funded projects should be subjected to a more significant review process to improve transparency and allow community input.

Likewise, some are concerned about the semiconductor industry’s legacy of leaving behind long-lasting toxic damage to the environment. There are many of these “superfund sites” scattered across the U.S., especially in Silicon Valley, where the sordid history of using toxic chemicals has increased health issues amongst its staff, like a higher risk of miscarriages.

Representative Zoe Lofgren of California and other Democrats state that “history does not indicate that semiconductor manufacturing should be completely absolved from any NEPA review.”

Representative Raúl M. Grijalva, who is on the Natural Resources Committee, said, “A piece of legislation that allows these facilities to completely bypass NEPA’s critical environmental review and public input processes while also stripping communities’ right to challenge these projects under NEPA legally, is unconscionable and never, under any circumstances, should have been pushed through the House.”

However, many believe that the importance of rapidly building up America’s semiconductor manufacturing ability is too critical to ignore. The growth of semiconductor production within the U.S. would bring back jobs that have been previously outsourced, with many proponents stating that semiconductor accessibility goes beyond economic prosperity and is an essential factor in maintaining heightened national security.

Senator Mark Kelly of Arizona and co-author of the bill said: “The bill had been narrowly tailored…the bill was not a rollback of any environmental laws, and projects would still have to comply with bedrock environmental protection laws, such as the Clean Air Act and the Clean Water Act.”

“The whole plan behind this legislation was to ensure that the CHIPS and Science Act had the maximum impact on our economy and national security.”

Bain & Company Report Warns of AI Shortage

Artificial intelligence has been the reigning king of technology for nearly two years. AI-enabled smartphones and laptops are now making their debut, with analysts predicting they will quickly become a little under half of all market orders in just a few years. Due to AI’s popularity, demand for semiconductors has been growing, putting the industry at risk of another shortage.

Since generative AI emerged, big and small tech companies, including Microsoft, Google, and Amazon, have acquired graphics processing units (GPUs) whenever possible. Nvidia, the leading supplier of these chips, has seen heightened supply for its GPUs after it was announced they were used to power OpenAI’s ChatGPT, the catalyst for the explosion in AI interest. Over the past year, competitors, including Qualcomm and AMD, have increased the availability of chips with their new products, but new AI-enabled devices have quickly consumed capacity.

Anne Hoecker, Head of Bain’s Americas technology practice, warns that the ongoing high demand for GPUs and other components due to AI-enabled devices could lead to a shortage in semiconductor supply.

“The increasing demand for GPUs has caused shortages in some segments of the semiconductor supply chain.” Hoecker points out that if demand continues to grow, “the onslaught of AI-enabled devices may accelerate PC refresh cycles and pose extreme widespread supply constraints for semiconductors.”

Bain & Company’s report notes that while it is difficult to forecast consumer reaction, a demand rise exceeding 20% could threaten the complexity of the supply chain. If the AI explosion exceeds the threshold, it could easily create many vulnerable chokepoints throughout the supply chain.

Furthermore, the report finds that the increased geopolitical tension can further complicate these supply chain vulnerabilities, raising the possibility of material shortages and factory construction delays.

They noted that the “supply and demand of semiconductors is a delicate balance, as the industry and its customers know all too well after the past few years. Although the pandemic-induced chip shortage has passed, executives are starting to prepare for the next potential crunch caused by (you guessed it) artificial intelligence.”

According to Scott Bickley, research practice lead at Info-Tech Research Group, “the advanced semiconductor supply chain is the most fragile on the planet. Over 5,000 vendors must work in perfect harmony to produce the most advanced chips.”

Many of these vendors, he said, “supply a single component to a single company, without which the whole system comes screeching to a halt. The technical obstacles alone are mind-boggling, notwithstanding the geopolitical risks facing TSMC and the normal headwinds of logistics management.”

The Bain & Company report notes that spending on data centers and the chips that power them will only increase year-on-year by 36% in 2024 due to AI and accelerated computing. Should data center demand for current-generation GPUs double by 2026, suppliers must increase output by 30% or more.

‍

DRAM Faces Disruptions and AI Companies Stumble - October 11th, 2024

Fall is in full swing, but some industry experts are warning others that a “DRAM Winter” might hit the semiconductor supply chain early. Over the last year, DRAM has seen its fair share of ups and downs as artificial intelligence (AI) demand pushed orders into the stratosphere. New developments within DRAM may have set the market up for a fall from which it might never recover.

AI is expected to be a top performer during Q4 thanks to new AI-enabled product debuts with promising AI integrations. However, recent missteps by key AI players have left many dissatisfied. Some are starting to worry that AI may have finally reached the height of its popularity.

Could Aggressive Production of DRAM Lead to a Devastating Plummet?

Over the last year, AI has been the primary driver of high-bandwidth memory (HBM) demand. Several major memory suppliers have prioritized increasing production capacity for this specific DRAM component over the last year. They plan to further increase capacity within 4Q24 and 1Q25 as AI-enabled devices begin trickling into the market.

However, in a recent BusinessKorea article, Morgan Stanley published a report that contains a “bearish view on Korean memory chipmakers, citing weak demand for general DRAM and an oversupply of AI-specific HBM.”

Morgan Stanley has projected that in 2024 the “global HBM supply will hit 250 billion gigabits (Gb), far exceeding demand, estimated at 150 billion Gb—a surplus of 66.7%.”

Morgan Stanley went on to predict that general DRAM will peak in Q4 2024 before beginning a multi-year decline through 2026 as weak demand for semiconductor-reliant IT products and aggressive expansion by Samsung Electronics and Changxin Memory Technologies (CXMT) will contribute to a massive oversupply.

Many industry players have become concerned with CXMT’s aggressive DRAM production capacity expansion, which aims to potentially challenge the big three memory suppliers: Samsung Electronics, SK Hynix, and Micron Technology.

In a report by DigiTimes, “The company's output grew from 120,000 wafers per month at the end of 2023 to 160,000 in the first quarter of 2024 and is projected to reach 200,000 by year-end, representing 11% of global DRAM production.”

Nomura Securities predicts that “if CXMT expands its DRAM production capacity as planned, it will account for 15% of the global DRAM market. In terms of production volume alone, it would become the world's fourth-largest DRAM manufacturer after Micron.” This significantly contributes to the market’s oversupply and further drives down the average selling price (ASP).

Morgan Stanley also cited recent reports that pre-orders for Apple’s iPhone 16-series were down 13% compared to its predecessor, highlighting the sluggish performance of PC and smartphone markets over the last year.

However, other industry experts disagree with Morgan Stanley’s report, saying it is “exceedingly pessimistic.”

BusinessKorea states that industry insiders argue that the HBM market is driven by “customized, client-approved products, making oversupply less likely. SK Hynix and Samsung Electronics have publicly stated that HBM supply is fully booked through 2025.”

Similarly, Morgan Stanley’s article mentions that while smartphone and PC markets are sluggish, Samsung Electronics and SK Hynix have reported stable demand for memory in either sector.

TrendForce’s Senior Vice President Avril Wu contends that while DRAM prices have been weak, the overall ASP is expected to rise in 2025–as the market begins to recover. Wu added that pricing across different products may vary, but the increasing penetration of HBM should help stabilize the DRAM market over 2025.

Trouble in AI Paradise for Samsung and AMD

AI has been the hot ticket item of the year, but the rush to meet demand or snag a piece of the profitable pie has led to some chipmakers missing the mark. Samsung’s foundry business has encountered issues with some advanced processes, especially with its 3-nanometer (nm) technology.

In a report by the Korea Times, “the yield for Samsung’s 3nm process has remained in the single digits until Q1 of this year, causing delays in supplying engineering samples for its Exynos 2500 chips.”

Over Q2, Samsung’s yield for 3nm improved by 20%, which is impressive, but it is still far below the 60% threshold needed for mass production. To rectify this issue, Samsung is shifting its strategy to its latest P4 facility in Pyeongtaek in the Gyeonggi Province. Samsung will prioritize advanced DRAM memory production for HBM chips rather than installing equipment for NAND. Weak demand for its foundry services has contributed to this shift in strategy, with the prediction that Samsung might even dedicate the entire P4 fab to memory chip production instead.

Low yields have been a critical factor in Samsung’s ongoing struggles within the foundry business. Samsung has only recently stabilized yields for its 4nm process, while more advanced nodes remain problematic. However, Samsung’s heightened moves in DRAM have led to concerns about an oversupply in the coming year.

Meanwhile, AMD is experiencing issues with its original laptop equipment manufacturers (OEMs), resulting in poor execution. According to a report by Tom’s Hardware, analysts have remarked that a “Cold War ice age” exists between the two parties, hurting mutual trust.

The report cited AC Analysis as saying, “The main contradiction arises from AMD’s current strategy of prioritizing enterprise chips over consumer products,” fueling concerns over unfulfilled promises. The response to AMD’s Strix Point chips among OEMs has be",tsmc says outlook next year looks healthy continue next five years based coming recovery semiconductor industry hopefully something look forward next year excess remained significant challenge suppliers digest inventory might take first half fiscal year accomplish growth remain stable steady according reuters nvidia amd saw increases premarket trading meanwhile broadcom micron technology intel qualcomm saw shares increase uslisted tsmc shares gained companys market capitalization set cross trillion premarket gains hold goes slow outlook electronic components market previously expressed asml earnings dived last month pessimistic outlook shared morgan stanley companies ai umbrella also seen immense success previous quarter demand real said tsmc chairman ceo cc wei wei believes demand remain high years come regarding recording beating quarter tsmc expects able increase budget coming year ai chips primary force behind success company said revenue ai processors set account midteens percentage overall revenue year since debut openais chatgpt catalyzed massive transformation within electronic components industry geopolitics recent earnings report tsmc jumped beating previous quarterly forecast thanks excitement regarding ai leading producer advanced semiconductors tsmc supplies chips tech giants including apple ai gpu megastar nvidia ai without doubt unexpected dark horse last year revitalized component sales specific market sectors drag entire industry depths decline bootstraps previously hoped helped soften blow market dropoff months postsemiconductor shortage semiconductor market struggles poor demand one winner stood outperforming previous bullish predictions year tsmc crown jewel semiconductor industry produces worlds semiconductor supply global inventory advanced semiconductors surpassed expectations ufs emmc markets continued experience poor demand conservative stocking strategies procurement professionals seasonal shopping seasons including backtoschool us europe alongside holidays china still need reinvigorate demand module houses held excess others using pricecutting strategies enterprise ssds remain black sheep foreseeable future due profitability seeing higher demand products caused suppliers increase bit shipments pursue orders however method constrain price growth warns eetimes price increase q small rather dramatic another reason debut aienabled pcs smartphones yet help boost demand across memory sector delayed deployment ai applications smartphone pc manufacturers implemented supply reduction strategies throughout year excess remains crucial challenge many concurrently several major manufacturers returned full capacity utilization q primarily due process upgrades caused modest rise overall capacity move toward stabilization enough support price increases sluggish consumer market showing signs improvement lately trendforce attributes coming quarters poor performance inflation limited practical use cases ai hindered significant upgrade cycles despite manufacturers actively introducing aipowered pcs likely lead decline overall nand flash contract prices q similar trend seen dram high bandwidth memory hbm see continued growth fourth quarter due use ai applications overall market experiencing flat demand outright declines trendforce notes pc ssds ufs see cautious procurement strategies buyers weakerthanexpected sales end products drive buyers adopt conservative approach like dram segment nand flash market seeing noticeable growth enterprise solid state drives ssds utilized ai applications ongoing order momentum contribute modest growth q rising according recent trendforce report nand flash market hit weakerthanexpected seasonal demand contributed decline wafer contract prices q trendforce forecasts downturn continue deepen q possibly surpassing end year electronic component excess continues challenge numerous sectors memory suppliers seeing procurement professionals use excess stock fill backlogs develop hope demand might rebound latter half year preparation seasonal sales however hope diminished recent weeks indicators chinese market prove otherwise weakness continues impact memory market despite areas high demand bolstered artificial intelligence last weeks concerns centered around memory markets performance spot prices dropping previous quarter mainly attributed flat consumer demand prevalent throughout year hand artificial intelligence market keeping several companies upandup tsmc beat odds last quarter massive margin company attributed success high number ai sales expects demand continue healthy rate next several years electronic component market hitting holiday season crawl sluggish flat consumer demand kept prices across many sectors especially general memory low coming quarter excess inventory expected continue problem keeping spot price low several markets procurement teams fill backlogs existing surplus stumbling block increasing tension trade war two countries contributed stocks falling tsmc ceo cc wei said doom gloom company recent success arizonas facility likely first many likewise tsmc continues one many beneficiaries ai boom blew previous expectations q earnings water tsmc declined comment alerted taiwan us authorities company reported chip supplied client wound huawei product tsmc also begun detailed investigations client named initially later confirmed sophgo meanwhile sohpgo said compliance laws never engaged business relationship huawei sources state submitted detailed investigation report tsmc prove unrelated huawei reuters detailed sophgo ordered chips tsmc matched one found huaweis ascend bhuawei restricted buying technology protect us national security reuters could determine chips ended huaweis product artificial intelligence hotly contested topic within united states china trade war inflamed retaliatory actions either country chatgpt caused boom interest result us allies become strict ensuring chinas access us advanced chip designs including designs tools made allies lock key reuters reported last weekend tsmc suspended shipments chinabased chip designer sophgo chip made found huawei ai processor according two sources familiar matter within last several years united states china upping ante ongoing trade war new export restrictions complete bans announced allies either country weighing issue joining ranks warning others trade wars possible consequences monday kicked tsmc stocks stumbling right company announced latest us facility produced yield comparable fabs taiwan investigations commenced news broke tsmc components found within huawei microprocessor according bloomberg results may encourage tsmc expand two arizona facilities primarily since land support six fabs us elect pass another chips act tsmc would likely one recipients due already notable successes however comes tsmc puts shipments lockdown news broke parts found huawei microprocessor bloomberg also notes tsmc president rick cassidy comment regarding yield ceo cc wei said first arizona fab already begun engineering wafer production nm chips results highly satisfactory good yield despite tsmcs overseas capabilities facilities inside us comprise total global capacity us still stands greatly benefit arizonas production help provide us companies stability accessible domestic supply utilized case external supply chain disruptions report toms hardware achievement followed news apples bionic socs produced arizona amd soon start making ai hpc chips location fantastic news series delays due slow chips funding delivery differences work culture pushed back factorys operational schedule one year company successfully overcome challenges attained production yields par home country recent webinar tsmc us president rick cassidy told reporters arizona fab achieved better yield comparable manufacturing sites taiwan bloombergs article situation noted key metric tsmc measures advanced efficient facilities within taiwan massive win us works reestablish prolific semiconductor manufacturer since announcement chips act united states slowly divvying government funds construct new fabrication plants one new facilities arizona tsmc location false starts due small us talent pool finally moving right direction even better arizona facility performing efficiently comparable fabs concurrently tsmc recently suspended shipments chinese customer company alerted chips used one huaweis microprocessors since huawei us ban list aicapable components could put tsmc hot water us government preliminary reports indicate wrongdoing customers behalf associated country governments tsmc investigating situation greater depth one hand tsmcs new arizona facilities promise great boon united states desperate regain former glory semiconductor manufacturing powerhouse decades outsourcing chip fabrication southeast asia us slowly rebuilding domestic semiconductor supply artificial intelligence ai continues push companies countries new heights rightand wrongreasons tsmc star show week bringing good bad news technology already qualified applied infineons integrated smart power stages dcdc converter first customers already sent interesting see infineons new technology improves ai applications powers additionally infineon added technical productionrelated challenges like wafer bow wafer separation major impact backend assembly processes ensuring stability firstclass robustness wafers achieve wafers reduced thickness infineon states engineers established innovative unique wafer grinding approach since metal stack holds chip wafer thicker micrometers significantly influences handling processing backside thin wafer new ultrathin wafer technology drives ambition power different ai server configurations grid core energyefficient way said adam white division president power sensor systems infineon energy demand ai data centers rising significantly energy efficiency gains importance breakthrough significantly accelerate ai advancement increased energy efficiency power density reliability likewise infineon expects technology help motor control computing consumer applications reducing power loss essential ai server applications especially highend ai use generative ai large language models llms infineon ceo jochen hanebeck said infineons breakthrough ultrathin wafer technology marks significant step forward energyefficient power solutions helps us leverage full potential global trends decarbonization digitalization technological masterpiece solidifying position industrys innovation leader mastering three relevant semiconductor materials si sic gan infineon recently pioneered worlds first mm power gallium nitride gan technology hitting another critical step roadmap new silicon power wafer microcentimeters thick diameter millimeters manufactured infineons highscale semiconductor fab infineon says ultrathin silicon wafers quarter thick human hair half thick current stateoftheart wafers micrometers infineon roll recently late october infineon revealed hit next milestone semiconductor manufacturing technology breakthrough handling processing thinnest silicon power wafers ever manufactured natcast managing body behind nstc combined america euv accelerator albany nanotech complex bound make promising breakthroughs lithography funding us solidifying previously laid groundwork went producing chips domestically decreasing reliance foreign suppliers since us outsourced semiconductor production last decade preexisting avenues within us domestic market eroded requiring finetuning research help us become less dependent foreign suppliers better safeguard technologies critical national security endeavors also benefit asml holding worlds primary supplier euv lithography equipment semiconductor production since netherlands government banned asml selling china global sales taken noticeable hit us creating supply might help ease way relaxation ban upcoming research essential national semiconductor technology center nstc created funded chips science act new funding set push albany nanotech complex becoming national global epicenter euv research hopefully enabling creation nextgeneration semiconductor technologies albanys research center also host america euv accelerator driving innovation research us senator chuck schumer told associated press highend research done make advanced chips world makes sure military edge makes sure economy companies cutting edge well according associated press albany nanotech complex receive million funding part broader federal effort funding devoted continued research euv lithography technologies united states remain globally competitive federal officials selected another new york location specifically albany nanotech complex become national headquarters research extreme ultraviolet lithography euv advanced chipmaking equipment imperative producing ultrasmall advanced semiconductors primarily used artificial intelligence ai applications consumer electronics since announcement chips act new york worked hard attract bigname players semiconductor industry memory leader micron technology elected produce advanced memory chips new fab near syracuse new york state government universities worked tirelessly establish key players americas chip revitalization efforts secure competitiveness country expand knowledge advanced semiconductor manufacturing united states recently announced decision award portion chips acts funding semiconductor research development new york facility semiconductor industry well last quarter new developments still coming last weeks breakthroughs semiconductor technology chip manufacturing wafer fabrication made headlines promising bring new era power energy efficiency industries supports idea behind chips science act began first trump administration maintains strong bipartisan support restoring americas semiconductor manufacturing leadership integral countrys economic competitiveness national security intel spokesperson said american company designs manufactures leadingedge chips intel critically important role play look forward working trump administration shared priority tsmcs prior commitments including arizona plants investments within united states remained unchanged meanwhile intel expressed optimism like globalwafers hand business leaders chipmakers keeping plans despite recent comments company management believes trump would limited authority unilaterally upend chips act especially companies reach agreements biden administration end year worries came comment house speaker mike johnson said republicans would probably work repeal law later issued another statement saying would streamline act repeal us senator mark kelly take comments lightly wants kill chips science act killing legislation going lay tens thousands people state arizona make spend money united states plants open theyll fund dont put cents trump said october podcast azfamily news said trump expressed federal government awarding billions rich companies instead incentives imposing tariffs right way spur domestic manufacturing multiyear decadal programs like chips act agreements signed regularly continued one administration next globalwafers said statement thursday expect chips program different run smoothly trump administration despite recent hiccups tsmc globalfoundries reportedly finalized binding funding agreements chips act globalwafers another chipmaker awarded funding expressed optimism chips act would continue new administration days election trump republican leaders congress criticized law discussed ways reform october trump said joe rogan podcast chip deal bad us election mean semiconductor industry many means rushing finalize agreements current biden administration inauguration due comments made presidentelect top republican lawmakers many concerned future chips science act incoming presidentelect donald trump us department commerce immediately respond reuters request comment tsmc comment market rumors tsmc lawabiding company committed complying applicable rules regulations including applicable export controls company said reuters contacted tsmc us department commerce comment financial times article especially true considering recent election results united states presidentelect trump introduced initial restrictions china within first term kickstarted rising trade war possibility increase tariffs well penalties tenure financial times article added future supplies advanced ai chips tsmc chinese customers would subject approval process likely involve washington decision also comes massive fine imposed globalfoundries new yorkbased chip company shipping chips without authorization affiliate blacklisted chinese chipmaker smic fine whopping tsmc likely wants avoid similar penalty suspension due continuous measures us imposing restrict shipment advanced gpus china protect us national security us lawmakers worry advanced components used largescale cyberattacks military applications financial times broke news citing three sources familiar matter confirmed tsmc told chinese customers would longer manufacture ai chips advanced process nodes nanometers smaller earlier month tsmc saw stocks fall news broke chips found huawei ai microprocessor tsmc planning halt production advanced chips chinese designers temporarily suspending production due prior incident since artificial intelligence components utilized applications hotly contested area within ongoing uschina trade war tsmc concerned meanwhile semiconductor manufacturers us racing finalize funding agreements chips act due comments presidentelect trump may put future chips act risk longlasting trade war united states china might intensify coming weeks tsmc could halt production advanced semiconductors chinese companies likely due heightened scrutiny growing export controls already cost globalfoundries half million penalty fines early really cant speculate might change said applied materials chief financial officer brice hill well wait input one many investors chipmakers adopted waitandsee attitude see trumps administration clarify things applied materials asked thoughts potential risk terms added restrictions perhaps going direction marketwatchs article stacy rasgon bernstein research analyst said direct impact additional china tariffs semiconductors alone would minimal said hardly import chips china adding biden administration already increased tariffs semiconductors china raw semiconductors made billion imports billion total goods imported china jeff ferry chief economist coalition prosperous america estimated tariffs could create roughly jobs us chip manufacturers suppliers report yahoofinance industry experts told business insider tariffs foreignmade chips could help level playing field us chipmakers facing fierce competition counterparts abroad tariffs could also encourage us businesses source chips domestically help persuade chipmaking giants like taiwanbased tsmc keep building factories us developments could aid job growth us semiconductor industry though experts disagreed much however analysts remark positive outcome could achieved increasing tariffs even global playing field trumps plans make us worse economically said harry broadman principal westexec advisors senior economist rand corp former us assistant trade representative george h w bush administration short run consumer individual pay higher prices imports meaning cost buy risen significantly means going inflation people find disposable income decreased continued restrictions highend semiconductor manufacturing equipment could impact sale us equipment chipmakers like applied materials warned however significant uncertainty concerns tariffs target technology sectors would suffer greatest impact marketwatch states bottom line tariffs increase goods prices kind hard say right guess early effects negative said robert maire president semiconductor advisors incoming trump administration incoming administration loves tariffs thinks answers trade imbalancesthey used tariffs enforce cajole policy campaign presidentelect trump hinted new import tariffs chinese goods including extra tariff could lead higher prices products assembled china past year chipmakers including lam research applied materials kla corp raised alarms tariffs imposed us china could harm chip companies trying protect biden administration way industry analysts concerned new tariffs hinted presidentelect trump could longterm impacts semiconductor industry future chips act isnt thing semiconductor industry worried last several years ongoing uschina trade war dramatically impacted global semiconductor supply chain popularity artificial intelligence models since release chatgpt shifted advanced semiconductors spotlight making hardfought ground trade war would put us back started depending foreign manufacturers chip supplies depending presidentelect trumps policies supplies could also become far expensive without chips act agreement tsmc chipmakers might taken years secure even companies still deciding whether commit large projects government subsidies received chips act repealed funding removed semiconductor companies might consider scaling back projects stopping entirely didnt happen convince tsmc would want expand raimondo said adding officials also convince american companies buy usmade chips market price national security secretary commerce gina raimondo stated getting tsmc manufacture leadingedge chips united states wasnt simple task either reuters stated tsmc agreed forgo stock buybacks five years subject exceptions share excess profits us government upside sharing agreement according reuters tsmc award also include billion lowcost government loans agreement tsmc receive cash meets project milestones commerce expects release least billion tsmc yearend concerns whether companies receive awarded funds arose us presidential election republican nominee donald trump majority vote presidentelect trump vocal criticism chips act remarks republican leaders willingness away change act contributed chipmakers rush secure chips funds however preliminary agreements contractually binding least yet many rushing ensure us government administration changes january since chips science act passage stumbling blocks significant hurdle due government chip organizations ironing tax breaks result act would work months waiting us government began making preliminary announcements recipients chips act funds last several years chips act garnered billions dollars investments sparking billion funds revitalize united states semiconductor manufacturing chips act significant step strengthen domestic us semiconductor industry declined since late outsourcing global semiconductor shortage covid pandemic highlighted role tiny chips played countrys economic success strong national security us department commerce recently announced finalized government subsidy tsmcs arizona semiconductor facilities binding contract first major award completed since preliminary agreement announced april concerns future us chips science act growing presidentelect trump critical chips act past chip leaders previously awarded portions billion fund quickly trying secure binding contracts new administration seek change eliminate act semiconductor industry preparing end organizations putting final touches market strategies artificial intelligence ai taking focus many semiconductor organizations attempting rapidly secure funding propose alternative solutions united states presidential election ended hopefully shortterm sidestep fenn said im seeing amongst data center partners hyperscale conversations cannot let adverse effect environmental goals fenn later elaborated part solution increase use natural gas within data centers industry continue pursue sustainability goals shortterm solution reliably fuel much power demand without problems like metas recent plans build nuclearpowered data center compliance trouble rare bees derailed data centers partner utilities system operators communities really establish things assets grid liabilities grid said fenn nobodys going keep approving developments push residential commercial electric rates data center growth rate explode next decade dominating presence ai vivian lee managing director partner boston consulting group states average size data centers increasing rapid pace funnel available land country thats industrial zone land fit data center use case becoming constrained said sahlstrom nat sahlstrom tracts chief energy officer told cnbc data centers scale started tapping existing utility infrastructure national economic security said theyre going keep spending theres profitable place deploy capital ali fenn president lancium company secures land power data centers texas told cnbc countries racing achieve global dominance last years electricity consumption exploded making data centers critical economy especially advent cloud computing cnbc reports data centers growing large finding power suitable land house becoming difficult facilities demand gigawatt power twice residential electricity consumption pittsburgh area last year demand would far surpass existing renewable energy technologies meaning data centers would need use traditional methods like gasoline coal would go industrys efforts reach reduced carbon dioxide emission targets likewise areas like europe would strain already overtaxed power grid decades century old article cnbc experts warn ai applications growing need power might grow large individual data center campuses could soon use electricity cities even entire us states however due growing integration artificial intelligence strain existing data centers quickly eclipsing current capabilities data centers need space power sustain everincreasing use ai applications unfortunately industry quickly running artificial intelligence currently one indemand technology trends despite overall tepid market generative ai llms automation machine learning fueled ravenous behind hbm ssds gpus advanced chips explosive growth ai put lot stress facilities charge hosting information data centers exciting time ai hot hbm everything various memory makers racing time first produce nextgeneration hbm cheeping lee technical director advanced packaging lam research said ai allowed new era innovation hbm breakthroughs likely significant impacts overall dram nand flash sector samsung micron incorporating nonconductive film ncf bonding thermocompression tcb bump level sk hynix continuing flipchip mass reflow process molded underfill mrmuf seals stack highconductivity molding material single step explosive growth ai leading customers want even better performances hbm manufacturers considering new modifications increase processing data speeds reliability article states three hbm manufacturers micron samsung sk hynix exploring new avenues boost hbm performance price previously scared mass market bandwidth unmatched memory technology semiconductor engineering states integration using silicon interposers microbumps tsvs become de facto standard according semiconductor engineerings article economics seriously impacted widespread adoption hbm ais explosion silicon interposers expensive processing massive numbers throughsilicon vias tsvs amongst memory cells feol fabs lihong cao senior director engineering technical marketing ase explains high cost one significant drawbacks technology big wave coming hbm architectures custom hbm said kim proliferation ai infrastructure requires extreme efficiency scaleout capability solid agreement key customers customization hbmbased ai critical step ppa power performance area keys ai solutions customization provide significant value comes ppa indong kim vice president head dram product planning samsung semiconductor discussed new hbm developments resulting capabilities within ai applications llms exceeding trillion parameters continuing grow overcoming bottlenecks memory bandwidth capacity mission critical meeting realtime performance requirements ai training inference said neeraj paliwal senior vice president general manager silicon ip rambus popularity large language models llms like chatgpt resulted hbm inventories highly constrained sold entirely ai reigns supreme sales highbandwidth memory hbm continue spike semiconductor engineering company provides insights semiconductor market dynamics recently wrote growing end use hbm due high ai demand however ais growth might hit snag soon data center industry sector powering new applications runs space available power ever since debut chatgpt ai growing explosive pace resulting new waves innovation meteoric demand led chip manufacturers look different ways improve performance efficiency components betterment ai applications explorations manufacturing processes reveal new capabilities left unexplored due lack demand high cost digitimes states south korean industry generally believes technological gap cxmt samsung may narrowed less years meanwhile ymtc may close technology gap samsung sk hynix one year nand flash domain smic chinese chipmakers quickly pushing ddr targeting mass production cxmt currently focused nm ddr lpddrx aiming continue expanding output lowerpriced memory products actions concerned global memory market primarily due ongoing problem excess inventory driving spot prices digitimes states south korean industry observations noted smic rapidly gathering ddr market share development model mirrors samsung electronics chinese chipmakers rapidly climbing barriers despite us sanctions smic successfully developed nm process technology resembles tsmcs firstgeneration nm process smic also made significant progress talent acquisition led concerns south korean chip industry regarding talent poaching digitimes reported south korean media outlets stated despite noteworthy semiconductor companies last decade smic ymtc cxmt hisilicon unisoc gained vast domestic audience alongside government support challenge semiconductor marketdominated three leading players taiwan south korea us recently chinas largest foundry operator smic surpassed billion revenue first time q others including cxmt jhicc significantly lowering ddr prices making products almost cheaper equivalent products sk hynix samsung electronics ongoing strategy least cxmt last months chinas chip industry steadily increasing domestic productivity entering new market sectors despite one leading players memory chinas chipmakers aggressively targeting market place among one top three upcoming change us government administration presidentelect trumps takeover could soon result restrictions imposed recent move marks continued colossal shift us tech policy towards china began october us published sweeping set controls restrictions likely noticeable impact chinas ambitions domestic chip manufacturing sales affected semiconductor equipment manufacturers asml already noticed sizable decline us restrictions began enforced finally restriction package aims restrict memory used ai chips known hbm higher technology produced south koreas sk hynix samsung electronics usbased micron technology rule likely impact samsung electronics discussions japan netherlands two countries agreed work us allowing exempt enforcing fdpr countries like malaysia singapore israel taiwan south korea subject rule however us states plans exempt countries enforcement fdpr place similar controls new restriction package also addresses concerns previous crackdown foreign direct policy rule fdpr caused fdpr gave us capability stop shipment goods banned entities contained us equipment designs would significantly impact foreign companies like tokyo electron asml first time cnbc notes us add two companies invest chips entity list chinese private equity firm wise road capital tech firm wingtech technology co added reuters reports united states also positioned place additional restrictions semiconductor manufacturing international chinas largest contract chip manufacturer company placed entity list previous policy still allowed dozens licenses allowed shipment goods however might soon come end us lawmakers say swaysure technology co qingdao sien shenzhen pensun technology co work chinas huawei technologies unless receive special license added entity list bars us suppliers shipping cnbc states companies seeking licenses ship firms entity list typically denied restrictions likely hurt sales major us chipmaking equipment manufacturers lam research kla applied materials previously criticized moves harmful helpful advanced lithography manufacturer asml also likely feel effects new crackdown cnbc states new restriction package includes curbs chinabound shipments highbandwidth memory hbm component critical production ai applications thanks impressive capabilities restrictions also curb additional chipmaking tools three software tools new export rules chipmaking equipment manufacturers countries singapore malaysia move comes weeks presidentelect trump sworn office previous tenure us president trump known harsh stance china may expect trump keep restrictions place add next four years cnbc states move marks one biden administrations last largescale efforts stymy chinas ability access produce chips help advance artificial intelligence military applications otherwise threaten us national security monday december nd us restricted exports companies including chip equipment maker naura technology group reuters reports latest effort also hit chinese chip toolmakers piotech sicarrier technology new export restrictions also impact shipments advanced memory chips chipmaking tools bound china us preparing launch third crackdown chinas semiconductor industry year concludes last three years united states ramped efforts restricting chinas access advanced semiconductors become focal point ongoing trade war artificial intelligence ai increased tensions two countries due ais popularity use dozens industries semiconductor equipment manufacturers center debacle undeterred recent restrictions chinese semiconductor industry continues push forward ambitious goal becoming one top players memory market recent strides smic reveal rapidly dream could become reality december nd united states passed new export control package chinas semiconductor industry restricting exports companies third major crackdown us slow chinas chip ambitions new restrictions one last significant pushes biden administration presidentelect donald trump sworn office announcement ban shares belonging rare metal producers started flying perpetua resources skyrocketing timeframe depending length ban raw metal producers could see high shares prices continue rise sign times military uses sb antimony tail wags dog everyone needs armaments better hang onto sell put real squeeze us european militaries christopher ecclestone principal mining strategist hallgarten company london told cnn shortly beijing announced curbs antimony exports china produces global mined output antimony countrys restrictions already sent antimony prices flying upwards recent ban materials significantly impact aerospace military industries require antimony many applications restrictions placed antimony aerospace defense original equipment manufacturers oems electronic manufacturing service ems providers raced find alternative sources elsewhere become difficult china one largest producers globes raw materials china primarily focused becoming major player advanced technologies market may beijing announced decision set one largest semiconductor state investment funds worth billion day later beijing retaliated outright banning sale several materials crucial producing semiconductors electric vehicle batteries us materials gallium germanium antimony super hard materials previously faced restrictions sale would permitted may used military purposes said chinas commerce ministry chinas commerce ministry criticized restrictions ministry condemned move abuse us said posed significant threat stability global industry supply chain department commerce doc said slow chinas development advanced ai tools used war undercut countrys homegrown semiconductor industry threatens national security us allies monday us department commerce announced would debut curbs selling two dozen types semiconductormaking equipment restrictions numerous chinese companies accessing american technology cnn reports beijing responded new export controls usmade semiconductors biden administration slows preparation transfer trump government introduced several new measures prevent beijing using chips make next generation weapons ai systems conflict highlights growing tensions two countries within technology sector world increasingly relies electronic components significant role within countrys economy rivalry could grow possibly damage fragile global supply chain according news site ceo today nvidia probe could extend beyond company significantly impact strained global supply chain increasing uncertainty investigation also underscores risks working china deterring future investments partnerships could fracture vulnerable global supply chain many analysts believe another calculated response recent us restrictions chinas crackdown broader strategy regulate tech sector last years beijing also targeted domestic giants including alibaba tencent curb monopolistic practices create competitive market probe nvidia may kill two birds one stone satisfying geopolitical purposes regulatory needs amplifying impact following news chinas probe nvidia shares dropped premarket trading reflecting investors concerns nvidia commented investigation said chinas spotlight nvidia first global regulators scrutinized since meteoric rise chip powerhouse multiple jurisdictions cleared acquisition mellanox technologies took place came several conditions chinese regulators allege nvidia breached commitments triggered probe trade war semiconductors front lines countries passing regulations export controls primarily focused critical components since explosive rise ai nvidia center debacle due prominence ai applications however many concerned timing probe follows new heavy restrictions placed china us government political analysts weighed limits throughout trade war alleging many moves part either governments titfortat play beijing launched antimonopoly investigation nvidia state broadcaster cctv announced inquiry potential profound implications global technology trade cctv reported nvidia accused violating commitments tied acquisition mellanox technologies however recent move chinese government might matter much longer king ai components us done best keep nvidias products lock key prevent entering supply chains specific nations including china nvidia attempted work around blockade creating chips produced explicitly chinese market limiting performance capabilities circumvent trade barriers last year nvidia remained dominant force within ai sector thanks gpus nvidia become synonymous ai development lacking little competition try end market dominance past two years amd chipmakers introduced components similar performance nvidias lineup none significant market disruptor yet ongoing trade war us china ramping even several weeks left tensions likely increase us government administration changes entering last weeks dot cross ts industry preparing significant global semiconductor supply chain changes primarily due trumps second term us president high demand artificial intelligence ai components economic recovery contributing stabilization across broader semiconductor industry overall mark transition slow tepid market stable normal one industry players monitor trends see shift begins occur full force like ai likely another mainstay industry year especially organizations continue examine impact capabilities generative applications large language models likewise given strain ai workloads often place data centers power industry could significantly increase year components seeing higher demand thanks foxconns win asml stmicroelectronics infineon amd broadcom qualcomm nvidia also saw positive growth stock rankings cnbc continued stating microsofts recent announcement invest billion data center industry improve ai workload capabilities attributed recent stock market favorability foxconns win many chipmakers stake ai pie saw stock growth monday tsmc hit record high almost taiwan likewise sk hynix samsung electronics rose nearly respectively sk hynix roll recently one leading players highbandwidth memory hbm market seen exponential demand thanks favorable use ai applications foxconns positive revenue report also strong despite low performances computing products smart electronics experienced declines foxconn wellknown supplier tech behemoth apple stated saw slight declines computing smart consumer electronics areas q still wasnt enough derail overall growth foxconns favorable revenue status helped boost global semiconductor stocks leading many believe ai boom lot fuel tank tsmc leadership also expressed opinion late stating ai contribute sales next year since late ai extremely popular topic within semiconductor industry primary growth driver despite poor market performance across many markets according report cnbc hon hai precision industry known internationally foxconn obtained billion revenue q increase yearoveryear yoy primarily due heavy growth cloud computing networking products ai servers securing partnerships monitoring market trends areas risk pertinent ensuring stability upcoming quarters geopolitical tension often contributes supply chain disruptions increase component unavailability adding production delays higher costs significant concerns presidentelect trump might address findings worries mount possibility tariffs us allies takes office semiconductor industry elected wait see things turn lastly investigation help us collaborate partners strengthen cooperation across global semiconductor supply chain white house briefing implies step address chinas unfair trade practices global semiconductor industry widespread could benefit increased collaboration nations actions aim help federal government one worlds largest buyers better organize demand domestic semiconductors agencies mitigate risks arising undue dependence foreign manufacturing also help support efforts bolster supply chain resiliency fallen wayside several decades part probe chinas trade practices biden administration also working cleaning federal procurement semiconductors via james inhofe national defense authorization act fy prohibits executive agencies procuring obtaining products services specific chinese fabs certain entities accomplished request information rfi gauge best way government contractors scale use domestically manufactured chips due close probes launch presidentelect trumps upcoming inauguration investigation findings would ultimately left incoming trump administration decide however determined investigation conclude unfair trade practices presidentelect trump could implement tariffs given hard stance chinas trade policies america first approach report investigation bloomberg notes probes results could lead tariffs measures restrict imports oldermodel semiconductors production products utilize would directly impact automotive medical aerospace defense sectors industries use legacy mature semiconductors section us administration could impose heavy restrictions countries unfair trade practices concurrently investigation initially assess impact prcs acts policies practices production silicon carbide wafers used inputs semiconductor fabricationthis section investigation examine broad range prcs nonmarket acts policies practices respect semiconductor sector including extent semiconductors incorporated components downstream products critical industries like defense automotive medical devices aerospace telecommunications power generation electrical grid part investigation biden administration launch section examine prcs targeting foundational semiconductors alongside office us trade representative investigate chinas targeting foundational semiconductors dominance impact us economy move described official white house briefing announcement seek protect american workers businesses prcs unfair trade practices semiconductor sector support healthy domestic industry foundational semiconductors one last moves presidential tenure biden administration announced decision launch investigation deems unfair trade practices peoples republic china prc protect american workers geopolitical tension grown last weeks us government announced decision probe chinas unfair trade practices regarding semiconductor sector news broke probe late december several weeks beijing banned selling critical minerals gallium germanium antimony united states actions latest backandforth ongoing trade war two countries welcome semiconductor industry entering another year full opportunities challenges sector kicks back gear welldeserved break many organizations started prepare continuation ai boom probability new tariffs implemented changing us administration alongside chinas critical mineral ban neuffer continued america remain worlds technology leader must continue lead semiconductor innovation driving forward us research chip prototyping advanced packaging critical keeping america top chip technology look forward continuing work leaders washington ensure chips science acts rd initiatives manufacturing incentives remain track deliver big benefits americas economic strength national security global competitiveness sia president ceo john neuffer said todays announcement welcome step forward us leadership semiconductor innovation marking significant progress implementation critical rd programs enacted bipartisan chips science act new arizona facility benefit build upon states alreadystrong semiconductor fabrication advanced packaging ecosystem according sia nstc members napmpfunded researchers access mm research prototyping packaging capabilities furthermore colocating nstc research development prototyping facility napmps packaging abilities provide us domestic semiconductor ecosystem powerful way conduct collaborative research efficiently national semiconductor technology center nstc operate new rd facility national advanced packaging manufacturing program napmp control advanced packaging research combined leadership nstc napmp stateoftheart facility help inspire innovation next generation technology semiconductor industry association sia congratulated us arizona latest significant commitment improving domestic semiconductor manufacturing capabilities new chips america research development facility semiconductor prototyping advanced packaging constructed arizona marking next important step achieving us chip ambitions grid designed able handle kind load fluctuation one data center multiple data centers time said aman joshi cco bloom energy corp issue harmonics ais impact still debate agree cost ai data center industry power grid left currently unpredictable comparatively dominion energy incs virginia utility measures data center alley states hasnt observed distortion levels reported whisker labs typical harmonics falling within industry standards dominion spokesperson aaron ruby said immediate action taken resolve rare instances higherthannormal harmonic disruption occurred however doubt accuracy data gathered whisker labss sensors like comed exelon corps commonwealth edison utility comed strongly questions accuracy underlying assumptions whisker labs claims utility spokesman john schoen said bloombergs report states part problem government enough fortify grid demand boom demand remained relatively flat decades making industry complacent bloomberg estimates nations demand skyrocket almost next five years worsen harmonic issues plaguing grid especially considering many significant data center clusters located next large cities industry analysts concerned power grid industry due growing use smart appliances electrification still explosion ai demand kicked things high gear grid simply never faced type strain unfortunately distorted wave patterns cause little overheating machine rattling extended exposure worsening distortions could result electrical fires theres voltage surge greater probability brownouts blackouts bob marshall ceo whisker labs inc told bloomberg harmonics typically proverbial canary coal mine power grid reflecting early stress problems whisker labs tracks realtime use residential sectors across country collected data shown strong connection data center proximity worsening harmonics distorted power also known bad harmonics deviation ideal wave patterns electricity distorts power flowing device example bad harmonics cause smart electronics run hot refrigerator motors rattle however bad harmonics often tip iceberg reflect deeper problem engulfing us power grid many grids globally according bloombergs report threequarters highly distorted power readings across united states within miles significant data center activity many facilities popping near major us cities adding stress already fragile grids trend holds true rural areas well proliferation ai growing power requirements could distort normal flow electricity millions people analysis bloomberg research shows growing problem power distortion could threaten billions damage home appliances aging power equipment especially highvolume areas data center alley northern virginia face unprecedented demand artificial intelligence data centers starting feel strain growing concerns around capabilities data centers face unrelenting ai demand compounded available space renewable technologies hit limits power grids across globe reaching end decadeslong lifespan efficiency decreased due continued electrification efforts within automotive aerospace defense industries new research reveals growing use data centers could impact available electricity consumers rely around leading rapid electronic degradation worse electrical fires industry looks solution us taking next step achieving goals onestop shop domestic semiconductor ecosystem since popularity exploded late artificial intelligence ai driven demand sales power growing integration ai numerous enterprises demand data centers also exploded exponentially contributed rising concerns data centers capabilities issues high demand aging power structures finding formfitfunction fff alternates selecting manufacturer greater global reach without geopolitical risks essential partnering electronic component distributor help identify functional alternates imperative could impact companys reputation causing additional damage already incurred simply included list customers cannot risk disruption supply chain especially trying take advantage market turnaround glut years prior due competitive pricing technological advancements quectel supplier market share likely involved trade war often especially given focus semiconductors disruption could lead significant component unavailability compliance issues delayed manufacturing customers evident immediate stock market drops newly listed companies following day likewise creates additional challenges buyers procure products listed companies quectel one example reuters states list update one latest actions ongoing trade war two nations morningstar senior equity analyst ivan su said companies like tencent good chance securing exclusion us courts announcement results reputational damage section h list mandated us law comprises companies updated annually government notice posted federal register list includes dozens organizations including changxin memory technologies chinas largest shipping company cosco shipping holdings reuters reports company spokesperson said monday quectel work military country ask pentagon reconsider designation made error take appropriate action protect stakeholders confident removed h list quectel president cso norbert muhrer said tencent catls hong konglisted shares fell tuesday announcement companies calling move mistake quectel strongly denied allegations plans challenge dods ruling even new year ringing uschina trade war continues forge ahead without pause second week united states added several companies list chinese firms alleges aiding chinas military statement us department defense dod announced added tech giant tencent holdings batterymaker catl chipmaker quectel wireless solutions among dozen others list chinas commerce ministry responded new rules saying would take necessary measures safeguard legitimate rights interests effective rule ends next years incoming team said national security official meghan harris first trump administration well aware ensuring dominant domestic industry core element competition china regulations divide world three tiers eighteen countries including japan britain south korea netherlands exempt second tier countries including singapore israel saudi arabia united arab emirates face country caps third tier armsembargoed countries russia china banned receiving technology altogether response new regulations nvidia competitor amd saw shares drop morning trading nvidia claims rules alter landscape ai chips data centers company describing actions sweeping overreach unclear incoming trump administration enforce new rules whether keep place however given similar views chinas competitive threat trump likely keep regulations place might stringent rules regarding ai exports divyansh kaushik ai expert beacon global strategies says cap translates roughly h nvidia gpus fifty thousand hs enormous amount power enough fuel cuttingedge research run entire ai companies support demanding ai applications planet according reuters regulation countries caps compute power restricted total million total processing power tpp new restrictions regulate flow american ai chips technologies necessary sophisticated ai applications nvidia critical limits aicapable chips especially graphics processing units gpus regulations target since gpus heavily implemented clusters used train advanced ai models new limitations set compute power account differences individual chips last days bidens term us passed new ai chip controls extend beyond china restrictions directly impact artificial intelligence chip technologies exports reuters reports limitations divvy world keep advanced computing power us allies us continues enforce stricter controls technology exports semiconductor industry need adapt balancing demands national security realities globally interconnected market january united states announced significant new export controls targeting artificial intelligence ai technologies part broader strategy curtail flow advanced technology china controls expected profoundly impact semiconductor industry many companies rely global supply chain china remains significant market industry experts raised concerns economic implications warning restrictions could slow innovation hinder competitive edge us firms global marketplace however trumpvance administration reversing biden administrations controls things might simple seem new export controls alignment us export controls directly impact companies like asml holding asm international nv last years united states pushed allies pass similar restrictions exempting netherlands others certain limitations minister klever went say semiconductor industry international netherlands plays unique role sector important disrupt chip industry unnecessarily expanding export control measure therefore set work utmost care important note complete export ban announcement explains heightened security risks necessitated greater national measures monitor export semiconductor technologies going forward export technologies also require authorization government decide approval casebycase basis apply exports outside eu previous national measures covered number specific technologies production cycle semiconductors lithography equipment limited set technologies steps manufacturing process also subject authorization requirement netherlands minister foreign trade development reinette klever stated believe important maintain control gains possession technology government closely monitors semiconductor manufacturing technology technological developments may make necessary modify rules observing increased security risks associated uncontrolled export specific equipment reason export authorization henceforth required according official government announcement new policy take effect april st policy apply specific measuring inspection equipment used producing advanced semiconductors among technologies good news expanding export control measures cover limited number technologies goods midjanuary netherlands government announced plan modify national export control measures advanced semiconductor manufacturing equipment exports recent decision part trend countries subjecting similar technologies primarily semiconductors national authorization requirements predicted trump administration likely keep elements bidens ai regulations specifically targeted china said chance president trump could replace bidens mandates new regulations statement made speculation trump administration take handsoff approach ai president trump previously criticized bidens ai regulations claiming hindered tech innovation however surprising move considering trumps past actions regarding china president trump kicked administration rescinding president bidens executive order regulating ai article bloomberg law states move immediately halt key safety transparency requirements ai developers mandate signed biden previously required ai companies share safety test results critical information federal government managing real national security risks requires taking account evolution ai technology capabilities adversaries desire allies share benefits technology weve done rule help safeguard advanced ai technology help ensure stays hands foreign adversaries continue broadly share benefits partner countries policy help build trusted technology ecosystem around world allow us protect national security risks associated ai ensuring controls stifle innovation us technological leadership said us secretary commerce gina raimondo new regulation serves key us national security foreign policy interests supports bidenharris administrations broader strategy cultivate secure trusted technology ecosystem responsible use diffusion ai last week administration president biden announced new regulatory framework responsible diffusion advanced artificial intelligence technology according article announcement department commerces bureau industry security bis announced controls advanced computing chips certain closed artificial intelligence ai model weights alongside new license exceptions updates data center validated end user veu authorization policies take effect longterm implications global semiconductor supply chain become evident coming months determine shifts reshape global technology landscape semiconductor industry undergoing significant shifts critical policy changes united states netherlands shaping trajectory global supply chain developments highlight shifting priorities new government administrations impact worldwide semiconductor market us netherlands especially firm grips specific sectors semiconductor supply chain significantly affect countries subjected limitations port strikes end backlog remains dram market rebound unlikely october th negotiations couldnt come fast enough east gulf coast ports united states international longshoremens association ila went strike worries immense impact would wide range port closures devastating effects hurricane helene helped prompt quick action ending strike days tentative negotiation postponed strikes january port workers operators still disagree regard automation despite ending faster expected day port strike contributed delays take least three weeks resolve semiconductor industry may feel severity effects however excess inventory continues keep consumer demand flat us backlogs strike milton three days strikes us east gulf coast ports reopened agreement reached ending industrys significant work stoppage almost half century strike ended sooner expected container ships still wound queued outside closed ports strike risked massive shortages everything bananas auto parts cost us economy billion day strike ended early pricing platform xeneta said likely take two three weeks normal flow goods reestablished chief analyst peter sand xeneta told reuters remember ships keep calling matter handling ships already line work extra hard run congestion supply chains rerunning banking strikes continuance mostly shipping stocks saw drops deal made shipping stocks asia europe fell previously rallying expectations price increases triggered strike us dock workers tense situation middle east two sides continue hammer issues coming months resolution let many breathe sigh relief current situation florida gulf coast states especially dire damage incurred hurricanes helene milton roads railways ports severely impacted torrential rains destructive winds extreme flooding storm surges limiting flow needed supplies communities need port strike continued long believed would hurt towns civilians needing medical supplies food water semiconductor industry still grappling effects excess inventory shortages may spawn day strike likely short term since customers filling backlogs remaining excess unlikely farreaching effects semiconductor industry likewise damage incurred helene spruce pine minimal railways roads seeing significant impacts storm organizations resume operations taking care immediate needs relief work staff locals port strike would added complexity recovery area didnt need hopefully recovery arrive quickly negotiations ila port operators continue decision end current strike allow east gulf coast ports reopen good news nations economy national retail federation said statement sooner reach final deal better american families dram spot market wont see rebound memory market strange place portions memory seen high levels demand throughout year contributing bottlenecks even shortages suppliers race increase production capacity applicable simultaneously overall dram market grappled excess inventory caused low average selling prices asps flat consumer demand highbandwidth memory hbm one main components benefiting popularity artificial intelligence general dram recent report trendforce confirmed spot price trend dram unlikely rebound years end spot market continued fall chinas national day golden week similarly nand flash witnessed reluctance among buyers toward procurement due excess inventory trendforce research revealed module houses keen lower inventory levels thus pushing spot prices go supplydemand dynamics spot market remains unchanged rebound unlikely years end trendforce also reported spot market nand flash sluggish transactions buyers raised willingness stock amidst national day holiday china several suppliers selling products lower unit prices week sales pressure continues envelop entire market yet alleviate overall status another wave inventory reduction continuing amongst module houses sales pressures continuing impact markets pricing trends ongoing challenges within memory market indicate greater trend affecting semiconductor industry recently asml warned slower recovery semiconductor market cutting outlook due orders falling short previous forecast q christopher fouquet asmls chief executive officer said customer cautiousness triggers gradual recovery areas outside ai challenges impacting samsung intel likely contributed asmls results asmls finance chief roger dassen said specific competitive issues foundry business contributed slower recovery chip markets benefiting booming demand ai computing infrastructure dassen also said asml expected sales china fall next year almost half revenues third quarter around ongoing trade war us china restricted sale asmls advanced lithography equipment due remaining areas excess inventory price trends expected recover q soon possible chips receive environmental exemptions research warns ai shortage october th semiconductor industry delicate state geopolitical strife extreme weather threatening derail operations globe prepares peak shopping season debut artificial intelligenceenabled smartphones laptops fueling rising demand among consumers ongoing interest ai products contributes strains availability chips needed support devices research warns global shortage likely occur demand continues follow current trends increase semiconductor manufacturing capacity sooner rather later biden administration passed law allowing semiconductor plants bypass environmental reviews could postponed construction years semiconductor facilities given breaks environmental reviews president biden recently signed legislation exempt us semiconductor manufacturing facilities federal environmental reviews receive government subsidies semiconductor manufacturing often requires specific processes chemicals heightened scrutiny sustainability efforts requires additional review governing agencies ensure compliance takes weeks months suppose legislation signed law case expected projects billion chips act could forced undergo additional federal environmental reviews national environmental policy act win federal permits could added years delays semiconductor projects amid heightened revitalization efforts however bill divided many weighs economic ambitions necessary climate goals reuters wrote proponents say projects already complied federal state local environmental regulations permitting requirements furthermore proponents argue legislation would allow expedition many chip manufacturing facilities already delayed waiting chips act funding awarded speeding process would help strengthen us economy shorter time decreasing nations dependency countries chip access hand dissidents state law could allow companies skirt important steps aimed reducing potential harm environment workers many believe taxpayerfunded projects subjected significant review process improve transparency allow community input likewise concerned semiconductor industrys legacy leaving behind longlasting toxic damage environment many superfund sites scattered across us especially silicon valley sordid history using toxic chemicals increased health issues amongst staff like higher risk miscarriages representative zoe lofgren california democrats state history indicate semiconductor manufacturing completely absolved nepa review representative ral grijalva natural resources committee said piece legislation allows facilities completely bypass nepas critical environmental review public input processes also stripping communities right challenge projects nepa legally unconscionable never circumstances pushed house however many believe importance rapidly building americas semiconductor manufacturing ability critical ignore growth semiconductor production within us would bring back jobs previously outsourced many proponents stating semiconductor accessibility goes beyond economic prosperity essential factor maintaining heightened national security senator mark kelly arizona coauthor bill said bill narrowly tailoredthe bill rollback environmental laws projects would still comply bedrock environmental protection laws clean air act clean water act whole plan behind legislation ensure chips science act maximum impact economy national security bain company report warns ai shortage artificial intelligence reigning king technology nearly two years aienabled smartphones laptops making debut analysts predicting quickly become little half market orders years due ais popularity demand semiconductors growing putting industry risk another shortage since generative ai emerged big small tech companies including microsoft google amazon acquired graphics processing units gpus whenever possible nvidia leading supplier chips seen heightened supply gpus announced used power openais chatgpt catalyst explosion ai interest past year competitors including qualcomm amd increased availability chips new products new aienabled devices quickly consumed capacity anne hoecker head bains americas technology practice warns ongoing high demand gpus components due aienabled devices could lead shortage semiconductor supply increasing demand gpus caused shortages segments semiconductor supply chain hoecker points demand continues grow onslaught aienabled devices may accelerate pc refresh cycles pose extreme widespread supply constraints semiconductors bain companys report notes difficult forecast consumer reaction demand rise exceeding could threaten complexity supply chain ai explosion exceeds threshold could easily create many vulnerable chokepoints throughout supply chain furthermore report finds increased geopolitical tension complicate supply chain vulnerabilities raising possibility material shortages factory construction delays noted supply demand semiconductors delicate balance industry customers know well past years although pandemicinduced chip shortage passed executives starting prepare next potential crunch caused guessed artificial intelligence according scott bickley research practice lead infotech research group advanced semiconductor supply chain fragile planet vendors must work perfect harmony produce advanced chips many vendors said supply single component single company without whole system comes screeching halt technical obstacles alone mindboggling notwithstanding geopolitical risks facing tsmc normal headwinds logistics management bain company report notes spending data centers chips power increase yearonyear due ai accelerated computing data center demand currentgeneration gpus double suppliers must increase output dram faces disruptions ai companies stumble october th fall full swing industry experts warning others dram winter might hit semiconductor supply chain early last year dram seen fair share ups downs artificial intelligence ai demand pushed orders stratosphere new developments within dram may set market fall might never recover ai expected top performer q thanks new aienabled product debuts promising ai integrations however recent missteps key ai players left many dissatisfied starting worry ai may finally reached height popularity could aggressive production dram lead devastating plummet last year ai primary driver highbandwidth memory hbm demand several major memory suppliers prioritized increasing production capacity specific dram component last year plan increase capacity within q q aienabled devices begin trickling market however recent businesskorea article morgan stanley published report contains bearish view korean memory chipmakers citing weak demand general dram oversupply aispecific hbm morgan stanley projected global hbm supply hit billion gigabits gb far exceeding demand estimated billion gba surplus morgan stanley went predict general dram peak q beginning multiyear decline weak demand semiconductorreliant products aggressive expansion samsung electronics changxin memory technologies cxmt contribute massive oversupply many industry players become concerned cxmts aggressive dram production capacity expansion aims potentially challenge big three memory suppliers samsung electronics sk hynix micron technology report digitimes companys output grew wafers per month end first quarter projected reach yearend representing global dram production nomura securities predicts cxmt expands dram production capacity planned account global dram market terms production volume alone would become worlds fourthlargest dram manufacturer micron significantly contributes markets oversupply drives average selling price asp morgan stanley also cited recent reports preorders apples iphone series compared predecessor highlighting sluggish performance pc smartphone markets last year however industry experts disagree morgan stanleys report saying exceedingly pessimistic businesskorea states industry insiders argue hbm market driven customized clientapproved products making oversupply less likely sk hynix samsung electronics publicly stated hbm supply fully booked similarly morgan stanleys article mentions smartphone pc markets sluggish samsung electronics sk hynix reported stable demand memory either sector trendforces senior vice president avril wu contends dram prices weak overall asp expected rise market begins recover wu added pricing across different products may vary increasing penetration hbm help stabilize dram market trouble ai paradise samsung amd ai hot ticket item year rush meet demand snag piece profitable pie led chipmakers missing mark samsungs foundry business encountered issues advanced processes especially nanometer nm technology report korea times yield samsungs nm process remained single digits q year causing delays supplying engineering samples exynos chips q samsungs yield nm improved impressive still far threshold needed mass production rectify issue samsung shifting strategy latest p facility pyeongtaek gyeonggi province samsung prioritize advanced dram memory production hbm chips rather installing equipment nand weak demand foundry services contributed shift strategy prediction samsung might even dedicate entire p fab memory chip production instead low yields critical factor samsungs ongoing struggles within foundry business samsung recently stabilized yields nm process advanced nodes remain problematic however samsungs heightened moves dram led concerns oversupply coming year meanwhile amd experiencing issues original laptop equipment manufacturers oems resulting poor execution according report toms hardware analysts remarked cold war ice age exists two parties hurting mutual trust report cited ac analysis saying main contradiction arises amds current strategy prioritizing enterprise chips consumer products fueling concerns unfulfilled promises response amds strix point chips among oems
External ,https://moderndiplomacy.eu/2025/03/08/the-geopolitics-of-semiconductor-supply-chains/,Positive,0.10611469838572643,"Semiconductors are at the heart of modern technology, powering everything from smartphones and AI to military systems and industrial machines. Their manufacture and delivery are essential to global economic stability and national security, making semiconductor supply chains a hotly contested geopolitical arena. Countries worldwide are increasingly seeking semiconductor self-sufficiency to decrease vulnerabilities and gain a strategic advantage in the technology race.

The semiconductor business is very complicated, requiring extensive research, cutting-edge production facilities, and specialized supply networks covering numerous countries.

While the United States, Taiwan, South Korea, China, and the European Union (EU) dominate the semiconductor industry, developing competitors like India and Vietnam are presenting themselves as chip production alternatives. Governments are spending billions on semiconductor production, forming partnerships, and enacting rules to protect supply chains from disruptions.

This article delves into the important factors influencing the semiconductor industry, the economic and security dangers associated with supply chain dependencies, South Asia’s expanding involvement, and the future trends that will shape semiconductor geopolitics in coming years.

Key Players: US, China, Taiwan, EU, and South Asia

The United States

The United States has long been a pioneer in semiconductor innovation, with businesses such as Intel, NVIDIA, and Qualcomm pushing technical advances. However, it relies significantly on the sophisticated fabrication of chips from Taiwan’s TSMC and South Korea’s Samsung. To lessen dependency, the United States has introduced the CHIPS and Science Act, which aims to boost local manufacturing and enhance national security. The United States is also developing its technical partnerships with Japan, the Netherlands, and other major players in order to limit China’s access to crucial semiconductor technologies.

China

China has actively invested in semiconductor self-sufficiency under the Made in China 2025 project. Companies such as SMIC (Semiconductor Manufacturing International Corporation) have made strides, but China remains behind in cutting-edge manufacturing of chips due to US export prohibitions on sophisticated chip making equipment. Despite these limitations, China substantially subsidizes its semiconductor sector and invests billions in R&D. To fight Western limitations, the government is looking for alternate supply avenues and establishing its own semiconductor ecosystem.

Taiwan

Taiwan’s TSMC (Taiwan Semiconductor Manufacturing Company) controls the worldwide chip supply, manufacturing more than half of all semiconductors and 90% of sophisticated chips. This positions Taiwan as a strategic focal point in the US-China tech war, with geopolitical tensions producing concerns about supply chain stability. Any interruption to Taiwan’s semiconductor sector, whether caused by a natural disaster, political instability, or armed war, might have serious implications for global technology and economic stability.

European Union

The European Union has enacted the European Chips Act to develop its semiconductor sector and lessen dependency on Asian supply networks. Key firms like ASML (which manufactures crucial lithography equipment) help Europe play a strategic role in global semiconductor production. The EU aims to increase its share of global semiconductor output to 20% by 2030, concentrating on advanced chip research, design, and manufacturing skills to strengthen its technological sovereignty.

South Asia’s Emerging Role

India, for example, is presenting itself as an alternate chip production powerhouse. India has launched the Semiconductor Mission, drawing investments from big companies like TSMC, Intel, and Foxconn. With increasing geopolitical developments, India might play a crucial role in diversifying supply chains. The Indian government has offered $10 billion in incentives or semiconductor production and is working with global companies to create fabrication factories. Furthermore, India’s strategic position and developing digital economy make it an appealing destination for semiconductor supply chain diversification.

Economic and Security Risks

Supply Chain Vulnerabilities: The COVID-19 pandemic highlighted flaws in worldwide semiconductor supply networks, leading to shortages in areas such as autos and consumer electronics. The incident emphasized the need for increased supply chain resilience and diversity to avoid repeat disruptions.

US-China Trade War: Sanctions on Chinese semiconductor businesses have increased, limiting access to crucial technologies. This has prompted China to intensify its attempts to attain semiconductor self-sufficiency, while the United States continues to tighten export prohibitions in order to hinder China’s technical gains.

Taiwan-China Tensions: Conflict over Taiwan might interrupt global semiconductor supply, creating an economic shock globally. Given TSMC’s critical position in global semiconductor production, geopolitical threats in the Taiwan Strait continue to be a key worry for politicians and businesses throughout the world.

Investment Challenges: Even with federal subsidies, outsourcing semiconductor manufacturing is challenging due to high prices and technological barriers. Establishing new semiconductor manufacturing operations (fabs) necessitates significant investment, cutting-edge skills, and a stable regulatory framework. Countries such as the United States and India are attempting to eliminate these obstacles, but considerable challenges remain.

Future Trends

The global deployment of AI, IOT, and 5G technology will drive increased demand for innovative semiconductors. These technologies necessitate increasingly advanced devices, increasing rivalry for semiconductor leadership.

Western nations want to minimize their reliance on Chinese IT supply chains through decoupling efforts. This trend, sometimes known as “tech decoupling,” is causing a restructure of global semiconductor supply networks, with new centers forming in India, Vietnam, and other regions of South Asia.

The US, India, Japan, and Australia (Quad alliance) are considering semiconductor cooperation to improve supply chain security and resilience. The Quad nations are investing in research collaboration, talent development, and infrastructure to challenge China’s expanding semiconductor power.

Sustainability with semiconductor manufacturing being energy-intensive, there is a rising drive for greener and more efficient production processes. Companies are investing in sustainable manufacturing practices such as water conservation, energy efficiency, and environmentally friendly materials.

Governments worldwide are developing measures to increase semiconductor production, including subsidies, tax incentives, and research money. International collaboration and standardization efforts will be critical in determining the future of semiconductor technology.

Conclusion

Semiconductors are at the center of international technical and economic competitiveness. The United States, China, Taiwan, and the European Union are making significant investments to secure their supply chains, while South Asia, notably India, is emerging as a key actor. The future of semiconductor geopolitics will be influenced by technical developments, economic tactics, and diplomatic alliances, making it one of the most important industries of the twenty-first century. As nations face supply chain issues and geopolitical concerns, the global semiconductor sector continues to be a vital generator of innovation and economic power.",semiconductors heart modern technology powering everything smartphones ai military systems industrial machines manufacture delivery essential global economic stability national security making semiconductor supply chains hotly contested geopolitical arena countries worldwide increasingly seeking semiconductor selfsufficiency decrease vulnerabilities gain strategic advantage technology race semiconductor business complicated requiring extensive research cuttingedge production facilities specialized supply networks covering numerous countries united states taiwan south korea china european union eu dominate semiconductor industry developing competitors like india vietnam presenting chip production alternatives governments spending billions semiconductor production forming partnerships enacting rules protect supply chains disruptions article delves important factors influencing semiconductor industry economic security dangers associated supply chain dependencies south asias expanding involvement future trends shape semiconductor geopolitics coming years key players us china taiwan eu south asia united states united states long pioneer semiconductor innovation businesses intel nvidia qualcomm pushing technical advances however relies significantly sophisticated fabrication chips taiwans tsmc south koreas samsung lessen dependency united states introduced chips science act aims boost local manufacturing enhance national security united states also developing technical partnerships japan netherlands major players order limit chinas access crucial semiconductor technologies china china actively invested semiconductor selfsufficiency made china project companies smic semiconductor manufacturing international corporation made strides china remains behind cuttingedge manufacturing chips due us export prohibitions sophisticated chip making equipment despite limitations china substantially subsidizes semiconductor sector invests billions rd fight western limitations government looking alternate supply avenues establishing semiconductor ecosystem taiwan taiwans tsmc taiwan semiconductor manufacturing company controls worldwide chip supply manufacturing half semiconductors sophisticated chips positions taiwan strategic focal point uschina tech war geopolitical tensions producing concerns supply chain stability interruption taiwans semiconductor sector whether caused natural disaster political instability armed war might serious implications global technology economic stability european union european union enacted european chips act develop semiconductor sector lessen dependency asian supply networks key firms like asml manufactures crucial lithography equipment help europe play strategic role global semiconductor production eu aims increase share global semiconductor output concentrating advanced chip research design manufacturing skills strengthen technological sovereignty south asias emerging role india example presenting alternate chip production powerhouse india launched semiconductor mission drawing investments big companies like tsmc intel foxconn increasing geopolitical developments india might play crucial role diversifying supply chains indian government offered billion incentives semiconductor production working global companies create fabrication factories furthermore indias strategic position developing digital economy make appealing destination semiconductor supply chain diversification economic security risks supply chain vulnerabilities covid pandemic highlighted flaws worldwide semiconductor supply networks leading shortages areas autos consumer electronics incident emphasized need increased supply chain resilience diversity avoid repeat disruptions uschina trade war sanctions chinese semiconductor businesses increased limiting access crucial technologies prompted china intensify attempts attain semiconductor selfsufficiency united states continues tighten export prohibitions order hinder chinas technical gains taiwanchina tensions conflict taiwan might interrupt global semiconductor supply creating economic shock globally given tsmcs critical position global semiconductor production geopolitical threats taiwan strait continue key worry politicians businesses throughout world investment challenges even federal subsidies outsourcing semiconductor manufacturing challenging due high prices technological barriers establishing new semiconductor manufacturing operations fabs necessitates significant investment cuttingedge skills stable regulatory framework countries united states india attempting eliminate obstacles considerable challenges remain future trends global deployment ai iot g technology drive increased demand innovative semiconductors technologies necessitate increasingly advanced devices increasing rivalry semiconductor leadership western nations want minimize reliance chinese supply chains decoupling efforts trend sometimes known tech decoupling causing restructure global semiconductor supply networks new centers forming india vietnam regions south asia us india japan australia quad alliance considering semiconductor cooperation improve supply chain security resilience quad nations investing research collaboration talent development infrastructure challenge chinas expanding semiconductor power sustainability semiconductor manufacturing energyintensive rising drive greener efficient production processes companies investing sustainable manufacturing practices water conservation energy efficiency environmentally friendly materials governments worldwide developing measures increase semiconductor production including subsidies tax incentives research money international collaboration standardization efforts critical determining future semiconductor technology conclusion semiconductors center international technical economic competitiveness united states china taiwan european union making significant investments secure supply chains south asia notably india emerging key actor future semiconductor geopolitics influenced technical developments economic tactics diplomatic alliances making one important industries twentyfirst century nations face supply chain issues geopolitical concerns global semiconductor sector continues vital generator innovation economic power
External ,https://www.sdcexec.com/sourcing-procurement/manufacturing/article/22918774/a2-global-electronics-what-to-expect-in-the-2025-semiconductor-supply-chain,Positive,0.19403392401990532,"In April, Taiwan Semiconductor Manufacturing Company (TSMC) announced that quarterly revenue increased 17% in the first quarter of 2024, exceeding analysts' expectations. The reported boom continues a trend in better-than-expected sales, signaling that the end of the global slump in the chip market may be in reach.

Though many anticipate chip inventory rebalancing and normalization come early 2025, the chip supply chain will continue to face challenges and constraints. Infrastructure costs, geopolitical events, increased vulnerability to natural disasters, and both natural resource and talent shortages will all contribute to ongoing challenges, even as semiconductor supply normalizes.

The widespread adoption of artificial intelligence (AI) and hyper-scale cloud computing is driving much of the surge in chip demand and has also led to shifting fabrication plant (fab) priorities, which will impact sourcing for certain components in 2025 and beyond.

Though some elements of market recovery are worth celebrating, buyers should remain cautious and proactively prepare for recovery while developing strategies that help minimize risk.

Factors Driving Market Normalization

The semiconductor market should ease into more balanced, predictable supply behavior in early 2025. This will be due to the following factors:

“Take or Pay” contractual agreements terminating

Better supply visibility by early 2025

Surety of product manufacturing

An improved economic situation, with better capital flow and moderating interest rates

Semiconductor market growth opportunities related to AI hyper-scaling and high-end cloud computing demand

In 2025 and beyond, the AI, cloud and embedded space is expected to have above-average growth driven by high underlying demand for edge computing, data centers, networking and infrastructure equipment, and the continued proliferation of IoT products. Top semiconductor manufacturers, including TSMC, have seen a consistent increase in demand for semiconductors due to the boom in demand for AI products specifically. The demand in this space will continue — and likely grow — for the next several years at a minimum.

Chip Capacity Constraints

Market recovery does not mean the end of semiconductor shortages. While semiconductor industry insiders now begin to see a normalization of the chip supply chain and anticipate a full normalization come early 2025, this new “normal” will evolve into rolling periods of constraint environments for certain node sizes.

Semiconductor supply constraints will be exacerbated by fab delays. New fab construction has been continually delayed in the U.S. Many of the fabs that started construction in 2021 and 2022 have been delayed due to a decrease in overall consumer demand, geopolitical events, and high development equipment costs. In the past year, TSMC reported multiple delays to its $40 billion facility in Arizona. The company announced last month that it would receive up to $6.6 billion in CHIPS Act funding to expand the site, but factories likely won’t be operational until 2028.

Given the market fluctuations and uncertainty, semiconductor buyers remain concerned about long-term supply. In order to protect against future disruptions, companies are turning to inventory prepayments to secure required components for their end products. For example, Micron announced it received $600 million in customer prepayments during fiscal Q1 2024 alone. In December 2023, AI leader NVIDIA made a total of $775 million in upfront payments to multiple chipmakers to secure cutting-edge high-bandwidth memories.

Of course, prepayments can place significant financial strain and pressure on organizations. Most companies will not be able to prepay for all necessary chips. To protect balance sheets, prepayments are best made on components that are in the highest demand.

Node-Size-Specific Supply and Demand Considerations

After next year’s inventory rebalancing, wafer supply across most semiconductor manufacturing node sizes is expected to be outpaced by demand through 2027. Buyers should work to understand how supply for the chips they need for their end products will be affected by market shifts.

Next Generation, Sub-11nm: Next-generation chips (components smaller than 11nm) power high-growth advanced technologies such as AI and high-end cloud computing. New fabs will continue to prioritize next-generation chip investments as AI and markets grow. Sub-11 nodes remain the most profitable, which limits the number of companies willing to invest in the larger node sizes.

Mature Nodes, Greater Than 28nm: The automotive sector typically uses chips with mature nodes greater than 28nm. Supply may soon be trending in a positive direction for mature nodes. In the midst of a slowdown in consumer demand for electric vehicles (EVs), electric car companies have ramped up production of partial hybrid vehicles. Partial hybrids require fewer chips than pure EVs and some different types of components.

As auto manufacturers de-emphasize pure electric vehicles in favor of PHEVs, it will free up semiconductor supply for those remaining in the market. Specifically, there will be increased availability of chips with mature nodes greater than 28nm.

Legacy Components, >=65nm: As fabs move away from producing legacy components and larger node sizes, OEMs will find it increasingly challenging to source legacy parts through manufacturers and traditional distribution networks despite global CHIPS Acts. The most significant supply/demand imbalance will be in the >=65nm node size, where OMDs (original design manufacturers) are best positioned to fill gaps in supply.

After the inventory correction in 2025, supply and demand imbalances for legacy and current-gen components are expected to continue as there is limited new supply expected, despite a consistent demand outlook.

Building A Resilient Supply Chain

Market recovery may be on the horizon in early 2025, but it won’t be smooth sailing from there. To be best positioned to fulfill future demand, OEMs must build robust, resilient supply chain strategies now.

Here are three strategies that OEMs can employ to mitigate risks and prepare for potential constraints:

Building a supplier network: Supply chains are more interconnected than ever. Building a network of resilient suppliers (globally and close to base) gives OEMs options when shortages arise and lowers the risk of disruption if an unexpected event occurs where the bulk of their components are produced. Be proactive: Being proactive by recognizing supply chain disruptions and adapting quickly, rather than waiting for issues to build, is critical to a resilient supply chain strategy. Leveraging advanced analytics: Choosing reliable, up-to-date sources for market forecast information and consulting with multiple players in the industry—partners, suppliers, customers, and even competitors—helps OEMs gain a holistic approach and keeps them ahead of the curve.

By keeping a finger on the pulse of market shifts, adapting strategies when necessary, and preparing for constraints proactively, buyers can take on challenges that may arise after the market normalizes.",april taiwan semiconductor manufacturing company tsmc announced quarterly revenue increased first quarter exceeding analysts expectations reported boom continues trend betterthanexpected sales signaling end global slump chip market may reach though many anticipate chip inventory rebalancing normalization come early chip supply chain continue face challenges constraints infrastructure costs geopolitical events increased vulnerability natural disasters natural resource talent shortages contribute ongoing challenges even semiconductor supply normalizes widespread adoption artificial intelligence ai hyperscale cloud computing driving much surge chip demand also led shifting fabrication plant fab priorities impact sourcing certain components beyond though elements market recovery worth celebrating buyers remain cautious proactively prepare recovery developing strategies help minimize risk factors driving market normalization semiconductor market ease balanced predictable supply behavior early due following factors take pay contractual agreements terminating better supply visibility early surety product manufacturing improved economic situation better capital flow moderating interest rates semiconductor market growth opportunities related ai hyperscaling highend cloud computing demand beyond ai cloud embedded space expected aboveaverage growth driven high underlying demand edge computing data centers networking infrastructure equipment continued proliferation iot products top semiconductor manufacturers including tsmc seen consistent increase demand semiconductors due boom demand ai products specifically demand space continue likely grow next several years minimum chip capacity constraints market recovery mean end semiconductor shortages semiconductor industry insiders begin see normalization chip supply chain anticipate full normalization come early new normal evolve rolling periods constraint environments certain node sizes semiconductor supply constraints exacerbated fab delays new fab construction continually delayed us many fabs started construction delayed due decrease overall consumer demand geopolitical events high development equipment costs past year tsmc reported multiple delays billion facility arizona company announced last month would receive billion chips act funding expand site factories likely wont operational given market fluctuations uncertainty semiconductor buyers remain concerned longterm supply order protect future disruptions companies turning inventory prepayments secure required components end products example micron announced received million customer prepayments fiscal q alone december ai leader nvidia made total million upfront payments multiple chipmakers secure cuttingedge highbandwidth memories course prepayments place significant financial strain pressure organizations companies able prepay necessary chips protect balance sheets prepayments best made components highest demand nodesizespecific supply demand considerations next years inventory rebalancing wafer supply across semiconductor manufacturing node sizes expected outpaced demand buyers work understand supply chips need end products affected market shifts next generation subnm nextgeneration chips components smaller nm power highgrowth advanced technologies ai highend cloud computing new fabs continue prioritize nextgeneration chip investments ai markets grow sub nodes remain profitable limits number companies willing invest larger node sizes mature nodes greater nm automotive sector typically uses chips mature nodes greater nm supply may soon trending positive direction mature nodes midst slowdown consumer demand electric vehicles evs electric car companies ramped production partial hybrid vehicles partial hybrids require fewer chips pure evs different types components auto manufacturers deemphasize pure electric vehicles favor phevs free semiconductor supply remaining market specifically increased availability chips mature nodes greater nm legacy components nm fabs move away producing legacy components larger node sizes oems find increasingly challenging source legacy parts manufacturers traditional distribution networks despite global chips acts significant supplydemand imbalance nm node size omds original design manufacturers best positioned fill gaps supply inventory correction supply demand imbalances legacy currentgen components expected continue limited new supply expected despite consistent demand outlook building resilient supply chain market recovery may horizon early wont smooth sailing best positioned fulfill future demand oems must build robust resilient supply chain strategies three strategies oems employ mitigate risks prepare potential constraints building supplier network supply chains interconnected ever building network resilient suppliers globally close base gives oems options shortages arise lowers risk disruption unexpected event occurs bulk components produced proactive proactive recognizing supply chain disruptions adapting quickly rather waiting issues build critical resilient supply chain strategy leveraging advanced analytics choosing reliable uptodate sources market forecast information consulting multiple players industrypartners suppliers customers even competitorshelps oems gain holistic approach keeps ahead curve keeping finger pulse market shifts adapting strategies necessary preparing constraints proactively buyers take challenges may arise market normalizes
External ,https://www2.deloitte.com/us/en/insights/industry/technology/technology-media-telecom-outlooks/semiconductor-industry-outlook.html,Positive,0.07260176702729894,"Building resilient supply chains amid geopolitical tensions

Deloitte’s 2024 semiconductor outlook already talked about geopolitical tensions in depth, so what’s new for 2025?

The same … but even more. As one example, in December of 2024, the outgoing administration issued a new list of US export restrictions mainly still focused on advanced nodes (despite some speculation that restrictions might be broadened to include some relatively less advanced nodes). These restrictions now include separate additional categories around advanced inspection and metrology.62 Additionally, many (over 100) new entities (mainly Chinese) have been added to the restricted entity list.63

As part of these restrictions, the United States seems to be adopting the “small yard, high fence” approach toward semiconductor export restrictions.64 This aims to impose a high level of restrictions on a relatively small subset of chip technologies, with a focus on those that defense, including advanced weapon systems, and advanced AI used in military applications.65

The new restrictions (if implemented by the new administration) go on to flag that AI advancements are increasingly being viewed as matters of national security. The day after those new restrictions, China announced further restrictions on the export of gallium and germanium (as well as other materials), both key for the manufacture of multiple semiconductors.66 As we predicted in 2024, ongoing materials restrictions will likely pose a challenge for the chip industry, but also an imperative for the industry to do more recycling of e-waste.67

In mid-January 2025, the outgoing administration announced the Interim Final Rule on AI Technology Diffusion. The Interim Final Rule will impose new controls for chip exports.68

At the time of writing, it is unknown whether the incoming administration will roll back the December and January restrictions, modify them, or even propose additional restrictions.

Additionally, the new administration has proposed increasing its use of tariffs, including tariffs on goods from China, Mexico, and Canada.69 Given the global nature of most semi supply chains, the proposed new AI-related chip-export controls (by the outgoing administration) and the planned higher tariffs would likely have an impact and could make supply chains more complex to administer, shifting profits, costs, and more. And the impact could be felt across the supply chain—including R&D and manufacturing—as well as affecting how industry policies are shaped across countries and regions.

Of course, there are additional geopolitical risks or changes: Conflicts in Ukraine/Russia and the Middle-East continue, potentially affecting semiconductor manufacturing, supply chains, and critical raw materials. But the chip industry has other vulnerable points: The December martial law order in South Korea highlighted the global supply chain’s dependency on and concentration of certain types of semiconductors, especially in the most advanced technologies.70 As an example of concentration, almost 75% of DRAM memory chips globally are made in South Korea.71

It’s not just geopolitics that can interrupt key materials: 2024’s Hurricane Helene briefly shut down two mines in North Carolina, which are sources for nearly all of the world’s ultra-high-purity quartz, essential for making crucibles which are a key part of the chipmaking process.72 With hurricanes, typhoons, and other extreme weather events projected to become more frequent and intense due to climate change, expanding sources for key materials is likely to remain a supply chain priority.73

It is worth noting that, as of late 2024, a key part of the export restrictions from the United States and allies is having an effect: The restrictions around extreme ultraviolet lithography machines seem to be posing a barrier, preventing Chinese companies from making advanced-node chips at scale and with acceptable yields. Although there are 7 nanometer and 6 nanometer chips being made in limited numbers using older deep ultraviolet technology, the volumes are low, yields are uneconomical, and that situation is expected to persist at least until 2026.74

To be clear, semiconductor supply chains worked well in 2024, even as the industry grew by almost 20%. At this time, there’s no reason to believe 2025 supply chains will be less resilient, but as always, the risk is there. And given how important gen AI chips are expected to be in 2025 and beyond (up to 50% of sales, perhaps75) and the relatively higher concentration of processor, memory, and packaging required for cutting-edge chips, the industry may be more vulnerable to supply chain disruptions than ever before. Although the industry is likely to become less concentrated geographically thanks to various chips acts—and initiatives like onshoring, reshoring, nearshoring, and friendshoring are all still in their early days—the industry remains highly vulnerable for the next year or two, at least.

Strategic questions to consider",building resilient supply chains amid geopolitical tensions deloittes semiconductor outlook already talked geopolitical tensions depth whats new even one example december outgoing administration issued new list us export restrictions mainly still focused advanced nodes despite speculation restrictions might broadened include relatively less advanced nodes restrictions include separate additional categories around advanced inspection metrology additionally many new entities mainly chinese added restricted entity list part restrictions united states seems adopting small yard high fence approach toward semiconductor export restrictions aims impose high level restrictions relatively small subset chip technologies focus defense including advanced weapon systems advanced ai used military applications new restrictions implemented new administration go flag ai advancements increasingly viewed matters national security day new restrictions china announced restrictions export gallium germanium well materials key manufacture multiple semiconductors predicted ongoing materials restrictions likely pose challenge chip industry also imperative industry recycling ewaste midjanuary outgoing administration announced interim final rule ai technology diffusion interim final rule impose new controls chip exports time writing unknown whether incoming administration roll back december january restrictions modify even propose additional restrictions additionally new administration proposed increasing use tariffs including tariffs goods china mexico canada given global nature semi supply chains proposed new airelated chipexport controls outgoing administration planned higher tariffs would likely impact could make supply chains complex administer shifting profits costs impact could felt across supply chainincluding rd manufacturingas well affecting industry policies shaped across countries regions course additional geopolitical risks changes conflicts ukrainerussia middleeast continue potentially affecting semiconductor manufacturing supply chains critical raw materials chip industry vulnerable points december martial law order south korea highlighted global supply chains dependency concentration certain types semiconductors especially advanced technologies example concentration almost dram memory chips globally made south korea geopolitics interrupt key materials hurricane helene briefly shut two mines north carolina sources nearly worlds ultrahighpurity quartz essential making crucibles key part chipmaking process hurricanes typhoons extreme weather events projected become frequent intense due climate change expanding sources key materials likely remain supply chain priority worth noting late key part export restrictions united states allies effect restrictions around extreme ultraviolet lithography machines seem posing barrier preventing chinese companies making advancednode chips scale acceptable yields although nanometer nanometer chips made limited numbers using older deep ultraviolet technology volumes low yields uneconomical situation expected persist least clear semiconductor supply chains worked well even industry grew almost time theres reason believe supply chains less resilient always risk given important gen ai chips expected beyond sales perhaps relatively higher concentration processor memory packaging required cuttingedge chips industry may vulnerable supply chain disruptions ever although industry likely become less concentrated geographically thanks various chips actsand initiatives like onshoring reshoring nearshoring friendshoring still early daysthe industry remains highly vulnerable next year two least strategic questions consider
External ,https://www.sciencedirect.com/science/article/abs/pii/S0308596125000485,Positive,0.225,"Please
 contact our support team 
for more information and provide the details below.
 Cookies are used by this site.  Cookie Settings All content on this site: Copyright © 2024 Elsevier B.V., its licensors, and contributors. All rights are reserved, including those for text and data mining, AI training, and similar technologies. For all open access content, the relevant licensing terms apply.",please contact support team information provide details cookies used site cookie settings content site copyright elsevier bv licensors contributors rights reserved including text data mining ai training similar technologies open access content relevant licensing terms apply
External ,https://manufacturing-today.com/news/how-the-us-china-tech-tensions-are-reshaping-the-semiconductor-industry/,Positive,0.06254178748081186,"The global semiconductor industry has become the epicenter of a high-stakes geopolitical standoff, with the United States and China vying for dominance in the race to control the future of technology. These tiny chips, which power everything from smartphones and electric vehicles to advanced military systems and artificial intelligence, are now the most critical asset in a global tech arms race.

For years, the global semiconductor industry has thrived on collaboration, with raw materials, manufacturing, and innovation flowing seamlessly across borders. But rising tensions between the US and China have upended this model. This rivalry has transformed into a full-blown trade war, with both nations enacting sweeping measures to secure their positions. The US has imposed strict export controls on advanced chip technologies, aiming to limit China’s ability to advance in AI and military applications. In retaliation, China has restricted exports of key minerals, such as gallium and germanium, essential for chip manufacturing.

China’s critical mineral export bans disrupt global supply chains

Back in July 2023, China announced sweeping export restrictions on two critical minerals: gallium and germanium. These materials are essential for producing advanced semiconductors, which are crucial to industries such as consumer electronics, telecommunications, and defense.

China’s control over these resources is staggering. The country produces approximately 94% of the world’s gallium and about 60% of germanium, cementing its dominance in these key inputs. Under the new restrictions, exporters must obtain government licenses and disclose detailed information about buyers and the intended use of the materials.

China’s export bans have sent shockwaves through the global tech industry. Countries such as Japan, South Korea, and Taiwan, which are heavily reliant on semiconductor production, are scrambling to secure alternative sources of gallium and germanium.

Japan, for example, has ramped up its efforts to develop domestic production capabilities for critical minerals. Meanwhile, the European Union has launched initiatives to diversify its supply chains, including partnerships with resource-rich nations like Canada and Australia. However, experts warn that these efforts may take years to bear fruit, leaving the semiconductor industry vulnerable in the short term.

The restrictions have also caused prices for gallium and germanium to surge, increasing production costs for semiconductor manufacturers worldwide. Smaller companies, in particular, face significant challenges in navigating this new landscape, as they lack the resources to invest in alternative sourcing or self-sufficiency.

The US response with export controls on advanced chip technology

In response to China’s growing technological ambitions, the United States has implemented a series of export controls designed to limit China’s access to advanced semiconductor technology. These restrictions, first introduced in 2022 and updated several times since, target AI chips, semiconductor manufacturing equipment, and other high-performance technologies.

The US has imposed restrictions on the sale of cutting-edge GPUs, such as those produced by NVIDIA, which are critical for training advanced AI systems. Additionally, US companies are now required to obtain licenses for exporting semiconductor manufacturing equipment to China, particularly for the production of chips smaller than 14 nanometers.

The goal is to curb China’s ability to develop advanced computing technologies that could enhance its military and AI capabilities. While these measures align with US national security interests, they have significant implications for American companies. Major tech firms like Intel and NVIDIA, which rely on the Chinese market for a substantial portion of their revenue, face growing uncertainty about their ability to operate in the region.

For instance, NVIDIA has warned that the export controls could cost the company billions of dollars in lost revenue. Similarly, Apple has been forced to explore alternative production hubs, such as India and Vietnam, to reduce its dependence on China.

Innovation and supply chain fragmentation

The semiconductor trade war has far-reaching consequences that extend beyond the US and China. As tensions escalate, countries around the world are being drawn into the conflict, with supply chains and innovation efforts facing increasing strain.

Taiwan, South Korea, and Japan are at the epicenter of the semiconductor supply chain and are among the nations most affected by the trade war. Taiwan, home to TSMC, the world’s largest semiconductor manufacturer, has long been a critical player in global chip production. However, the island nation now faces mounting pressure to navigate the demands of both the US and China while maintaining its technological dominance.

Similarly, South Korea, which houses semiconductor giants such as Samsung and SK Hynix, must balance its reliance on Chinese raw materials with its strategic partnerships with the US The country has been actively investing in R&D and diversifying its supply chains to mitigate the risks associated with the trade war.

Japan, a key supplier of semiconductor chemicals and equipment, has also taken steps to bolster its domestic production capabilities. The country is collaborating with the US and other allies to reduce its dependence on Chinese materials and strengthen its position in the global tech landscape.

One of the most concerning aspects of the trade war is its potential to stifle innovation. The semiconductor industry has traditionally thrived on global collaboration, with researchers, engineers, and companies working together to advance technology. However, the growing divide between the US and China threatens to fragment this ecosystem, creating regional silos that could slow progress.

Sources:

To keep up-to-date with our latest manufacturing news, subscribe to our newsletter today.",global semiconductor industry become epicenter highstakes geopolitical standoff united states china vying dominance race control future technology tiny chips power everything smartphones electric vehicles advanced military systems artificial intelligence critical asset global tech arms race years global semiconductor industry thrived collaboration raw materials manufacturing innovation flowing seamlessly across borders rising tensions us china upended model rivalry transformed fullblown trade war nations enacting sweeping measures secure positions us imposed strict export controls advanced chip technologies aiming limit chinas ability advance ai military applications retaliation china restricted exports key minerals gallium germanium essential chip manufacturing chinas critical mineral export bans disrupt global supply chains back july china announced sweeping export restrictions two critical minerals gallium germanium materials essential producing advanced semiconductors crucial industries consumer electronics telecommunications defense chinas control resources staggering country produces approximately worlds gallium germanium cementing dominance key inputs new restrictions exporters must obtain government licenses disclose detailed information buyers intended use materials chinas export bans sent shockwaves global tech industry countries japan south korea taiwan heavily reliant semiconductor production scrambling secure alternative sources gallium germanium japan example ramped efforts develop domestic production capabilities critical minerals meanwhile european union launched initiatives diversify supply chains including partnerships resourcerich nations like canada australia however experts warn efforts may take years bear fruit leaving semiconductor industry vulnerable short term restrictions also caused prices gallium germanium surge increasing production costs semiconductor manufacturers worldwide smaller companies particular face significant challenges navigating new landscape lack resources invest alternative sourcing selfsufficiency us response export controls advanced chip technology response chinas growing technological ambitions united states implemented series export controls designed limit chinas access advanced semiconductor technology restrictions first introduced updated several times since target ai chips semiconductor manufacturing equipment highperformance technologies us imposed restrictions sale cuttingedge gpus produced nvidia critical training advanced ai systems additionally us companies required obtain licenses exporting semiconductor manufacturing equipment china particularly production chips smaller nanometers goal curb chinas ability develop advanced computing technologies could enhance military ai capabilities measures align us national security interests significant implications american companies major tech firms like intel nvidia rely chinese market substantial portion revenue face growing uncertainty ability operate region instance nvidia warned export controls could cost company billions dollars lost revenue similarly apple forced explore alternative production hubs india vietnam reduce dependence china innovation supply chain fragmentation semiconductor trade war farreaching consequences extend beyond us china tensions escalate countries around world drawn conflict supply chains innovation efforts facing increasing strain taiwan south korea japan epicenter semiconductor supply chain among nations affected trade war taiwan home tsmc worlds largest semiconductor manufacturer long critical player global chip production however island nation faces mounting pressure navigate demands us china maintaining technological dominance similarly south korea houses semiconductor giants samsung sk hynix must balance reliance chinese raw materials strategic partnerships us country actively investing rd diversifying supply chains mitigate risks associated trade war japan key supplier semiconductor chemicals equipment also taken steps bolster domestic production capabilities country collaborating us allies reduce dependence chinese materials strengthen position global tech landscape one concerning aspects trade war potential stifle innovation semiconductor industry traditionally thrived global collaboration researchers engineers companies working together advance technology however growing divide us china threatens fragment ecosystem creating regional silos could slow progress sources keep uptodate latest manufacturing news subscribe newsletter today
External ,https://manufacturing-today.com/news/how-taiwans-semiconductor-industry-prepares-for-a-potential-chinese-invasion/,Positive,0.07237452651515151,"Taiwan’s pivotal role in the global semiconductor industry is well-known, with its companies producing a significant portion of the world’s most advanced chips. However, rising tensions between Taiwan and China have introduced a new layer of uncertainty and risk. Taiwan has developed contingency plans to shut down its semiconductor manufacturing in the event of a Chinese military invasion. This article explores Taiwan’s semiconductor dominance, the geopolitical tensions with China, the potential global economic impact, and strategic responses to mitigate these risks.

Taiwan’s Semiconductor Dominance

Taiwan has established itself as a global leader in semiconductor manufacturing, with Taiwan Semiconductor Manufacturing Company (TSMC) at the forefront. Founded in 1987 by Morris Chang, TSMC pioneered the “fabless” model, allowing chip design companies to outsource manufacturing, thereby reducing costs and increasing efficiency. Today, TSMC holds approximately 54% of the global foundry market, producing nearly 90% of the world’s most advanced chips used in artificial intelligence and quantum computing applications​.

Taiwan’s dominance is further underscored by its critical role in the supply chains of major tech companies like Apple, Nvidia, and Qualcomm. These firms rely heavily on Taiwanese chips to power their products, making Taiwan an indispensable player in the global tech ecosystem​.

The political and military tensions between Taiwan and China have been escalating, particularly since the election of Taiwanese President Tsai Ing-wen in 2016. Tsai’s firm stance on maintaining Taiwan’s democracy and rejecting forceful unification has heightened tensions with China, which views Taiwan as a breakaway province that must eventually be reunified with the mainland​.

Chinese President Xi Jinping has not ruled out the use of military force to achieve reunification, making the threat of invasion a pressing concern for Taiwan. This geopolitical friction places the global semiconductor supply chain at risk, given Taiwan’s central role in chip manufacturing​.

The Potential Global Economic Impacts

A shutdown of Taiwan’s semiconductor manufacturing would have profound economic implications. The global tech industry, which relies on a steady supply of Taiwanese chips, would face significant disruptions. Companies across various sectors, from consumer electronics to automotive, could experience production delays and increased costs due to chip shortages​.

The economic fallout would extend beyond the tech industry, potentially triggering a broader economic crisis. The ripple effects would be felt worldwide, highlighting the vulnerability of global supply chains to geopolitical instability.

To mitigate the risks posed by a potential Chinese invasion, Taiwan has been exploring various strategies. These include diversifying its manufacturing capabilities by building additional facilities in safer locations and collaborating with international partners to strengthen supply chain resilience​.

International responses have also been crucial. The United States, for example, has implemented export controls to limit China’s access to advanced semiconductor technologies, aiming to curb its military capabilities and support Taiwan. Additionally, economic sanctions and diplomatic efforts are being considered to deter Chinese aggression and maintain stability in the region.

Taiwan’s semiconductor industry is not only a cornerstone of the global tech ecosystem but also a strategic asset in the geopolitical landscape. The ongoing tensions with China pose significant risks, making it essential for Taiwan and its international allies to develop robust strategies to ensure stability and resilience. As the world navigates these complex dynamics, the importance of Taiwan’s semiconductor industry cannot be overstated.

Sources:",taiwans pivotal role global semiconductor industry wellknown companies producing significant portion worlds advanced chips however rising tensions taiwan china introduced new layer uncertainty risk taiwan developed contingency plans shut semiconductor manufacturing event chinese military invasion article explores taiwans semiconductor dominance geopolitical tensions china potential global economic impact strategic responses mitigate risks taiwans semiconductor dominance taiwan established global leader semiconductor manufacturing taiwan semiconductor manufacturing company tsmc forefront founded morris chang tsmc pioneered fabless model allowing chip design companies outsource manufacturing thereby reducing costs increasing efficiency today tsmc holds approximately global foundry market producing nearly worlds advanced chips used artificial intelligence quantum computing applications taiwans dominance underscored critical role supply chains major tech companies like apple nvidia qualcomm firms rely heavily taiwanese chips power products making taiwan indispensable player global tech ecosystem political military tensions taiwan china escalating particularly since election taiwanese president tsai ingwen tsais firm stance maintaining taiwans democracy rejecting forceful unification heightened tensions china views taiwan breakaway province must eventually reunified mainland chinese president xi jinping ruled use military force achieve reunification making threat invasion pressing concern taiwan geopolitical friction places global semiconductor supply chain risk given taiwans central role chip manufacturing potential global economic impacts shutdown taiwans semiconductor manufacturing would profound economic implications global tech industry relies steady supply taiwanese chips would face significant disruptions companies across various sectors consumer electronics automotive could experience production delays increased costs due chip shortages economic fallout would extend beyond tech industry potentially triggering broader economic crisis ripple effects would felt worldwide highlighting vulnerability global supply chains geopolitical instability mitigate risks posed potential chinese invasion taiwan exploring various strategies include diversifying manufacturing capabilities building additional facilities safer locations collaborating international partners strengthen supply chain resilience international responses also crucial united states example implemented export controls limit chinas access advanced semiconductor technologies aiming curb military capabilities support taiwan additionally economic sanctions diplomatic efforts considered deter chinese aggression maintain stability region taiwans semiconductor industry cornerstone global tech ecosystem also strategic asset geopolitical landscape ongoing tensions china pose significant risks making essential taiwan international allies develop robust strategies ensure stability resilience world navigates complex dynamics importance taiwans semiconductor industry cannot overstated sources
External ,https://foreignpolicy.com/2021/02/16/semiconductors-us-china-taiwan-technology-innovation-competition/,Positive,0.06348906780527336,"COVID-19’s disruptions on supply chains has been a wake-up call for the industry, forcing companies to evaluate and map out their value chain models, with many recognizing that they are unaware of all the tiers of suppliers that they rely on. Operational segments of the supply chain that are more labor intensive, such as the manufacturing and ATP stages have been particularly affected by social distancing, travel restrictions, and lockdown measures. Concurrent and heightened demand for private IT infrastructure (for example, PCs, servers, wireless and wired communications for home schooling and working from home, and automobiles for independent travel), has increased total industry revenue by 8 percent in the past year but pinched these already tenuous chains. With emerging technology developers driving demand, especially artificial intelligence applications, which are expected to grow 50 percent by 2022, manufacturers and end-users across sectors are scrambling to secure access to chips.

Still Global Leaders, U.S. Firms Largely Outsource Manufacturing - Notably to Asia

While American firms dominate many segments of the semiconductor supply chain, they have long specialized in research & development (R&D), which is essential to drive continued innovation. Because of arduous market conditions including intense competition and rapid technological changes that require continual development, R&D and greater innovation is the number one strategic priority for companies. American firms annually invest about 20 percent of their revenue (or $40 billion) in R&D, making it the second-highest share of any major U.S. industry after the pharmaceutical industry. The industry’s R&D investments have paid off, with advanced semiconductors among the top five U.S. exports after aircraft, oil (crude and refined), and automobiles. Notably, 82 percent of the American industry’s revenue comes from overseas, 36 percent (or $70.5 billion) of which is from China. Export revenue is essential to U.S. firms’ ability to reinvest in the R&D required to remain on the cutting edge and maintain leadership in the industry given that federal government support to private sector semiconductor innovation is relatively limited. Although half of production by American firms takes place in the U.S. across 80 fabs and 19 states, U.S.-based fabs account for only 12 percent of the world’s manufacturing. The bulk of the production process has been shifting toward Asia so organizations could reduce costs, diversify their supplier base, and create resilient supply chains that can withstand shocks such as COVID-19 and mitigate fallout from trade disputes. By 2022, the Office of Commercial and Economic Analysis of the U.S. Air Force estimates, 90 percent of leading-edge chip production will be based in Taiwan, South Korea, and China with U.S.-based global share of fab capacity dropping to 8 percent and Chinese capability increasing to 35 percent. This concentration of production and trend of American firms to increasingly rely on Asia for the manufacturing of semiconductor technologies poses risks to American economic competitiveness and national security should supply chains get further disrupted or U.S. firms become unable to operate or transport goods in the region.

By 2022, the Office of Commercial and Economic Analysis of the U.S. Air Force estimates, 90 percent of leading-edge chip production will be based in Taiwan, South Korea, and China with U.S.-based global share of fab capacity dropping to 8 percent and Chinese capability increasing to 35 percent. This lack of U.S.-based manufacturing and overall industry consolidation is partly because of the immense cost of building and maintaining a fab, which ranges from $15 billion to $20 billion for a leading-edge facility. Manufacturing equipment is expensive, with front-end lithography equipment that is used to draw highly complex circuit patterns on wafers costing up to $100 million per unit. The next generation semiconductor manufacturing technology that will be used to create 7 nanometers or smaller semiconductors, such as extreme ultraviolet (EUV) lithography, costs $120 million to $170 million. For advanced semiconductor production such as 5 nanometers, a single wafer can have up to 14 EUV layers applied to it, significantly increasing capital costs. Overall, creating a new fab in the U.S. costs an added 30 percent to 50 percent to build and operate over 10 years, compared to Taiwan, South Korea, Singapore, or China. Beyond fab expenses, environmental regulations in the U.S. also deter investment in U.S.-based semiconductor manufacturing. According to the President’s Council of Advisors on Science and Technology (PCAST), the Federal Clean Air Act is perceived by the industry as a barrier to timely facility permitting. Pre-construction and operating permits are issued by state and local agencies, which for large projects can take 12 to 18 months to receive. In an industry where bringing projects to fruition is exceptionally important given the pace of competition and innovation, the lengthy permitting process can deter building facilities in the U.S.

The decline of America’s share of global manufacturing is also attributed to the lack of incentives from the federal government, which have pushed firms to send production segments overseas, particularly in Asia. Industry leaders point to the U.S.’ corporate tax system, which has the highest rate in the Organization for Economic Cooperation and Development (OECD), relatively low R&D tax credits, and discourages capital investment in asset-heavy industries. Recognizing the trend and with growing strategic concerns over weakening U.S. domestic semiconductor capability, provisions in the National Defense Authorization Act (NDAA) 2021 under title XCIX, “Creating Helpful Incentives to Produce Semiconductors for America,” offer companies up to $3 billion to build a U.S.-based fab. This is the only existing government incentive program designed to spur construction of domestic semiconductor manufacturing, with Capitol Hill staffers stating that the provision is meant to strengthen the entire supply chain. The industry has applauded the enactment and is urging Congress to immediately allocate funding. Some experts are skeptical as to whether the NDAA provision will successfully promote U.S.-based chip manufacturing or, instead, motivate China to further strengthen its efforts toward indigenization. Given the highly globalized nature of the supply chain and the unique nature of each stage of the production process, the broad NDAA provision is unlikely to be able to address all the weaknesses of the entire value chain model. Other supportive legislation such as the Creating Helpful Incentives to Produce Semiconductors (CHIPS) for America Act, proposed in Congress in June 2020, which includes a larger, $22 billion incentive program, and an income tax credit for chip equipment and manufacturing, and the American Foundries Act of 2020, which authorizes $25 billion for R&D, facility construction, equipment, and IP acquisitions, could further support the industry, but both have yet to be passed and now stand in committees.

Doubling Down, China is Intent on Becoming a Semiconductor Superpower

China has long prioritized the development of its technology sector with goals of digital self-reliance and primacy that officials contend will foster self-sustaining growth through domestic consumer spending. However, competitive semiconductor manufacturing is essential to realize this vision, and China plays a limited role in the production process, owning only 5 percent of the total chip share and primarily participating in the manufacturing and the ATP segments of the supply chain. It is heavily dependent on imports and consumes more than 60 percent of all semiconductors in the global market for internal use and eventual export in the form of Chinese-made technology such as smartphones, computers, telecommunication networks, and more. China’s import dependence coupled with national security concerns, specifically the possibility that adversaries could intentionally install and exploit vulnerabilities into devices for intelligence and military purposes, has the Chinese Communist Party (CCP) doubling down on bolstering its domestic chip capacity to mitigate supply chain risks and to support the country’s tech-driven international competitiveness.

According to the Office of the U.S. Trade Representative, China’s goal is to create a “closed-loop semiconductor manufacturing ecosystem” from raw material and equipment production to the final product. In other words, China wants to catch up with—and then surpass—Western competitors in the semiconductor value chain, which risks disrupting the industry at large. Through the 2014 National Integrated Circuit Plan, China has worked to establish itself as a leader in the semiconductor industry throughout the supply chain by 2030 and has been advancing its agenda by restricting market access for foreign semiconductor products, forcing technology transfers to acquire IP, offering generous subsidies, and mobilizing state-owned enterprises. Aligned with the Made in China 2025 initiative launched in 2015—which seeks to shift China from being a low-end manufacturer to a high-end producer of goods, particularly in areas pertaining to information technology and telecommunications, advanced robotics, and AI—the National Integrated Circuit Industry Investment Fund (also known as the Big Fund) allocated an initial $22 billion to semiconductor development. Since 2014, China has invested $150 billion overall in its domestic semiconductor industry—equivalent to China’s annual total semiconductor market value and twice what the global industry spends annually on R&D—through investments from all levels of government.

Despite China’s immense resource allocation to its semiconductor sector, 84 percent of China’s semiconductors are still imported or made domestically by foreign manufacturers. However, despite China’s immense resource allocation to its semiconductor sector, 84 percent of China’s semiconductors are still imported or made domestically by foreign manufacturers. In fact, the largest Chinese-based integrated circuit (IC) foundry, Semiconductor Manufacturing International Corporation (SMIC), is four years behind in terms of innovation compared with market leaders in the U.S., Taiwan, and South Korea. Desperate for core IP to enable production of the most advanced semiconductors, from 2015 to 2017, Chinese investors tried to acquire U.S. and European-based firms such as Micron Technology, Western Digital Corporation, and Lattice, but governments blocked their efforts because of security concerns. Recognizing the gap, in 2019, China announced an extra $29 billion in funding via the Big Fund, and President Xi Jinping pledged $1.4 trillion through 2025 to further develop emerging tech as part of a new infrastructure initiative and ongoing effort to establish itself as a world-class chip giant and an international standard-setter for a range of high-tech, semiconductor-powered applications (such as 5G). Despite the funding, China’s ambitions are being hindered by a growing trend among private companies to move operations out of China because of rising labor costs, the instability of the Chinese market from the U.S.-China trade war, and the COVID-19 pandemic undermining confidence in China’s manufacturing sector. Companies are shifting their supply chains out of China to neighboring Asian countries, notably Vietnam, for its younger workforce, tax benefits, relatively weak regulations, six-day workweeks, and 40 percent lower labor costs. Taiwanese contract manufacturer Foxconn, for example, announced in 2020 that it would move some of its iPad and MacBook assembly to Vietnam at the request of Apple to minimize the impact of the U.S.-China trade war. In 2021, iPhone assembler Wistron similarly moved 50 percent of its production outside of China to India and Vietnam. As companies look to more attractive markets, China must adapt to the changing global economic landscape to maintain its growth.

Semiconductors at the Heart of U.S.-China Tit-for-Tat Competition

To combat Chinese tech ambitions, maintain its leadership in the semiconductor industry, and curtail the use of U.S. cutting-edge technology and know-how by Chinese companies, the Trump administration leveraged the powers of the exports control regime and ramped up activity in 2018. Through the Committee on Foreign Investment in the U.S. (CFIUS)—which reviews foreign direct investments and allows the president to suspend or block foreign mergers and acquisitions if they present credible threats to national security—the U.S. Department of Commerce (USDOC), and the United States Trade Representative (USTR), the Trump administration sought to squeeze out China from the semiconductor supply chain. According to the U.S. Treasury Department, after broadening CFIUS’s oversight to include critical technology and critical infrastructure, CFIUS opened 443 investigations within President Trump’s first three years, resulting in more cross-border transaction reviews—notably for the semiconductor industry. CFIUS was also responsible for stopping Broadcom’s acquisition of Qualcomm, citing that the merger could cut U.S. investments into semiconductors and wireless tech, giving Huawei a lead in the industry.

In addition to foreign investments, the former administration targeted global supply chains, which has had cascading effects for the global industry. The government expanded the definition of the foreign direct product rule through the USDOC to require a license for the use of any products that relied on American technology and software. The expanded rule disincentivizes foundries around the world such as TSMC, Applied Materials, KLA, and LAM research from working with HiSilicon, Huawei’s in-house production unit, by threatening to ban companies’ access to new tools from American firms. After the USDOC’s rulings, TSMC complied with U.S. export controls and stopped taking orders from Huawei, who was then TSMC’s second largest customer after Apple. TSMC subsequently announced plans to build a 5 nanometer chip plant in Arizona that could create 1,900 jobs over five years. Huawei was later added to the USDOC’s Bureau of Industry and Security (BIS) Entity List in 2019, followed by SMIC and 60 other entities in 2020, a measure that effectively restricts those entities’ access to American SMEs because of their ties to the Chinese military, human rights abuses, and/or theft of U.S. trade secrets. The Trump administration took other unilateral actions to limit trade in sensitive technologies, including leveraging Section 301 of the U.S. Trade Act of 1974, to “mitigate Chinese mercantilist practices” that the administration charged were unreasonable or discriminatory, and burdened or restricted U.S. commerce. In March 2018, the USTR also filed a report on China’s trade policy practices, citing abuses related to IP, leading to U.S. imposed tariffs on China. (Despite its impacts, legal questions remain regarding the Trump administration’s use of Section 301 given that legal experts assert the U.S. should not use Section 301 unilaterally to confront trade practices.)

The Trump administration’s protectionist measures have reinforced President Xi’s ambitions to decouple Sino-American economic ties (despite his recent calls for multilateralism and global collaboration). One year after Huawei was put onto the U.S. Entity List, for example, local Chinese semiconductor companies were able to capitalize on the absence of American firms. Although performance is not equivalent to U.S. designs, China’s efforts to localize semiconductor manufacturing point to longer-term pressure on U.S. companies’ market share there. To further circumvent U.S. measures, Xi has been creating industrial backup systems to replace American-led industrial and financial institutions and address the “changes in the global political and economic environment, the upsurge in deglobalization, unilateralism, and protectionism by [the United States].” For instance, after China’s SMIC was delisted from the New York Stock Exchange in 2019, the CCP announced plans to raise $2.8 billion through the Shanghai Stock Exchange Science and Technology Innovation Board (STAR Market), a tech-centered exchange modeled after the Nasdaq that supports the Made in China 2025 initiative and provides an alternative forum for corporations to raise capital. According to Refinitiv, STAR ranks second behind the Nasdaq in terms of IPO’s value after several semiconductor firms, namely SMIC, joined the listings in 2020. Today, STAR includes 120 corporations and is valued at $400 billion. While small compared to the Nasdaq, which tracks 3,300 companies and has a market cap of $19.06 trillion, it is symbolic and is growing.

China’s recent rule changes and rising tensions in the tech-war demonstrate increasing difficulty for companies and countries, such as TSMC and Taiwan, to pursue strategic autonomy amid potential economic decoupling between the U.S. and China. Throughout the trade conflict, Sino-American relations have been principled on reciprocity, or tit-for-tat, with both countries using tariffs, sanctions, and export controls to influence each other’s behavior. In January 2021, the Chinese Ministry of Commerce promulgated a bylaw that discourages companies from taking steps to comply with U.S. economic sanctions and export-control restrictions imposed by the U.S. government over the past year, including TSMC’s refusal to work with Huawei. Citing reciprocity, the law stipulates national sovereignty matters and gives Chinese firms the right to sue a foreign company for abiding by American rules. Although some commenters characterize TSMC’s decision to “side” with the U.S. (illustrated by its cutting off business ties with Huawei) as a win for President Trump, China’s recent rule changes and rising tensions in the tech-war demonstrate increasing difficulty for companies and countries, such as TSMC and Taiwan, to pursue strategic autonomy amid potential economic decoupling between the U.S. and China.

Supply Chain Bottlenecks Hampering China and Posing Risks for the Global Industry

Despite all its initiatives and funding, China struggles to achieve its goals and lags considerably behind U.S. and other global semiconductors manufacturers. Analysts estimate that China's share of the semiconductor market will be 40 percent in 2025, short of the government's goal of 70 percent. China is falling short of its ambitions to become a global standard-setter, which would require producing advanced chips within a Chinese semiconductor sector that is, at least two to three generations behind leading edge companies like TSMC and Samsung. China will need at minimum five to 10 years to catch up in terms of technological sophistication. Indeed, the U.S.-China trade war has harmed China’s indigenization efforts, but China’s lack of success in developing a self-reliant chip ecosystem is because of several bottlenecks throughout the global supply chain that its industry is facing, including limited access to advanced semiconductor manufacturing equipment and software, and a lack of talent and expertise.

Industry analysts estimate that China’s plans to create new fabs and expand capacity will drive China’s equipment spending to more than $40 billion in 2025. Although China already invests heavily in equipment with 80 domestic companies devoted to semiconductor equipment research and manufacturing, it has limited capability to manufacture any equipment locally and still depends on American, Taiwanese, South Korean, and Japanese suppliers for critical production materials such as high-end photoresist materials. As a result, China has sought to reduce its import dependence by purchasing used machines and luring companies such as Intel, Samsung, and SK Hynix to set up fabs in China to meet local demand and increase China’s overall semiconductor exports. But U.S. export restrictions blocking Chinese SME companies such as SMIC, Yangtze Memory Technologies (YMTC), and ChangXin Memory Technologies (CXMT) from accessing the global supply chain have hindered China’s capability building, particularly in obtaining cutting-edge lithography machines and essential manufacturing chemicals.

In addition, while the creation of the Big Fund is China’s primary source of financing for the development of foundational semiconductor devices, little transparency or accountability exists for how the money is spent. Local governments have reportedly invested and approved chip projects blindly without sufficient knowledge about the industry or the manufacturing process, leading to dozens of failed and stagnant chip companies. In 2020, after the collapse of high-profile companies such as Tsinghua Unigroup and Wuhan Hongxin Semiconductor (HSMC), the Chinese National Development and Reform Commission (NDRC) warned that local governments will be held accountable if projects result in huge losses, waste resources, or “invoke big risks.” Chinese investors and executives have stated that Chinese fabless firms are “too immature” to use funding effectively. It is unclear how the Big Fund’s resources have been spent to date, particularly given that over 50,000 entities are registered as “semiconductor” companies, which risks investment fragmentation, and most of known funding appears to be used to expand fab capacity—not R&D.

Given the nature of the semiconductor industry that requires decades of research and accumulated expertise to create cutting-edge technology, experts contend that China will not be able to resolve its human capital deficit within five to 10 years. Finally, although foreign technology acquisition, collaboration, and transfer through joint ventures, licensing agreements, and U.S.-led open-source technology platforms for chip design have marginally improved China’s domestic production efforts, China fundamentally lacks the knowledge to produce cutting-edge ICs. It remains dependent on foreign talent for technical know-how and has used its resources to aggressively attract employees from top firms. Chinese companies offer double or triple existing salaries of chip experts in Taiwan, resulting in as many as 3,000 Taiwanese engineers joining China’s leading chipmakers in 2019 and at least 100 former TSMC engineers in 2020. Huawei’s addition to the U.S. Entity List has spurred Beijing to accelerate recruitment efforts and raised concerns from American firms about Taiwan’s ability to protect U.S. companies’ IP given that, in addition to design and other forms of intellectual property, a company’s tacit knowledge resides in its employees. The effectiveness of China’s recruitment approach, however, is still limited given that the number of engineers needed to run a facility can range from 1,000 to well over 3,000, making it unlikely that China will be able to obtain the necessary people in the immediate or medium term.

The Chinese education and technical training systems also are not producing the skilled workforce China needs to scale up its production process. For decades, China has maintained a strategy of revitalizing China through science and education, and launched its first semiconductor school in 2020. As the Big Fund demonstrates, the Chinese system is highly effective at shifting resources to address critical shortages in its economy. However, given the nature of the semiconductor industry that requires decades of research and accumulated expertise to create cutting-edge technology, experts contend that China will not be able to resolve its human capital deficit within five to 10 years. It will be a multidecade process to assemble the critical mass of skilled workers and IP that underpin Western companies’ competitiveness, particularly in the upstream portion of the supply chain. And even then, China is unlikely to be able to replicate the entire ecosystem that other companies such as Intel, Samsung, and TSMC have cultivated (and continue to cultivate) over decades and with billions of dollars in investments. Even if China successfully develops domestic fab capabilities, Chinese firms will continue to rely on American, European, Japanese, South Korean, and Taiwanese firms for chip technology and materials. Moreover, the semiconductor ecosystem is constantly evolving as companies continue to innovate and increase the efficiency of their production models. It will become increasingly difficult for China, particularly when it lacks access to industry leaders, to continually manage every part of the supply chain given that, depending on the chip type and a particular production node, continuous management of all key suppliers and an ongoing process of optimization will be required.

Taiwan: A Geopolitical Flashpoint and Linchpin in the Innovation Race

At the center of growing U.S.-China tech tensions and struggle for tech supremacy is Taiwan, which plays a critical role in the manufacturing advanced logic chips that are used in aircraft, satellites, drones, wireless communications, data centers, automobiles, and other technology that the U.S. and China (as well as countries around the world) rely on for their economic and national security. Taiwan’s semiconductor industry is highly concentrated and is dominated by two manufactures, TSMC and United Microelectronics Company (UMC). Ranking third in global semiconductor leadership, TSMC is the world’s top pure-play foundry. Currently, only three companies in the world—Intel, Samsung, and TSMC—are capable of manufacturing advanced semiconductors (7 nanometers or smaller). In 2020, TSMC raised its R&D spending by 24 percent to $3.7 billion to stay competitive. Intel ranked first in terms of the industry’s total R&D expenditures, accounting for 19 percent (or $12.9 billion) of the industry’s total, while Samsung, ranked second in 2020, increased its R&D spending by 19 percent (or $5.6 billion) in leading-edge logic processes to compete with TSMC.

As rivals like UMC and Samsung fall behind technologically, China-based SMIC struggles with American restrictions, and Intel considers outsourcing to TSMC after several in-house slip-ups, TSMC’s “pivotal role” in the tech industry will likely expand in 2021. TSMC is essential to the supply chain, particularly for clients such as Apple, Nvidia, AMD, Qualcomm, Xilinx, and MediaTek, which design bespoke technology but do not have the capacity to develop the most advanced chips at high volumes. According to industry experts, as rivals like UMC and Samsung fall behind technologically, China-based SMIC struggles with American restrictions, and Intel considers outsourcing to TSMC after several in-house slip-ups, TSMC’s “pivotal role” in the tech industry will likely expand in 2021. However, government officials and business leaders are increasingly concerned about the risks posed by the disproportionate and growing reliance on TSMC for critical chips, particularly given Taiwan’s economic ties to China and increasing U.S.-China tensions surrounding Taiwan.

Although Taiwan has been trying to reduce ties with China by increasing trade and investment with regional neighbors through its 2016 New Southbound Policy, Taiwan and TSMC are heavily dependent on both China and the U.S. for most of their economic activity and technological development. China is Taiwan’s biggest trading partner, representing 24.3 percent of its total trade and 20.1 percent of Taiwan’s imports in 2019. Taiwan relies on the Chinese market for a significant portion of its semiconductor sales and manufacturing with one-third of purchases by Chinese importers for semiconductors (some of which were also used by Taiwanese firms in China). According to Taiwan’s Ministry of Economic Affairs (MOEA), more than 70.8 percent of Taiwan’s information and communication technology (ICT) related products were manufactured in China. China’s market demand increased TSMC’s revenue by 17 percent (or $6.9 billion) in 2019, effectively more than doubling China’s share of the company’s sales from 9 percent to 20 percent from 2016 to 2019. Overall, Taiwan’s exports in semiconductors and semiconductor-enabled devices to China grew nearly 89 percent from 2014 to 2019.

By comparison, the U.S. is Taiwan’s second largest trading partner, accounting for 13.2 percent of total trade and 12.2 percent of Taiwan imports. Taiwan is also an important trading partner for the U.S. as the U.S.’ 10th largest goods trading partner, with $85.5 billion in total two-way goods trade. For TSMC, North America accounts for 59 percent of its total revenue, which is critical for its ability to reinvest in R&D. As the “Global Path of a Semiconductor” map demonstrates, the semiconductor supply chain relies on a handful of American companies for specific production steps, particularly electronic design automation (EDA) software and SMEs. EDA software is necessary to design any chips and leading vendors—Synopsys, Cadence, and Mentor Graphics—which are all American, often work closely with foundries and SME producers. The SME market is similarly dominated by American firms making all global chip firms, TSMC and SMIC included, reliant on U.S.-based firms for their semiconductor equipment and software to run its fabs. According to the Taiwan Machine Tool and Accessory Builders’ Association, Taiwan’s semiconductor industry is “overwhelmingly dependent on imported production equipment,” with 90 percent of SME coming from abroad. Deeply integrated into U.S. and Chinese supply chains, TSMC owns 55 percent of the Chinese foundry market (compared to SMIC’s 19 percent) and has three wholly owned subsidiary fabs in China and the U.S. with another fab planning to be built in Arizona. The graphic below shows the inter-dependence of Taiwan, the U.S., and China for growth in the semiconductor market. It highlights how the trade measures imposed by the Trump administration significantly affected U.S.-China trade flows as Chinese exports to the U.S. decreased by 45 percent during this time period. Deteriorating trade relations and rising costs of semiconductor R&D adversely impact chip firms’ abilities to reinvest revenue into critical research necessary to remain at the cutting edge.

Semiconductor Trade Between China, Taiwan, and the U.S. The following graphic shows the percentage change in semiconductor trade flows (imports and exports) between China, Taiwan, and the U.S. from 2014 to 2019, and the countries’ interdependence. Export Data

Import Data Total Value of Semiconductor Exports in 2019 In billions of U.S. dollars Taiwan to China $31.50B China to Taiwan $14.95B U.S. to China $8.94B U.S. to Taiwan $4.10B China to U.S.* $2.73B Taiwan to U.S. $1.55B Total Value of Semiconductor Imports in 2019 In billions of U.S. dollars China from Taiwan $31.50B Taiwan from China $14.95B China from U.S.* $8.94B Taiwan from U.S. $4.10B U.S. from China $2.73B U.S. from Taiwan $1.55B

Sources: World Integrated Trade Solution (WITS), U.N. Comtrade, and Taiwan Customs Administration, Ministry of Finance; Years 2014 - 2019 Notes: Semiconductor goods defined by HS Codes: 8541 (Diodes, Transistors, and Similar Semiconductors); 8542 (Electronic Integrated Circuits). *Based on reporting via the World Integrated Trade Solutions (WITS) database. Note, significant discrepancies exist between China and U.S. reporting. As such, for U.S.-China bilateral semiconductor trade, the graphic reflects U.S.-reported data for both imports from and exports to China. All import and export data related to Taiwan is reported from the Taiwan Ministry of Finance, as the WITS database does not include Taiwan. Re-exports and re-imports, fabrication materials such as silicon, phosphorus, nitrogen, ATP packaging materials such as ceramic packaging, glues and adhesives, and semiconductor manufacturing equipment are not included in this data.

As tensions rise in the Taiwan Strait and U.S.-China relations steadily degrade under mounting economic and technological pressure, Taiwan has become a flashpoint for potential commercial and regional security instability. This risks not only the disruption of the global semiconductor supply chains and, by extension, myriad technology-based manufacturing processes, but Taiwan’s domestic economic security as the semiconductor industry accounts for 15 percent of the country’s GDP with TSMC contributing about 4 percent of it. At the same time, the Taiwanese industry has shown enormous adaptability amid challenging regional dynamics and shocks to the supply chain, including those unleashed by COVID-19. According to the MOEA, the country’s export orders grew by an annual 10 percent (or $534 billion) in 2020. As a critical part of the government’s Six Core Strategic Industries, President Tsai Ing-wen has been committed to accelerating the industry’s development from talent cultivation programs to financial support. In 2016, Taiwan launched the Asian Silicon Valley project, to which the administration allocated $350 million (or 11.3 billion New Taiwan dollars) to support its startup ecosystem by partnering with U.S.-based firms to gain firsthand knowledge of the American market. Through collaboration with American companies, aggressive investment in higher education, tech transfers, targeted R&D funds into electronics, and its homegrown venture capital industry, Taiwan’s dependence on the IT sector, particularly the semiconductor industry, has been critical to its overall economic development. In 2020, the Taiwanese federal government provided an added $260 million in subsidies for the development of its domestic semiconductor industry. According to the MOEA, Taiwan’s semiconductor sector is estimated to grow to $169.76 billion by 2030.

However, overlaying political dynamics of Taiwan’s sovereignty continue to complicate the stability and security of the chip supply chain. China considers Taiwan to be firmly under the “One China” policy and has never excluded the potential use of force to assert its position. Although the U.S. has historically acknowledged but not affirmed the “Chinese position that there is but one China and Taiwan is part of China,” the Trump administration before leaving office sought to strengthen U.S.-Taiwan relations. Overt diplomatic and military relations between the U.S. and Taiwan such as several high-ranking official visits, the dedication of $250 million to upgrade the unofficial embassy in Taipei, and a provision of enhanced military capabilities (with air-to-ground missiles that can be used with F-16 fighter jets that the U.S. also sold to Taiwan) have heightened tensions and increasingly angered China. In response, China warned fiercely “not to send any wrong signals to ‘Taiwan independence’ [in order] to avoid severe damage to China-U.S. relations,” and most recently sanctioned former officials, including former Secretary of State Mike Pompeo, for their anti-China policies and violating China’s sovereignty. It is unmistakable that the threat to Taiwan from China is growing with disinformation campaigns, cyberattacks, political influence operations, and Chinese military flyovers crossing the median line of the Taiwan Strait, which had not happened in 20 years.

For now, the country’s silicon-based semiconductor sector has mitigated overt conflict between the U.S. and China given the significant role Taiwan plays in the supply chain and has been referred to as a “Silicon Shield” to hedge against potential aggression from China. TSMC is China’s biggest contract supplier, selling $7 billion worth of chips to China in 2019. TSMC’s production capacity, innovative chip manufacturing, and reputation for protecting IP make it, and Taiwan in general, highly valuable for the U.S., China, and the private sector. Although the Taiwanese semiconductor industry has tried to maintain friendly ties with both sides, the government’s dependency on the U.S. for its defensive security combined with the intensifying tech war is pulling Taiwan closer to the U.S. This geopolitical nexus is increasingly dominating the outlook for global technology and commercial security. Supply chain uncertainty is no longer limited to the private sector, and control over semiconductors is becoming the new strategic national security fulcrum of the 21st century.

Trade Restrictions Hurting America, Taiwanese, and Chinese Companies Alike

The Trump administration’s “America First” policy stance recognized China’s growing assertiveness in the international arena with the U.S. Indo-Pacific Strategy Report specifically pointing to cooperation with allies and like-minded partners such as Taiwan on areas of advanced technology research and infrastructure movement to “prevent China’s industrial policies and unfair trading practices from distorting global markets and harming U.S. competitiveness.” Although the administration’s use of export controls, tariffs, and limitations on the industry have hindered Huawei and China’s chip independence efforts by restricting access to critical players such as TSMC, leading to Huawei announcing it was running low on chips under U.S. sanctions, the measures have harmed American firms as well.

In the long run, pinching the supply chain to weaken China will hinder U.S. firms’ ability to innovate and optimize operations and could ultimately undermine the U.S. high-tech industry. Underdiscussed tension is growing within the U.S. between Washington, D.C., and tech firms with respect to Sino-American relations. Rather than a security risk, Silicon Valley largely recognizes the value of China more as a competitive location for manufacturing and a critical source of revenue essential to further reinvestment in R&D. Despite increasingly antagonistic rhetoric and calls for economic decoupling, the U.S. and China remain highly interconnected and dependent on each other. The Chinese market represents almost two-fifths of U.S. semiconductor total revenue. Given that the U.S. federal government provides relatively little support for R&D funding compared to China, the American semiconductor industry is highly reliant on its export revenue from China to generate the funds needed to maintain firms’ competitiveness and drive further innovation. In the long run, pinching the supply chain to weaken China will hinder U.S. firms’ ability to innovate and optimize operations and could ultimately undermine the U.S. high-tech industry. The impacts of supply chain disruptions and segmentation are clear, as illustrated by the recent halts in production plants across the automobile and smartphone industries where chip shortages have prevented companies from fulfilling the growing demand for technology amid the pandemic. The automotive industry, in particular, has been harmed by chip shortages with industry analysts predicting that the effects of which could cripple automobile companies until 2023.

Uncertainty around the future of supply chains and market access has incentivized countries to invest in competing U.S. versus China production models and localize production. Despite dependence on U.S. and Chinese markets, Taiwanese firms are seeking to secure their own supply chains amid the U.S.-China tech war. As a protective measure, in December 2020, the Taiwan’s government and industry groups announced “post-globalization defense move[s]” and plans to localize SME production and reduce dependency on American firms to preemptively address potential supply chain disruptions to critical manufacturing equipment.

After the increasingly restrictive U.S. trade measures and concerns over unpredictable trade and export policies, companies around the world have sought out other partners and new markets to build semiconductor devices using non-U.S. equipment and reduce reliance on U.S. R&D. Following Huawei’s addition to the U.S. Entity List, Huawei approached TSMC and Samsung to build advanced process lines based on non-U.S. equipment and to produce chips under the U.S. ban. Although Samsung asserted that it would stop trading with Huawei as of September 2020, U.S. vendors are challenging U.S. regulations by expressing intent to participate in China’s 5G growth, which companies such as Intel and Micron Technologies did in 2019 by avoiding labeling goods as American-made. U.S. restrictions are also motivating smaller companies that have suffered losses from the U.S.-China trade war to work with Chinese companies to target American firms. In 2018, Taiwan’s UMC pled guilty to working with Chinese-based Fujian Jinhua (JHICC) to hack a computer memory chip stolen from American firm Micron Technologies to facilitate China’s self-sufficiency in computer memory production—a strategic priority for China. UMC is seen as a major casualty of the U.S.-China trade war and the company has long been cooperative with Chinese chipmakers, particularly JHICC, which planned to build a fab using UMC technology in 2019. But after JHICC was placed on the U.S. Entity List in 2018, it had to halt production, and both companies suffered significant revenue losses. U.S. restrictions risk fueling distrust between countries and companies, with U.S. allies asserting that they cannot be sure about America’s long-term commitments to international economic stability after four years of unilateral approaches to China overall. Going forward, constructive engagement among U.S. friends, partners, and allies as well as the private sector is necessary to stabilize the global supply chain and ensure that tech firms do not suffer undue costs and inadvertently undermine the U.S. and its allies’ economic competitiveness.

China Intensifying Pressure on Taiwan

As tensions rise in the Taiwan Strait, business leaders and decision-makers alike are increasingly concerned about the disproportionate concentration of chips and reliance on Taiwan for semiconductors. Security experts assert Beijing is “more willing to take risks internationally and with a larger and more coercive toolkit than ever before,” risking the possibility of military conflict breaking out and disrupting a critical link of the supply chain. Military action, be it invasion or a blockade, in the Taiwan Strait may prevent corporations from being able to transport goods in and out Taiwan. The experiences from the past few years, particularly those with respect to the U.S. tightening restrictions on Chinese high-tech and exerting influence on Taiwan’s semiconductor firms, will not only drive Beijing to work to mitigate damages to its chip efforts but may push China to exert nonmilitary punitive measures, such as economic coercion and cyberattacks on semiconductor companies and Taiwan more broadly.

For China, conflict in the Taiwan Strait remains risky, especially as assessments of Chinese maritime power finds that although China has steadily built up its naval capabilities over the past 30 years with Taiwan as a primary inflection point, it lacks the means to accomplish a successful invasion. In addition to enhanced asymmetrical Taiwanese defense capabilities, U.S. support to Taiwan, China’s reliance on Taiwan’s manufacturing hub, the seasonal environmental variation of the strait that affects maritime navigability and makes it geographically hazardous for ships, the risks and costs of conflict are high. Regional experts note that there does not appear to be any urgency from Beijing for reunification given that conflict in the Taiwan Strait could potentially damage other Chinese interests, notably Xi’s goal for “economic rejuvenation” by 2049. Xi’s rhetoric is consistent with that of previous rulers regarding Taiwan and appears to recognize the risk conflict in the Taiwan Strait could pose to China’s economic and technological growth. Should China resort to the use of force, chips could be potentially used as part of China’s justification for war, but chips will likely not be the driving force for conflict.

Although China has not imposed significant economic sanctions or other restrictive measures in Taiwan to date, it could take more aggressive actions if leaders perceive a threat to its strategic interests. Recent actions against Canada for arresting Huawei executive Meng Wanzhou and Australia for barring Huawei and ZTE from its 5G networks are illustrative. In addition, recent legislation from China’s Ministry of Commerce that allows Huawei to sue TSMC over its chip ban and the Foreign Ministry’s threats to cut off the U.S. from critical material supplies, including silicon and gallium, which are essential to create semiconductors and other high-tech products, indicate that China may be willing to exercise similar measures against Taiwan after TSMC’s decision to abide by American regulations.

Access to core IP risks undermining Taiwan and the U.S.’ competitiveness and security as it would help China to build advanced technology as well as identify (and potentially exploit) hidden vulnerabilities in critical computing hardware over the longer term. Although China continues to leverage its “market for technology” through its equity restrictions and administrative approvals and by granting foreign investors limited market access if they can transfer advanced technologies to China, China may increase its cyberespionage activities to secure core IP for advanced semiconductor designs should it be unable to access the semiconductor equipment and devices it needs. Such a risk is heightening concerns among industry players given China’s advanced cyber capabilities, which ranks second behind the U.S. in sophistication and ability to achieve its policy objectives in the cyber domain. China has indeed used its cyber capabilities against private corporations for similar objectives, with hackers associated with the Ministry of State Security running a 12-year IP theft campaign against 45 tech companies and other Chinese hackers targeting more than 100 entities, including software development companies, computer hardware manufacturers, telecommunication providers, and governments for confidential information. Most recently, in August 2020, Chinese state-sponsored hacker group Winnti (otherwise known as Barium, Axiom, or Chimera) launched Operation Skeleton Key to “steal as much intellectual property as possible, including source code, software development kits, and chip designs” from Taiwanese semiconductor firms based in Hsinchu Industrial Park, Taiwan’s technology hub. Cybersecurity experts note that China’s attack on Taiwan is one example of a larger trend of China using cyber tactics to “shift the power relationship up and down the [semiconductor] supply chain.” Access to core IP risks undermining Taiwan and the U.S.’ competitiveness and security as it would help China to build advanced technology as well as identify (and potentially exploit) hidden vulnerabilities in critical computing hardware over the longer term.

Biden’s Central Challenge: Managing U.S.-China Relations While Fostering U.S. Security and Competitiveness

Although the Biden administration has said it intends to cooperate with China in areas of overlapping interest such as global health, nuclear weapons proliferation, and climate change, it has also signaled that tensions between the U.S. and China over semiconductors will continue under President Biden. In an interview at the Hudson Institute, U.S. Secretary of State Antony Blinken stated, “the status quo [with China] was not really sustainable particularly when it comes to China’s commercial and economic practices, the lack of reciprocity in the relationships needs to be dealt with…We are in a competition with China, and there’s nothing wrong with competition if it’s fair.” Biden has also similarly criticized China’s economic behavior, citing Beijing’s unfair subsidies to state-owned firms and “robbing” U.S. companies of technology. In the short run, foreign policy experts assert that the administration will likely exacerbate trade conflicts with China given the administration’s goals to bolster U.S.-made goods, subsidize domestic industries, and ban foreign companies from government procurement. Moreover, Biden has stated that he will not immediately reverse the trade measures, including restrictions on semiconductors and advanced technologies, until the U.S. consults with allies.

Unlike the previous administration, the Biden team is prioritizing a multilateral, ally-focused approach with initiatives aimed to boost American economic competitiveness to curb China’s rise rather than use punitive measures. The administration could build security and resiliency in the semiconductor supply chain and the industry at large by working with Taiwan along with like-minded allies toward their common objectives. Both the U.S. and Taiwan seek to reduce their reliance on Chinese suppliers for key components and materials. The Taiwanese government has implemented rules to ensure that American companies’ properties and interests are safeguarded in the Trade Secrets Act and the Copyright Act, as demonstrated by the government’s indictment of UMC’s actions with JJHIC against Micron Technologies. Given Taiwan’s essential role in the foundry segment of the supply chain, Taiwanese firms could work with American companies to reorient their production models and diversify their supply chains, both in terms of physical manufacturing locations and its suppliers.

Another core element of the administration’s agenda to reduce U.S. dependence on foreign manufacturers is enhancing domestic manufacturing. In particular, it is devoting $300 billion to research and development efforts in “breakthrough technologies” such as AI, 5G, and electric vehicles, and $400 billion for a “Buy American” procurement fund to incentivize manufacturers. The Biden administration has also promised, within the first 100 days of his presidency, to initiate an ongoing, governmentwide process to monitor supply chain vulnerabilities, close identified gaps, build resiliency so the supply chain can withstand shocks like COVID-19, and “crack down on anti-competitive practices.” In February 2020, President Biden followed through on his promise, after announcing plans to sign an executive order to address semiconductor shortages and evaluate the current state of the supply chain. These initiatives are critical to maintaining the U.S. lead in the semiconductor industry, and more broadly, ensuring that the U.S. has continued access to essential technology. TSMC’s new factory in Arizona is a significant step toward bringing manufacturing back to the U.S., but more work must be done. Some companies have looked to move their operations out of Taiwan, but not necessarily to the U.S., because of costs to build and maintain a fab there.

Given the Trump administration’s anti-China policies over the past four years, China may push Biden to take a more definitive stance on the One China policy and establish boundaries on U.S. unofficial relations with Taiwan. But while the Biden administration will likely be less public about American cooperation with Taiwan than the Trump administration, early signals by the Biden team, such as Blinken’s outward support for closer U.S.-Taiwan economic relations, indicate strong support for stronger U.S.-Taiwan ties. Phone calls between national security advisor Jake Sullivan and President Tsai, the White House National Security Council’s statement committing “rock solid” support to Taiwan, and Taiwan’s de-facto ambassador to the U.S. attending Biden’s inauguration for the first time indicate that Taiwan will remain a focal point. Biden’s appointment of Katherine Tai, who spent seven years litigating against China on behalf of the U.S. at the World Trade Organization as U.S. Trade Representative, further demonstrates U.S. resolve to hold China accountable on trade practices. Similarly, U.S. Secretary of Commerce Gina Raimondo said in her Senate confirmation hearing that she will be “very aggressive in combating China’s unfair trade practices” and work with allies to address China’s IP theft, state subsidies, and efforts to block out Western companies from the Chinese market.

Looking Ahead: Key Opportunities for the Biden Administration and Beyond

Semiconductors represent an essential building block for all digital goods and services, and are fundamental for advanced manufacturing and military applications. The proliferation of IoT devices, increasing integration of artificial intelligence, and the drive for quantum computing will only compound demand and raise the stakes for industry and our economies on which they increasingly depend. The U.S.-China-Taiwan nexus demonstrates the complex economic, technological, and geopolitical dynamics at each node of the semiconductor supply chain and highlights the importance of this strategic economic and technological conflict for foreign policy going forward. The U.S.-China trade war and associated supply chain disruptions have been a wake-up call for the industry, forcing companies to thoroughly evaluate and map out their production and supply chains. Shortages of materials, components, and finished goods have reduced the industry’s short-term growth, and many firms acknowledge that they are unaware of the tiers of suppliers they rely on.

The U.S.-China trade war and associated supply chain disruptions have been a wake-up call for the industry, forcing companies to thoroughly evaluate and map out their production and supply chains. As semiconductors play an increasingly important role in the global economic and security arena, tension is growing between national security and commercial interests and creates potential for conflict. Existing multinational frameworks such as the 1996 Wassenaar Agreement (WA), the first global arrangement on export controls for conventional weapons and sensitive dual-use goods and technologies, including semiconductors and related technologies, attempts to address supply chain issues by increasing transparency and cooperation among member states on export controls. The agreement is not itself legally binding with enforcement coming from the 42 member countries themselves and the WA notably does not include Taiwan or China—although Taiwan does follow the international standards set by the agreement independently. Other multi-stakeholder forums that include the private sector such as the Economic Prosperity Partnership Dialogue (EPP) and the Strategic Economic Dialogue, which focus on U.S.-Taiwanese and Sino-American relations, respectively, are opportunities for comprehensive strategic cooperation on supply chain, telecommunication, and overall technology security.

Although China is unlikely to achieve advanced independent semiconductor manufacturing in the near term, increased collaboration among all global actors of the industry—private and public—is necessary to help ensure resilient supply chains. Beyond strengthening IP rules and establishing a fair standard of trade practices, further attention must be given to current tax policies and structures in the U.S. that disincentivize companies from investing in local manufacturing facilities, streamlining the permit process to reduce the time it takes to obtain permission to build domestic fabs, and increasing transparency in the export control process, specifically the exceptions to commerce rules that are currently not public information. Consideration of industry input by Congress and relevant agencies could help ensure that a comprehensive approach is taken to address key supply chain risks that companies face. This includes applying the scope of Huawei-related Entity List prohibitions to all entity lists, such as anti-terrorism-only and EAR99 technology, which industry associations argue will advance U.S. tech leadership while allowing non-U.S. member to contribute unpublished U.S.-origin technology. More narrowly defining foundational technologies and national security objectives to clarify what technologies fall within the scope of potential controls, and implementing a metric to assess the impact export controls may have on industries before adding entities to the Department of Commerce’s BIS, could also help manage policy impacts.

The Biden administration’s focus on multilateralism and enhancing U.S. economic competitiveness to curb China’s rise in the global arena opens opportunities for cross-regional and cross-sector collaboration. As the world becomes more interconnected and emerging technology redefines society, the U.S. will need to rely on its friends, partners, and allies whose contributions to the semiconductor ecosystem stimulate innovation and sustained global economic growth going forward.",covids disruptions supply chains wakeup call industry forcing companies evaluate map value chain models many recognizing unaware tiers suppliers rely operational segments supply chain labor intensive manufacturing atp stages particularly affected social distancing travel restrictions lockdown measures concurrent heightened demand private infrastructure example pcs servers wireless wired communications home schooling working home automobiles independent travel increased total industry revenue percent past year pinched already tenuous chains emerging technology developers driving demand especially artificial intelligence applications expected grow percent manufacturers endusers across sectors scrambling secure access chips still global leaders us firms largely outsource manufacturing notably asia american firms dominate many segments semiconductor supply chain long specialized research development rd essential drive continued innovation arduous market conditions including intense competition rapid technological changes require continual development rd greater innovation number one strategic priority companies american firms annually invest percent revenue billion rd making secondhighest share major us industry pharmaceutical industry industrys rd investments paid advanced semiconductors among top five us exports aircraft oil crude refined automobiles notably percent american industrys revenue comes overseas percent billion china export revenue essential us firms ability reinvest rd required remain cutting edge maintain leadership industry given federal government support private sector semiconductor innovation relatively limited although half production american firms takes place us across fabs states usbased fabs account percent worlds manufacturing bulk production process shifting toward asia organizations could reduce costs diversify supplier base create resilient supply chains withstand shocks covid mitigate fallout trade disputes office commercial economic analysis us air force estimates percent leadingedge chip production based taiwan south korea china usbased global share fab capacity dropping percent chinese capability increasing percent concentration production trend american firms increasingly rely asia manufacturing semiconductor technologies poses risks american economic competitiveness national security supply chains get disrupted us firms become unable operate transport goods region office commercial economic analysis us air force estimates percent leadingedge chip production based taiwan south korea china usbased global share fab capacity dropping percent chinese capability increasing percent lack usbased manufacturing overall industry consolidation partly immense cost building maintaining fab ranges billion billion leadingedge facility manufacturing equipment expensive frontend lithography equipment used draw highly complex circuit patterns wafers costing million per unit next generation semiconductor manufacturing technology used create nanometers smaller semiconductors extreme ultraviolet euv lithography costs million million advanced semiconductor production nanometers single wafer euv layers applied significantly increasing capital costs overall creating new fab us costs added percent percent build operate years compared taiwan south korea singapore china beyond fab expenses environmental regulations us also deter investment usbased semiconductor manufacturing according presidents council advisors science technology pcast federal clean air act perceived industry barrier timely facility permitting preconstruction operating permits issued state local agencies large projects take months receive industry bringing projects fruition exceptionally important given pace competition innovation lengthy permitting process deter building facilities us decline americas share global manufacturing also attributed lack incentives federal government pushed firms send production segments overseas particularly asia industry leaders point us corporate tax system highest rate organization economic cooperation development oecd relatively low rd tax credits discourages capital investment assetheavy industries recognizing trend growing strategic concerns weakening us domestic semiconductor capability provisions national defense authorization act ndaa title xcix creating helpful incentives produce semiconductors america offer companies billion build usbased fab existing government incentive program designed spur construction domestic semiconductor manufacturing capitol hill staffers stating provision meant strengthen entire supply chain industry applauded enactment urging congress immediately allocate funding experts skeptical whether ndaa provision successfully promote usbased chip manufacturing instead motivate china strengthen efforts toward indigenization given highly globalized nature supply chain unique nature stage production process broad ndaa provision unlikely able address weaknesses entire value chain model supportive legislation creating helpful incentives produce semiconductors chips america act proposed congress june includes larger billion incentive program income tax credit chip equipment manufacturing american foundries act authorizes billion rd facility construction equipment ip acquisitions could support industry yet passed stand committees doubling china intent becoming semiconductor superpower china long prioritized development technology sector goals digital selfreliance primacy officials contend foster selfsustaining growth domestic consumer spending however competitive semiconductor manufacturing essential realize vision china plays limited role production process owning percent total chip share primarily participating manufacturing atp segments supply chain heavily dependent imports consumes percent semiconductors global market internal use eventual export form chinesemade technology smartphones computers telecommunication networks chinas import dependence coupled national security concerns specifically possibility adversaries could intentionally install exploit vulnerabilities devices intelligence military purposes chinese communist party ccp doubling bolstering domestic chip capacity mitigate supply chain risks support countrys techdriven international competitiveness according office us trade representative chinas goal create closedloop semiconductor manufacturing ecosystem raw material equipment production final product words china wants catch withand surpasswestern competitors semiconductor value chain risks disrupting industry large national integrated circuit plan china worked establish leader semiconductor industry throughout supply chain advancing agenda restricting market access foreign semiconductor products forcing technology transfers acquire ip offering generous subsidies mobilizing stateowned enterprises aligned made china initiative launched seeks shift china lowend manufacturer highend producer goods particularly areas pertaining information technology telecommunications advanced robotics aithe national integrated circuit industry investment fund also known big fund allocated initial billion semiconductor development since china invested billion overall domestic semiconductor industryequivalent chinas annual total semiconductor market value twice global industry spends annually rdthrough investments levels government despite chinas immense resource allocation semiconductor sector percent chinas semiconductors still imported made domestically foreign manufacturers however despite chinas immense resource allocation semiconductor sector percent chinas semiconductors still imported made domestically foreign manufacturers fact largest chinesebased integrated circuit ic foundry semiconductor manufacturing international corporation smic four years behind terms innovation compared market leaders us taiwan south korea desperate core ip enable production advanced semiconductors chinese investors tried acquire us europeanbased firms micron technology western digital corporation lattice governments blocked efforts security concerns recognizing gap china announced extra billion funding via big fund president xi jinping pledged trillion develop emerging tech part new infrastructure initiative ongoing effort establish worldclass chip giant international standardsetter range hightech semiconductorpowered applications g despite funding chinas ambitions hindered growing trend among private companies move operations china rising labor costs instability chinese market uschina trade war covid pandemic undermining confidence chinas manufacturing sector companies shifting supply chains china neighboring asian countries notably vietnam younger workforce tax benefits relatively weak regulations sixday workweeks percent lower labor costs taiwanese contract manufacturer foxconn example announced would move ipad macbook assembly vietnam request apple minimize impact uschina trade war iphone assembler wistron similarly moved percent production outside china india vietnam companies look attractive markets china must adapt changing global economic landscape maintain growth semiconductors heart uschina titfortat competition combat chinese tech ambitions maintain leadership semiconductor industry curtail use us cuttingedge technology knowhow chinese companies trump administration leveraged powers exports control regime ramped activity committee foreign investment us cfiuswhich reviews foreign direct investments allows president suspend block foreign mergers acquisitions present credible threats national securitythe us department commerce usdoc united states trade representative ustr trump administration sought squeeze china semiconductor supply chain according us treasury department broadening cfiuss oversight include critical technology critical infrastructure cfius opened investigations within president trumps first three years resulting crossborder transaction reviewsnotably semiconductor industry cfius also responsible stopping broadcoms acquisition qualcomm citing merger could cut us investments semiconductors wireless tech giving huawei lead industry addition foreign investments former administration targeted global supply chains cascading effects global industry government expanded definition foreign direct product rule usdoc require license use products relied american technology software expanded rule disincentivizes foundries around world tsmc applied materials kla lam research working hisilicon huaweis inhouse production unit threatening ban companies access new tools american firms usdocs rulings tsmc complied us export controls stopped taking orders huawei tsmcs second largest customer apple tsmc subsequently announced plans build nanometer chip plant arizona could create jobs five years huawei later added usdocs bureau industry security bis entity list followed smic entities measure effectively restricts entities access american smes ties chinese military human rights abuses andor theft us trade secrets trump administration took unilateral actions limit trade sensitive technologies including leveraging section us trade act mitigate chinese mercantilist practices administration charged unreasonable discriminatory burdened restricted us commerce march ustr also filed report chinas trade policy practices citing abuses related ip leading us imposed tariffs china despite impacts legal questions remain regarding trump administrations use section given legal experts assert us use section unilaterally confront trade practices trump administrations protectionist measures reinforced president xis ambitions decouple sinoamerican economic ties despite recent calls multilateralism global collaboration one year huawei put onto us entity list example local chinese semiconductor companies able capitalize absence american firms although performance equivalent us designs chinas efforts localize semiconductor manufacturing point longerterm pressure us companies market share circumvent us measures xi creating industrial backup systems replace americanled industrial financial institutions address changes global political economic environment upsurge deglobalization unilateralism protectionism united states instance chinas smic delisted new york stock exchange ccp announced plans raise billion shanghai stock exchange science technology innovation board star market techcentered exchange modeled nasdaq supports made china initiative provides alternative forum corporations raise capital according refinitiv star ranks second behind nasdaq terms ipos value several semiconductor firms namely smic joined listings today star includes corporations valued billion small compared nasdaq tracks companies market cap trillion symbolic growing chinas recent rule changes rising tensions techwar demonstrate increasing difficulty companies countries tsmc taiwan pursue strategic autonomy amid potential economic decoupling us china throughout trade conflict sinoamerican relations principled reciprocity titfortat countries using tariffs sanctions export controls influence others behavior january chinese ministry commerce promulgated bylaw discourages companies taking steps comply us economic sanctions exportcontrol restrictions imposed us government past year including tsmcs refusal work huawei citing reciprocity law stipulates national sovereignty matters gives chinese firms right sue foreign company abiding american rules although commenters characterize tsmcs decision side us illustrated cutting business ties huawei win president trump chinas recent rule changes rising tensions techwar demonstrate increasing difficulty companies countries tsmc taiwan pursue strategic autonomy amid potential economic decoupling us china supply chain bottlenecks hampering china posing risks global industry despite initiatives funding china struggles achieve goals lags considerably behind us global semiconductors manufacturers analysts estimate chinas share semiconductor market percent short governments goal percent china falling short ambitions become global standardsetter would require producing advanced chips within chinese semiconductor sector least two three generations behind leading edge companies like tsmc samsung china need minimum five years catch terms technological sophistication indeed uschina trade war harmed chinas indigenization efforts chinas lack success developing selfreliant chip ecosystem several bottlenecks throughout global supply chain industry facing including limited access advanced semiconductor manufacturing equipment software lack talent expertise industry analysts estimate chinas plans create new fabs expand capacity drive chinas equipment spending billion although china already invests heavily equipment domestic companies devoted semiconductor equipment research manufacturing limited capability manufacture equipment locally still depends american taiwanese south korean japanese suppliers critical production materials highend photoresist materials result china sought reduce import dependence purchasing used machines luring companies intel samsung sk hynix set fabs china meet local demand increase chinas overall semiconductor exports us export restrictions blocking chinese sme companies smic yangtze memory technologies ymtc changxin memory technologies cxmt accessing global supply chain hindered chinas capability building particularly obtaining cuttingedge lithography machines essential manufacturing chemicals addition creation big fund chinas primary source financing development foundational semiconductor devices little transparency accountability exists money spent local governments reportedly invested approved chip projects blindly without sufficient knowledge industry manufacturing process leading dozens failed stagnant chip companies collapse highprofile companies tsinghua unigroup wuhan hongxin semiconductor hsmc chinese national development reform commission ndrc warned local governments held accountable projects result huge losses waste resources invoke big risks chinese investors executives stated chinese fabless firms immature use funding effectively unclear big funds resources spent date particularly given entities registered semiconductor companies risks investment fragmentation known funding appears used expand fab capacitynot rd given nature semiconductor industry requires decades research accumulated expertise create cuttingedge technology experts contend china able resolve human capital deficit within five years finally although foreign technology acquisition collaboration transfer joint ventures licensing agreements usled opensource technology platforms chip design marginally improved chinas domestic production efforts china fundamentally lacks knowledge produce cuttingedge ics remains dependent foreign talent technical knowhow used resources aggressively attract employees top firms chinese companies offer double triple existing salaries chip experts taiwan resulting many taiwanese engineers joining chinas leading chipmakers least former tsmc engineers huaweis addition us entity list spurred beijing accelerate recruitment efforts raised concerns american firms taiwans ability protect us companies ip given addition design forms intellectual property companys tacit knowledge resides employees effectiveness chinas recruitment approach however still limited given number engineers needed run facility range well making unlikely china able obtain necessary people immediate medium term chinese education technical training systems also producing skilled workforce china needs scale production process decades china maintained strategy revitalizing china science education launched first semiconductor school big fund demonstrates chinese system highly effective shifting resources address critical shortages economy however given nature semiconductor industry requires decades research accumulated expertise create cuttingedge technology experts contend china able resolve human capital deficit within five years multidecade process assemble critical mass skilled workers ip underpin western companies competitiveness particularly upstream portion supply chain even china unlikely able replicate entire ecosystem companies intel samsung tsmc cultivated continue cultivate decades billions dollars investments even china successfully develops domestic fab capabilities chinese firms continue rely american european japanese south korean taiwanese firms chip technology materials moreover semiconductor ecosystem constantly evolving companies continue innovate increase efficiency production models become increasingly difficult china particularly lacks access industry leaders continually manage every part supply chain given depending chip type particular production node continuous management key suppliers ongoing process optimization required taiwan geopolitical flashpoint linchpin innovation race center growing uschina tech tensions struggle tech supremacy taiwan plays critical role manufacturing advanced logic chips used aircraft satellites drones wireless communications data centers automobiles technology us china well countries around world rely economic national security taiwans semiconductor industry highly concentrated dominated two manufactures tsmc united microelectronics company umc ranking third global semiconductor leadership tsmc worlds top pureplay foundry currently three companies worldintel samsung tsmcare capable manufacturing advanced semiconductors nanometers smaller tsmc raised rd spending percent billion stay competitive intel ranked first terms industrys total rd expenditures accounting percent billion industrys total samsung ranked second increased rd spending percent billion leadingedge logic processes compete tsmc rivals like umc samsung fall behind technologically chinabased smic struggles american restrictions intel considers outsourcing tsmc several inhouse slipups tsmcs pivotal role tech industry likely expand tsmc essential supply chain particularly clients apple nvidia amd qualcomm xilinx mediatek design bespoke technology capacity develop advanced chips high volumes according industry experts rivals like umc samsung fall behind technologically chinabased smic struggles american restrictions intel considers outsourcing tsmc several inhouse slipups tsmcs pivotal role tech industry likely expand however government officials business leaders increasingly concerned risks posed disproportionate growing reliance tsmc critical chips particularly given taiwans economic ties china increasing uschina tensions surrounding taiwan although taiwan trying reduce ties china increasing trade investment regional neighbors new southbound policy taiwan tsmc heavily dependent china us economic activity technological development china taiwans biggest trading partner representing percent total trade percent taiwans imports taiwan relies chinese market significant portion semiconductor sales manufacturing onethird purchases chinese importers semiconductors also used taiwanese firms china according taiwans ministry economic affairs moea percent taiwans information communication technology ict related products manufactured china chinas market demand increased tsmcs revenue percent billion effectively doubling chinas share companys sales percent percent overall taiwans exports semiconductors semiconductorenabled devices china grew nearly percent comparison us taiwans second largest trading partner accounting percent total trade percent taiwan imports taiwan also important trading partner us us th largest goods trading partner billion total twoway goods trade tsmc north america accounts percent total revenue critical ability reinvest rd global path semiconductor map demonstrates semiconductor supply chain relies handful american companies specific production steps particularly electronic design automation eda software smes eda software necessary design chips leading vendorssynopsys cadence mentor graphicswhich american often work closely foundries sme producers sme market similarly dominated american firms making global chip firms tsmc smic included reliant usbased firms semiconductor equipment software run fabs according taiwan machine tool accessory builders association taiwans semiconductor industry overwhelmingly dependent imported production equipment percent sme coming abroad deeply integrated us chinese supply chains tsmc owns percent chinese foundry market compared smics percent three wholly owned subsidiary fabs china us another fab planning built arizona graphic shows interdependence taiwan us china growth semiconductor market highlights trade measures imposed trump administration significantly affected uschina trade flows chinese exports us decreased percent time period deteriorating trade relations rising costs semiconductor rd adversely impact chip firms abilities reinvest revenue critical research necessary remain cutting edge semiconductor trade china taiwan us following graphic shows percentage change semiconductor trade flows imports exports china taiwan us countries interdependence export data import data total value semiconductor exports billions us dollars taiwan china b china taiwan b us china b us taiwan b china us b taiwan us b total value semiconductor imports billions us dollars china taiwan b taiwan china b china us b taiwan us b us china b us taiwan b sources world integrated trade solution wits un comtrade taiwan customs administration ministry finance years notes semiconductor goods defined hs codes diodes transistors similar semiconductors electronic integrated circuits based reporting via world integrated trade solutions wits database note significant discrepancies exist china us reporting uschina bilateral semiconductor trade graphic reflects usreported data imports exports china import export data related taiwan reported taiwan ministry finance wits database include taiwan reexports reimports fabrication materials silicon phosphorus nitrogen atp packaging materials ceramic packaging glues adhesives semiconductor manufacturing equipment included data tensions rise taiwan strait uschina relations steadily degrade mounting economic technological pressure taiwan become flashpoint potential commercial regional security instability risks disruption global semiconductor supply chains extension myriad technologybased manufacturing processes taiwans domestic economic security semiconductor industry accounts percent countrys gdp tsmc contributing percent time taiwanese industry shown enormous adaptability amid challenging regional dynamics shocks supply chain including unleashed covid according moea countrys export orders grew annual percent billion critical part governments six core strategic industries president tsai ingwen committed accelerating industrys development talent cultivation programs financial support taiwan launched asian silicon valley project administration allocated million billion new taiwan dollars support startup ecosystem partnering usbased firms gain firsthand knowledge american market collaboration american companies aggressive investment higher education tech transfers targeted rd funds electronics homegrown venture capital industry taiwans dependence sector particularly semiconductor industry critical overall economic development taiwanese federal government provided added million subsidies development domestic semiconductor industry according moea taiwans semiconductor sector estimated grow billion however overlaying political dynamics taiwans sovereignty continue complicate stability security chip supply chain china considers taiwan firmly one china policy never excluded potential use force assert position although us historically acknowledged affirmed chinese position one china taiwan part china trump administration leaving office sought strengthen ustaiwan relations overt diplomatic military relations us taiwan several highranking official visits dedication million upgrade unofficial embassy taipei provision enhanced military capabilities airtoground missiles used f fighter jets us also sold taiwan heightened tensions increasingly angered china response china warned fiercely send wrong signals taiwan independence order avoid severe damage chinaus relations recently sanctioned former officials including former secretary state mike pompeo antichina policies violating chinas sovereignty unmistakable threat taiwan china growing disinformation campaigns cyberattacks political influence operations chinese military flyovers crossing median line taiwan strait happened years countrys siliconbased semiconductor sector mitigated overt conflict us china given significant role taiwan plays supply chain referred silicon shield hedge potential aggression china tsmc chinas biggest contract supplier selling billion worth chips china tsmcs production capacity innovative chip manufacturing reputation protecting ip make taiwan general highly valuable us china private sector although taiwanese semiconductor industry tried maintain friendly ties sides governments dependency us defensive security combined intensifying tech war pulling taiwan closer us geopolitical nexus increasingly dominating outlook global technology commercial security supply chain uncertainty longer limited private sector control semiconductors becoming new strategic national security fulcrum st century trade restrictions hurting america taiwanese chinese companies alike trump administrations america first policy stance recognized chinas growing assertiveness international arena us indopacific strategy report specifically pointing cooperation allies likeminded partners taiwan areas advanced technology research infrastructure movement prevent chinas industrial policies unfair trading practices distorting global markets harming us competitiveness although administrations use export controls tariffs limitations industry hindered huawei chinas chip independence efforts restricting access critical players tsmc leading huawei announcing running low chips us sanctions measures harmed american firms well long run pinching supply chain weaken china hinder us firms ability innovate optimize operations could ultimately undermine us hightech industry underdiscussed tension growing within us washington dc tech firms respect sinoamerican relations rather security risk silicon valley largely recognizes value china competitive location manufacturing critical source revenue essential reinvestment rd despite increasingly antagonistic rhetoric calls economic decoupling us china remain highly interconnected dependent chinese market represents almost twofifths us semiconductor total revenue given us federal government provides relatively little support rd funding compared china american semiconductor industry highly reliant export revenue china generate funds needed maintain firms competitiveness drive innovation long run pinching supply chain weaken china hinder us firms ability innovate optimize operations could ultimately undermine us hightech industry impacts supply chain disruptions segmentation clear illustrated recent halts production plants across automobile smartphone industries chip shortages prevented companies fulfilling growing demand technology amid pandemic automotive industry particular harmed chip shortages industry analysts predicting effects could cripple automobile companies uncertainty around future supply chains market access incentivized countries invest competing us versus china production models localize production despite dependence us chinese markets taiwanese firms seeking secure supply chains amid uschina tech war protective measure december taiwans government industry groups announced postglobalization defense moves plans localize sme production reduce dependency american firms preemptively address potential supply chain disruptions critical manufacturing equipment increasingly restrictive us trade measures concerns unpredictable trade export policies companies around world sought partners new markets build semiconductor devices using nonus equipment reduce reliance us rd following huaweis addition us entity list huawei approached tsmc samsung build advanced process lines based nonus equipment produce chips us ban although samsung asserted would stop trading huawei september us vendors challenging us regulations expressing intent participate chinas g growth companies intel micron technologies avoiding labeling goods americanmade us restrictions also motivating smaller companies suffered losses uschina trade war work chinese companies target american firms taiwans umc pled guilty working chinesebased fujian jinhua jhicc hack computer memory chip stolen american firm micron technologies facilitate chinas selfsufficiency computer memory productiona strategic priority china umc seen major casualty uschina trade war company long cooperative chinese chipmakers particularly jhicc planned build fab using umc technology jhicc placed us entity list halt production companies suffered significant revenue losses us restrictions risk fueling distrust countries companies us allies asserting cannot sure americas longterm commitments international economic stability four years unilateral approaches china overall going forward constructive engagement among us friends partners allies well private sector necessary stabilize global supply chain ensure tech firms suffer undue costs inadvertently undermine us allies economic competitiveness china intensifying pressure taiwan tensions rise taiwan strait business leaders decisionmakers alike increasingly concerned disproportionate concentration chips reliance taiwan semiconductors security experts assert beijing willing take risks internationally larger coercive toolkit ever risking possibility military conflict breaking disrupting critical link supply chain military action invasion blockade taiwan strait may prevent corporations able transport goods taiwan experiences past years particularly respect us tightening restrictions chinese hightech exerting influence taiwans semiconductor firms drive beijing work mitigate damages chip efforts may push china exert nonmilitary punitive measures economic coercion cyberattacks semiconductor companies taiwan broadly china conflict taiwan strait remains risky especially assessments chinese maritime power finds although china steadily built naval capabilities past years taiwan primary inflection point lacks means accomplish successful invasion addition enhanced asymmetrical taiwanese defense capabilities us support taiwan chinas reliance taiwans manufacturing hub seasonal environmental variation strait affects maritime navigability makes geographically hazardous ships risks costs conflict high regional experts note appear urgency beijing reunification given conflict taiwan strait could potentially damage chinese interests notably xis goal economic rejuvenation xis rhetoric consistent previous rulers regarding taiwan appears recognize risk conflict taiwan strait could pose chinas economic technological growth china resort use force chips could potentially used part chinas justification war chips likely driving force conflict although china imposed significant economic sanctions restrictive measures taiwan date could take aggressive actions leaders perceive threat strategic interests recent actions canada arresting huawei executive meng wanzhou australia barring huawei zte g networks illustrative addition recent legislation chinas ministry commerce allows huawei sue tsmc chip ban foreign ministrys threats cut us critical material supplies including silicon gallium essential create semiconductors hightech products indicate china may willing exercise similar measures taiwan tsmcs decision abide american regulations access core ip risks undermining taiwan us competitiveness security would help china build advanced technology well identify potentially exploit hidden vulnerabilities critical computing hardware longer term although china continues leverage market technology equity restrictions administrative approvals granting foreign investors limited market access transfer advanced technologies china china may increase cyberespionage activities secure core ip advanced semiconductor designs unable access semiconductor equipment devices needs risk heightening concerns among industry players given chinas advanced cyber capabilities ranks second behind us sophistication ability achieve policy objectives cyber domain china indeed used cyber capabilities private corporations similar objectives hackers associated ministry state security running year ip theft campaign tech companies chinese hackers targeting entities including software development companies computer hardware manufacturers telecommunication providers governments confidential information recently august chinese statesponsored hacker group winnti otherwise known barium axiom chimera launched operation skeleton key steal much intellectual property possible including source code software development kits chip designs taiwanese semiconductor firms based hsinchu industrial park taiwans technology hub cybersecurity experts note chinas attack taiwan one example larger trend china using cyber tactics shift power relationship semiconductor supply chain access core ip risks undermining taiwan us competitiveness security would help china build advanced technology well identify potentially exploit hidden vulnerabilities critical computing hardware longer term bidens central challenge managing uschina relations fostering us security competitiveness although biden administration said intends cooperate china areas overlapping interest global health nuclear weapons proliferation climate change also signaled tensions us china semiconductors continue president biden interview hudson institute us secretary state antony blinken stated status quo china really sustainable particularly comes chinas commercial economic practices lack reciprocity relationships needs dealt withwe competition china theres nothing wrong competition fair biden also similarly criticized chinas economic behavior citing beijings unfair subsidies stateowned firms robbing us companies technology short run foreign policy experts assert administration likely exacerbate trade conflicts china given administrations goals bolster usmade goods subsidize domestic industries ban foreign companies government procurement moreover biden stated immediately reverse trade measures including restrictions semiconductors advanced technologies us consults allies unlike previous administration biden team prioritizing multilateral allyfocused approach initiatives aimed boost american economic competitiveness curb chinas rise rather use punitive measures administration could build security resiliency semiconductor supply chain industry large working taiwan along likeminded allies toward common objectives us taiwan seek reduce reliance chinese suppliers key components materials taiwanese government implemented rules ensure american companies properties interests safeguarded trade secrets act copyright act demonstrated governments indictment umcs actions jjhic micron technologies given taiwans essential role foundry segment supply chain taiwanese firms could work american companies reorient production models diversify supply chains terms physical manufacturing locations suppliers another core element administrations agenda reduce us dependence foreign manufacturers enhancing domestic manufacturing particular devoting billion research development efforts breakthrough technologies ai g electric vehicles billion buy american procurement fund incentivize manufacturers biden administration also promised within first days presidency initiate ongoing governmentwide process monitor supply chain vulnerabilities close identified gaps build resiliency supply chain withstand shocks like covid crack anticompetitive practices february president biden followed promise announcing plans sign executive order address semiconductor shortages evaluate current state supply chain initiatives critical maintaining us lead semiconductor industry broadly ensuring us continued access essential technology tsmcs new factory arizona significant step toward bringing manufacturing back us work must done companies looked move operations taiwan necessarily us costs build maintain fab given trump administrations antichina policies past four years china may push biden take definitive stance one china policy establish boundaries us unofficial relations taiwan biden administration likely less public american cooperation taiwan trump administration early signals biden team blinkens outward support closer ustaiwan economic relations indicate strong support stronger ustaiwan ties phone calls national security advisor jake sullivan president tsai white house national security councils statement committing rock solid support taiwan taiwans defacto ambassador us attending bidens inauguration first time indicate taiwan remain focal point bidens appointment katherine tai spent seven years litigating china behalf us world trade organization us trade representative demonstrates us resolve hold china accountable trade practices similarly us secretary commerce gina raimondo said senate confirmation hearing aggressive combating chinas unfair trade practices work allies address chinas ip theft state subsidies efforts block western companies chinese market looking ahead key opportunities biden administration beyond semiconductors represent essential building block digital goods services fundamental advanced manufacturing military applications proliferation iot devices increasing integration artificial intelligence drive quantum computing compound demand raise stakes industry economies increasingly depend uschinataiwan nexus demonstrates complex economic technological geopolitical dynamics node semiconductor supply chain highlights importance strategic economic technological conflict foreign policy going forward uschina trade war associated supply chain disruptions wakeup call industry forcing companies thoroughly evaluate map production supply chains shortages materials components finished goods reduced industrys shortterm growth many firms acknowledge unaware tiers suppliers rely uschina trade war associated supply chain disruptions wakeup call industry forcing companies thoroughly evaluate map production supply chains semiconductors play increasingly important role global economic security arena tension growing national security commercial interests creates potential conflict existing multinational frameworks wassenaar agreement wa first global arrangement export controls conventional weapons sensitive dualuse goods technologies including semiconductors related technologies attempts address supply chain issues increasing transparency cooperation among member states export controls agreement legally binding enforcement coming member countries wa notably include taiwan chinaalthough taiwan follow international standards set agreement independently multistakeholder forums include private sector economic prosperity partnership dialogue epp strategic economic dialogue focus ustaiwanese sinoamerican relations respectively opportunities comprehensive strategic cooperation supply chain telecommunication overall technology security although china unlikely achieve advanced independent semiconductor manufacturing near term increased collaboration among global actors industryprivate publicis necessary help ensure resilient supply chains beyond strengthening ip rules establishing fair standard trade practices attention must given current tax policies structures us disincentivize companies investing local manufacturing facilities streamlining permit process reduce time takes obtain permission build domestic fabs increasing transparency export control process specifically exceptions commerce rules currently public information consideration industry input congress relevant agencies could help ensure comprehensive approach taken address key supply chain risks companies face includes applying scope huaweirelated entity list prohibitions entity lists antiterrorismonly ear technology industry associations argue advance us tech leadership allowing nonus member contribute unpublished usorigin technology narrowly defining foundational technologies national security objectives clarify technologies fall within scope potential controls implementing metric assess impact export controls may industries adding entities department commerces bis could also help manage policy impacts biden administrations focus multilateralism enhancing us economic competitiveness curb chinas rise global arena opens opportunities crossregional crosssector collaboration world becomes interconnected emerging technology redefines society us need rely friends partners allies whose contributions semiconductor ecosystem stimulate innovation sustained global economic growth going forward
External ,https://tdhj.org/blog/post/geopolitics-technology-taiwan/,Positive,0.08050515660809773,"Abstract: Taiwan occupies a pivotal position in the realm of technological geopolitics due to its dominance in semiconductor manufacturing and strategic location in the Indo-Pacific region. As global powers increasingly depend on advanced technologies for economic and security imperatives, Taiwan has emerged as a critical player in the strategic calculus of nations like the United States, China, and their allies. While these powers emphasise the One-China Policy in their diplomatic engagements, their growing collaboration with Taiwan inadvertently intensifies China’s aggressive stance toward the island. This dynamic underscores Taiwan’s dual role as both a bridge and a flashpoint in global strategic competition.

Problem statement: How does Taiwan’s role in technological geopolitics influence the strategic competition among major powers?

So what? : Policymakers and global stakeholders must prioritise creating frameworks that address Taiwan’s security concerns, promote peaceful cooperation, and mitigate regional tensions.

A New Arena for Global Power Competition

In the 21st century, the geopolitics of technology has become pivotal in the global competition among major powers. As technological advances increasingly shape economic power, national security, and global influence, countries are not only vying for military supremacy but also dominance in the realm of cutting-edge technologies.[1] This competition is driven by the understanding that control over key technologies, such as artificial intelligence, 5G networks, cybersecurity, and quantum computing, can determine a nation’s strategic position on the global stage.[2]

As technological advances increasingly shape economic power, national security, and global influence, countries are not only vying for military supremacy but also dominance in the realm of cutting-edge technologies.

The United States (U.S.), the People’s Republic of China (PRC), and the European Union (EU), for example, are all investing heavily in emerging technologies to enhance their economic competitiveness and maintain national security. The PRC’s “Made in China 2025” initiative, aimed at transforming the country into a technological powerhouse, exemplifies its ambition to challenge Western dominance in key sectors.[3] Similarly, the U.S. views technological leadership as crucial for maintaining global influence and actively fosters innovation through public and private sector collaboration.

Competition is not just about technological prowess but also about shaping global standards and regulations. Major powers seek to influence the global governance of new technologies to create frameworks that reflect their values and priorities. The battle over the 5G network, with companies like Huawei at the centre, is a perfect example of how technology has become intertwined with national security and geopolitical rivalries. In essence, the geopolitical competition among major powers in the 21st century is increasingly defined by who controls and shapes the technologies of tomorrow. As technology continues to play an essential role in economic growth, military capabilities, and global influence, it will remain a central driver of global power struggles.[4]

Taiwan’s Strategic Semiconductor Role

Taiwan, home to the world’s most advanced semiconductor manufacturing capabilities, has emerged as a focal point in the technological and geopolitical competition among major powers. At the heart of this dynamic lies the Taiwan Semiconductor Manufacturing Company (TSMC), which produces over 90% of the world’s most advanced chips.[5] These semiconductors are indispensable for various critical technologies, from consumer electronics to artificial intelligence and military systems.

As the U.S., the PRC, and other major powers vie for technological supremacy, Taiwan’s strategic importance has grown exponentially. However, this increased attention has come with risks. While countries navigate their cooperation with Taiwan under the framework of the One-China Policy, their actions often escalate tensions with Beijing, which views Taiwan as an inseparable part of its territory.[6]

Taiwan as the Heart of the Semiconductor Industry

Taiwan’s geopolitical importance lies in its dominance in the semiconductor industry. Semiconductors are the lifeblood of the modern digital economy, enabling innovations in healthcare and defence. Taiwan’s TSMC leads the world in producing cutting-edge chips at 3 and 5nm levels, essential for advanced technologies like quantum computing and next-generation telecommunications.[7]

This technological dominance grants Taiwan a strategic advantage, transforming it into an irreplaceable hub in global supply chains. For the U.S., ensuring access to Taiwanese semiconductors is a national security priority.[8] The Chips and Science Act 2022 exemplifies U.S. efforts to bolster domestic chip manufacturing and reduce dependence on foreign suppliers like Taiwan.[9] However, such initiatives will take years to mature, leaving Taiwan as the critical supplier in the interim. Meanwhile, for the PRC, reducing reliance on Taiwan’s semiconductors is integral to its broader ambitions of achieving technological self-sufficiency.[10] Beijing’s efforts to develop indigenous chip-making capabilities highlight the importance of Taiwan’s role in the technological rivalry between the two superpowers.

For the U.S., ensuring access to Taiwanese semiconductors is a national security priority.

Strategic Cooperation Amid Geopolitical Tensions

Despite their commitments to the One-China Policy, countries like the U.S., Japan, and those in the EU have deepened their ties with Taiwan in the technological domain.[11] These collaborations range from investments in semiconductor research to agreements ensuring supply chain resilience. For instance, Japan’s growing partnership with Taiwan includes joint ventures in chip manufacturing and research, reflecting a shared concern over supply chain vulnerabilities.[12]

Similarly, the U.S. has ramped up its support for Taiwan through increased defence commitments and economic cooperation.[13] U.S. officials have frequently emphasised the importance of Taiwan’s security to global technological and economic stability. These moves, while strategic, have fueled Beijing’s suspicion that Washington’s true intentions extend beyond the peaceful management of cross-strait relations.

The U.S. has ramped up its support for Taiwan through increased defence commitments and economic cooperation.

Europe has also joined the fray, with nations like Germany and the Netherlands engaging Taiwan in semiconductor-related discussions.[14] The involvement of ASML, a Dutch company and the sole producer of extreme ultraviolet (EUV) lithography machines essential for advanced chip production, underscores Europe’s critical role in this ecosystem. These collaborations signal a collective recognition of Taiwan’s value while simultaneously challenging Beijing’s narratives of isolation for the island.

China’s Escalating Responses

Beijing views the growing engagement of global powers with Taiwan as a direct challenge to its sovereignty. Over the past decade, the PRC has intensified its military posturing and diplomatic pressure on Taipei. From large-scale military exercises near the Taiwan Strait to economic coercion aimed at punishing pro-independence sentiment, Beijing’s actions reflect its determination to deter Taiwan’s deepening ties with foreign partners.

The PRC’s focus on Taiwan extends to the technological domain, aiming to counter the island’s influence by accelerating domestic semiconductor production. Through initiatives like the “Made in China 2025” plan,[15] Beijing seeks to dominate strategic technologies, although significant hurdles remain. Taiwan’s continued leadership in semiconductor innovation, bolstered by international partnerships, only adds to the PRC’s frustration and heightens its resolve to assert control over the island.

The Balancing Act of the One China Policy

The One-China Policy remains the bedrock of diplomatic relations between the PRC and other nations.[16] Under this framework, countries acknowledge Beijing’s claim to Taiwan without explicitly endorsing it. However, the intensifying technological cooperation between Taiwan and global powers has tested the limits of this policy. For instance, high-profile visits by U.S. officials to Taipei and multilateral agreements involving Taiwan have drawn sharp criticism from Beijing.[17]

High-profile visits by U.S. officials to Taipei and multilateral agreements involving Taiwan have drawn sharp criticism from Beijing.

The PRC’s threat to Taiwan is just one aspect of Beijing’s broader strategy. The main goal is to transition from land to maritime power, using tactics like “punishing Taiwan for its independence” and “warning external forces.” This approach also demonstrates the PRC’s ability to control and blockade the Taiwan Strait.[18] Furthermore, Beijing’s aggressive stance serves as a diversion from rising domestic discontent due to the economic downturn in the PRC and the increasing tariffs imposed by Europe and the U.S.

This delicate balancing act carries significant risks. While global powers aim to leverage Taiwan’s technological strengths to enhance their own competitiveness, they also seek to avoid triggering war with the PRC. On the other, they aim to avoid actions that could provoke war with the PRC. The challenge lies in crafting strategies that preserve Taiwan’s autonomy and economic viability without crossing Beijing’s red lines.

Implications for Global Stability

The intersection of technological geopolitics and Taiwan’s strategic importance has far-reaching implications for regional and global stability. The stability of semiconductor supply chains is critical for global economic security. Any disruption to Taiwan’s chip production, whether caused by geopolitical tensions or natural disasters, could have catastrophic consequences for industries worldwide. Semiconductors are the backbone of modern technology, and their uninterrupted supply is essential to maintaining the functioning of everything from consumer electronics to defence systems.

At the same time, the increased military activity around Taiwan significantly heightens the risk of accidental conflict. The Taiwan Strait has become a focal point for geopolitical tensions, and a miscalculation in this volatile region could escalate into a broader confrontation involving the United States and its allies. Such an event would have devastating global repercussions, destabilising international relations and threatening economic stability.

Meanwhile, the global race to achieve technological self-sufficiency has introduced a new dimension of complexity to these challenges. Efforts to reduce dependency on single points of failure, such as Taiwan, have led to a fragmentation of global supply chains. While this diversification may mitigate some risks, it also intensifies competition and exacerbates tensions between rival blocs, adding further instability to an already fraught geopolitical landscape.

A Path Forward: Collaborative Solutions

A multi-pronged approach is essential to navigate the complexities of Taiwan’s role in technological geopolitics. Organisations like the Quad (comprising the U.S., Japan, India, and Australia) and AUKUS (Australia-UK-U.S. security pact) should prioritise initiatives aimed at enhancing supply chain resilience and supporting Taiwan’s technological ecosystem.[19] These efforts are crucial given Taiwan’s pivotal role in the global semiconductor industry and its significance in maintaining technological and economic stability. These alliances can foster innovation while promoting regional and global security by focusing on collaborative research, joint ventures, and talent exchange programmes. Collaborative research initiatives can drive advancements in cutting-edge technologies, enabling member nations to stay competitive in critical industries. Joint ventures between businesses across these nations can help pool resources, share risks, and create synergies to accelerate innovation. Talent exchange programmes can also play a vital role by providing skilled professionals exposure to different technological practices and developing expertise through cross-border collaboration. Such initiatives not only boost the technological capabilities of the participating countries by fostering innovation and collaboration but also strengthen the resilience of the supply chain. By diversifying sources of production and increasing cooperation among allied nations, these efforts reduce reliance on any single supplier or region, making the overall supply chain less vulnerable to geopolitical disruptions, natural disasters, or other external shocks.

Organisations like the Quad and AUKUS should prioritise initiatives aimed at enhancing supply chain resilience and supporting Taiwan’s technological ecosystem.

Supporting Taiwan’s technological ecosystem bolsters its leadership in semiconductor manufacturing, a sector vital to numerous global industries. However, the rationale for defending Taiwan cannot and should not rest solely on its semiconductor industry, as critical as it is. Reinforcing Taiwan’s dominance in this sector risks entrenching states in a geopolitical conflict with the PRC and perpetuating dependency on industries based abroad despite the potential to develop similar capabilities domestically. While fostering global economic stability and innovation are commendable goals, these objectives must be balanced against the strategic risks of over-reliance on Taiwan’s semiconductor industry. Taiwan represents far more than a business hub; it is a thriving democracy in the Indo-Pacific, a region crucial to global security and economic stability. Defending Taiwan should be framed as a commitment to broader principles, such as safeguarding democratic governance, ensuring regional stability, and preserving the rules-based international order. Collaborations like the Quad and AUKUS can play a pivotal role in these efforts by diversifying semiconductor supply chains, encouraging innovation across member nations, and creating a more resilient technological ecosystem. These initiatives would strengthen collective security and mitigate risks associated with over-dependence on a single geographical hub, ensuring long-term stability and prosperity.

While competition with Beijing is unavoidable, maintaining open communication channels is essential to prevent misunderstandings and manage tensions effectively.[20] Transparent dialogue fosters mutual understanding and reduces the risk of miscalculations that could escalate into conflict. Confidence-building measures, such as military-to-military dialogues, are particularly valuable. These engagements provide a platform for discussing concerns, clarifying intentions, and establishing protocols to avoid unintended incidents, especially in sensitive areas like the Taiwan Strait. While strategic competition remains a defining feature of US-PRC relations, confidence-building initiatives offer a pragmatic approach to managing tensions. They promote stability without compromising either side’s core interests, helping safeguard peace and security in the region. Open communication and constructive engagement are thus indispensable for navigating the complexities of the U.S.-PRC relationship in the 21st century.

While competition with Beijing is unavoidable, maintaining open communication channels is essential to prevent misunderstandings and manage tensions effectively.

Diversifying semiconductor manufacturing to other regions, such as the U.S. and Japan, is a pragmatic step. While this reduces reliance on Taiwan, it should complement efforts to support the island’s industry rather than replace efforts. International stakeholders must collaborate to safeguard Taiwan against coercive actions, not merely because of its semiconductor industry but to uphold critical principles of international stability and democratic governance. Protecting Taiwan is essential to maintaining peace in the Indo-Pacific, a region that underpins global trade and security. This involves enhancing defensive capabilities, intelligence sharing, and diplomatic support for Taiwan’s participation in global forums. Such measures send a clear signal that coercion or aggression will not be tolerated, preserving the rules-based international order and deterring actions that could destabilise the region.

A Critical Intersection

Taiwan stands at the intersection of technology and geopolitics, shaping the strategic competition among major powers. Its role as a technological powerhouse offers opportunities for innovation and collaboration but also carries significant risks of escalation. Managing this dynamic requires a delicate balance of supporting Taiwan’s autonomy, mitigating regional tensions, and fostering global stability. As global technological rivalry intensifies, Taiwan’s prominence will likely remain a central element of the geopolitical landscape. This is due to its critical role in semiconductor manufacturing, which underpins key industries and technologies that are pivotal to national security and economic stability worldwide

Tran My Hai Loc is a PhD Candidate at the Faculty of International Studies, University of Social Sciences and Humanities, VNU Hanoi. He is currently a Visiting Scholar at the College of International Affairs, Tamkang University, as part of the 2025 Ministry of Foreign Affairs Taiwan Fellowship. His research interests include defence cooperation, India, major power competition, and geopolitics. The views contained in this article are the author’s alone and do not reflect the positions of any affiliated institutions.

[1] Xiangning Wu, “Technology, power, and uncontrolled great power strategic competition between China and the United States,” China Int Strategy Rev. 2, 99–119 (2020).

[2] “Assessment of China’s Rise and Great Power Competition: A Review of Global Strategic Trends Out to 2055 Report,” Horizon International Strategic Studies Group, last modified October 09, 2024, https://behorizon.org/assessment-of-chinas-rise-and-great-power-competition-a-review-of-global-strategic-trends-out-to-2055-report/.

[3] “China Is Rapidly Becoming a Leading Innovator in Advanced Industries,” Information Technology & Innovation Foundation, last modified September 16, 2024, https://itif.org/publications/2024/09/16/china-is-rapidly-becoming-a-leading-innovator-in-advanced-industries/.

[4] “International: More Contested, Uncertain, And Conflict Prone,” Global Studies, Office of the Director of National Intelligence, https://www.dni.gov/index.php/gt2040-home/emerging-dynamics/international-dynamics.

[5] “How Taiwan secured semiconductor supremacy – and why it won’t give it up,” The Guardian, last modified July 19, 2014, https://www.theguardian.com/world/article/2024/jul/19/taiwan-semiconductor-industry-booming.

[6] “The Many “One Chinas”: Multiple Approaches to Taiwan and China,” Carnegie Endowment for International Peace, last modified January 09, 2023, https://carnegieendowment.org/research/2023/02/the-many-one-chinas-multiple-approaches-to-taiwan-and-china?lang=en.

[7] Chen-Yuan Tung, “Taiwan and the global semiconductor supply chain – Implementation and Implications of The U.S. CHIPS and Science Act,” Monthly Report, December 2024/January 2025, Taipei Representative Office in Singapore: 68.

[8] William A. Reinsch and Jack Whitney, “Silicon Island: Assessing Taiwan’s Importance to U.S. Economic Growth and Security,” CSIS Briefs, Center for Strategic and International Studies: 3,4.

[9] Jordan McGillis, “Despite Chinese Market Controls, Taiwan’s Semiconductor Supply Chain Remains Secure,” Global Taiwan Brief, Vol. 8 (23): 7.

[10] “Will China’s Reliance on Taiwanese Chips Prevent a War?,” Council on Foreign Relations, last modified July 06, 2023, https://www.cfr.org/blog/will-chinas-reliance-taiwanese-chips-prevent-war.

[11] Adam P. Liff, “Japan, Taiwan, the United States, and the “Free and Open Indo-Pacific,” 2020–21 Wilson China Fellowship, Wilson Center: 283.

[12] Chen-Yuan Tung, Ibid, 43.

[13] “Taiwan Defense Issues for Congress,” Congressional Research Service, last modified May 10, 2024, https://crsreports.congress.gov/product/pdf/R/R48044.

[14] “The Netherlands and South Korea: From Semiconductors to Universities,” The LeidenAsiaCentre, last modified June 2014, https://leidenasiacentre.nl/wp-content/uploads/2024/06/Van-der-Veere-SKNL.pdf.

[15]“China’s Tech Policies and Development Responding to Great-Power Competition,” Roundtable in Asia Policy 19.1, The National Bureau of Asian Research, last modified January 27, 2024, https://www.nbr.org/publication/chinas-tech-policies-and-development-responding-to-great-power-competition/.

[16] “What Is the U.S. “One China” Policy, and Why Does it Matter?,” Center for Strategic and International Studies, last modified January 13, 2017, https://www.csis.org/analysis/what-us-one-china-policy-and-why-does-it-matter.

[17] “Nancy Pelosi Arrives in Taiwan, Drawing a Sharp Response From Beijing,” The New York Times, last modified August 02, 2022, https://www.nytimes.com/2022/08/02/us/politics/nancy-pelosi-taiwan-beijing.html.

[18] “The Core Aim of China’s Threat to Taiwan is the Attempt to Move From a Land to Sea Power,” The Prospect Foundation, last modified May 06, 2024, https://www.pf.org.tw/tw/pfch/13-10741.html.

[19] Ming-Shih Shen & Shiau-Shyang Liou, “2021 Report on the Security Landscape of the Indo-Pacific Region,” Institute for National Defense and Security Research, Taipei, Taiwan, 100, R.O.C.

[20] Christopher S. Chivvis, “U.S.-China Relations for the 2030s: Toward a Realistic Scenario for Coexistence,” Carnegie Endowment for International Peace: 20.",abstract taiwan occupies pivotal position realm technological geopolitics due dominance semiconductor manufacturing strategic location indopacific region global powers increasingly depend advanced technologies economic security imperatives taiwan emerged critical player strategic calculus nations like united states china allies powers emphasise onechina policy diplomatic engagements growing collaboration taiwan inadvertently intensifies chinas aggressive stance toward island dynamic underscores taiwans dual role bridge flashpoint global strategic competition problem statement taiwans role technological geopolitics influence strategic competition among major powers policymakers global stakeholders must prioritise creating frameworks address taiwans security concerns promote peaceful cooperation mitigate regional tensions new arena global power competition st century geopolitics technology become pivotal global competition among major powers technological advances increasingly shape economic power national security global influence countries vying military supremacy also dominance realm cuttingedge technologies competition driven understanding control key technologies artificial intelligence g networks cybersecurity quantum computing determine nations strategic position global stage technological advances increasingly shape economic power national security global influence countries vying military supremacy also dominance realm cuttingedge technologies united states us peoples republic china prc european union eu example investing heavily emerging technologies enhance economic competitiveness maintain national security prcs made china initiative aimed transforming country technological powerhouse exemplifies ambition challenge western dominance key sectors similarly us views technological leadership crucial maintaining global influence actively fosters innovation public private sector collaboration competition technological prowess also shaping global standards regulations major powers seek influence global governance new technologies create frameworks reflect values priorities battle g network companies like huawei centre perfect example technology become intertwined national security geopolitical rivalries essence geopolitical competition among major powers st century increasingly defined controls shapes technologies tomorrow technology continues play essential role economic growth military capabilities global influence remain central driver global power struggles taiwans strategic semiconductor role taiwan home worlds advanced semiconductor manufacturing capabilities emerged focal point technological geopolitical competition among major powers heart dynamic lies taiwan semiconductor manufacturing company tsmc produces worlds advanced chips semiconductors indispensable various critical technologies consumer electronics artificial intelligence military systems us prc major powers vie technological supremacy taiwans strategic importance grown exponentially however increased attention come risks countries navigate cooperation taiwan framework onechina policy actions often escalate tensions beijing views taiwan inseparable part territory taiwan heart semiconductor industry taiwans geopolitical importance lies dominance semiconductor industry semiconductors lifeblood modern digital economy enabling innovations healthcare defence taiwans tsmc leads world producing cuttingedge chips nm levels essential advanced technologies like quantum computing nextgeneration telecommunications technological dominance grants taiwan strategic advantage transforming irreplaceable hub global supply chains us ensuring access taiwanese semiconductors national security priority chips science act exemplifies us efforts bolster domestic chip manufacturing reduce dependence foreign suppliers like taiwan however initiatives take years mature leaving taiwan critical supplier interim meanwhile prc reducing reliance taiwans semiconductors integral broader ambitions achieving technological selfsufficiency beijings efforts develop indigenous chipmaking capabilities highlight importance taiwans role technological rivalry two superpowers us ensuring access taiwanese semiconductors national security priority strategic cooperation amid geopolitical tensions despite commitments onechina policy countries like us japan eu deepened ties taiwan technological domain collaborations range investments semiconductor research agreements ensuring supply chain resilience instance japans growing partnership taiwan includes joint ventures chip manufacturing research reflecting shared concern supply chain vulnerabilities similarly us ramped support taiwan increased defence commitments economic cooperation us officials frequently emphasised importance taiwans security global technological economic stability moves strategic fueled beijings suspicion washingtons true intentions extend beyond peaceful management crossstrait relations us ramped support taiwan increased defence commitments economic cooperation europe also joined fray nations like germany netherlands engaging taiwan semiconductorrelated discussions involvement asml dutch company sole producer extreme ultraviolet euv lithography machines essential advanced chip production underscores europes critical role ecosystem collaborations signal collective recognition taiwans value simultaneously challenging beijings narratives isolation island chinas escalating responses beijing views growing engagement global powers taiwan direct challenge sovereignty past decade prc intensified military posturing diplomatic pressure taipei largescale military exercises near taiwan strait economic coercion aimed punishing proindependence sentiment beijings actions reflect determination deter taiwans deepening ties foreign partners prcs focus taiwan extends technological domain aiming counter islands influence accelerating domestic semiconductor production initiatives like made china plan beijing seeks dominate strategic technologies although significant hurdles remain taiwans continued leadership semiconductor innovation bolstered international partnerships adds prcs frustration heightens resolve assert control island balancing act one china policy onechina policy remains bedrock diplomatic relations prc nations framework countries acknowledge beijings claim taiwan without explicitly endorsing however intensifying technological cooperation taiwan global powers tested limits policy instance highprofile visits us officials taipei multilateral agreements involving taiwan drawn sharp criticism beijing highprofile visits us officials taipei multilateral agreements involving taiwan drawn sharp criticism beijing prcs threat taiwan one aspect beijings broader strategy main goal transition land maritime power using tactics like punishing taiwan independence warning external forces approach also demonstrates prcs ability control blockade taiwan strait furthermore beijings aggressive stance serves diversion rising domestic discontent due economic downturn prc increasing tariffs imposed europe us delicate balancing act carries significant risks global powers aim leverage taiwans technological strengths enhance competitiveness also seek avoid triggering war prc aim avoid actions could provoke war prc challenge lies crafting strategies preserve taiwans autonomy economic viability without crossing beijings red lines implications global stability intersection technological geopolitics taiwans strategic importance farreaching implications regional global stability stability semiconductor supply chains critical global economic security disruption taiwans chip production whether caused geopolitical tensions natural disasters could catastrophic consequences industries worldwide semiconductors backbone modern technology uninterrupted supply essential maintaining functioning everything consumer electronics defence systems time increased military activity around taiwan significantly heightens risk accidental conflict taiwan strait become focal point geopolitical tensions miscalculation volatile region could escalate broader confrontation involving united states allies event would devastating global repercussions destabilising international relations threatening economic stability meanwhile global race achieve technological selfsufficiency introduced new dimension complexity challenges efforts reduce dependency single points failure taiwan led fragmentation global supply chains diversification may mitigate risks also intensifies competition exacerbates tensions rival blocs adding instability already fraught geopolitical landscape path forward collaborative solutions multipronged approach essential navigate complexities taiwans role technological geopolitics organisations like quad comprising us japan india australia aukus australiaukus security pact prioritise initiatives aimed enhancing supply chain resilience supporting taiwans technological ecosystem efforts crucial given taiwans pivotal role global semiconductor industry significance maintaining technological economic stability alliances foster innovation promoting regional global security focusing collaborative research joint ventures talent exchange programmes collaborative research initiatives drive advancements cuttingedge technologies enabling member nations stay competitive critical industries joint ventures businesses across nations help pool resources share risks create synergies accelerate innovation talent exchange programmes also play vital role providing skilled professionals exposure different technological practices developing expertise crossborder collaboration initiatives boost technological capabilities participating countries fostering innovation collaboration also strengthen resilience supply chain diversifying sources production increasing cooperation among allied nations efforts reduce reliance single supplier region making overall supply chain less vulnerable geopolitical disruptions natural disasters external shocks organisations like quad aukus prioritise initiatives aimed enhancing supply chain resilience supporting taiwans technological ecosystem supporting taiwans technological ecosystem bolsters leadership semiconductor manufacturing sector vital numerous global industries however rationale defending taiwan cannot rest solely semiconductor industry critical reinforcing taiwans dominance sector risks entrenching states geopolitical conflict prc perpetuating dependency industries based abroad despite potential develop similar capabilities domestically fostering global economic stability innovation commendable goals objectives must balanced strategic risks overreliance taiwans semiconductor industry taiwan represents far business hub thriving democracy indopacific region crucial global security economic stability defending taiwan framed commitment broader principles safeguarding democratic governance ensuring regional stability preserving rulesbased international order collaborations like quad aukus play pivotal role efforts diversifying semiconductor supply chains encouraging innovation across member nations creating resilient technological ecosystem initiatives would strengthen collective security mitigate risks associated overdependence single geographical hub ensuring longterm stability prosperity competition beijing unavoidable maintaining open communication channels essential prevent misunderstandings manage tensions effectively transparent dialogue fosters mutual understanding reduces risk miscalculations could escalate conflict confidencebuilding measures militarytomilitary dialogues particularly valuable engagements provide platform discussing concerns clarifying intentions establishing protocols avoid unintended incidents especially sensitive areas like taiwan strait strategic competition remains defining feature usprc relations confidencebuilding initiatives offer pragmatic approach managing tensions promote stability without compromising either sides core interests helping safeguard peace security region open communication constructive engagement thus indispensable navigating complexities usprc relationship st century competition beijing unavoidable maintaining open communication channels essential prevent misunderstandings manage tensions effectively diversifying semiconductor manufacturing regions us japan pragmatic step reduces reliance taiwan complement efforts support islands industry rather replace efforts international stakeholders must collaborate safeguard taiwan coercive actions merely semiconductor industry uphold critical principles international stability democratic governance protecting taiwan essential maintaining peace indopacific region underpins global trade security involves enhancing defensive capabilities intelligence sharing diplomatic support taiwans participation global forums measures send clear signal coercion aggression tolerated preserving rulesbased international order deterring actions could destabilise region critical intersection taiwan stands intersection technology geopolitics shaping strategic competition among major powers role technological powerhouse offers opportunities innovation collaboration also carries significant risks escalation managing dynamic requires delicate balance supporting taiwans autonomy mitigating regional tensions fostering global stability global technological rivalry intensifies taiwans prominence likely remain central element geopolitical landscape due critical role semiconductor manufacturing underpins key industries technologies pivotal national security economic stability worldwide tran hai loc phd candidate faculty international studies university social sciences humanities vnu hanoi currently visiting scholar college international affairs tamkang university part ministry foreign affairs taiwan fellowship research interests include defence cooperation india major power competition geopolitics views contained article authors alone reflect positions affiliated institutions xiangning wu technology power uncontrolled great power strategic competition china united states china int strategy rev assessment chinas rise great power competition review global strategic trends report horizon international strategic studies group last modified october httpsbehorizonorgassessmentofchinasriseandgreatpowercompetitionareviewofglobalstrategictrendsouttoreport china rapidly becoming leading innovator advanced industries information technology innovation foundation last modified september httpsitiforgpublicationschinaisrapidlybecomingaleadinginnovatorinadvancedindustries international contested uncertain conflict prone global studies office director national intelligence httpswwwdnigovindexphpgthomeemergingdynamicsinternationaldynamics taiwan secured semiconductor supremacy wont give guardian last modified july httpswwwtheguardiancomworldarticlejultaiwansemiconductorindustrybooming many one chinas multiple approaches taiwan china carnegie endowment international peace last modified january httpscarnegieendowmentorgresearchthemanyonechinasmultipleapproachestotaiwanandchinalangen chenyuan tung taiwan global semiconductor supply chain implementation implications us chips science act monthly report december january taipei representative office singapore william reinsch jack whitney silicon island assessing taiwans importance us economic growth security csis briefs center strategic international studies jordan mcgillis despite chinese market controls taiwans semiconductor supply chain remains secure global taiwan brief vol chinas reliance taiwanese chips prevent war council foreign relations last modified july httpswwwcfrorgblogwillchinasreliancetaiwanesechipspreventwar adam p liff japan taiwan united states free open indopacific wilson china fellowship wilson center chenyuan tung ibid taiwan defense issues congress congressional research service last modified may httpscrsreportscongressgovproductpdfrr netherlands south korea semiconductors universities leidenasiacentre last modified june httpsleidenasiacentrenlwpcontentuploadsvanderveeresknlpdf chinas tech policies development responding greatpower competition roundtable asia policy national bureau asian research last modified january httpswwwnbrorgpublicationchinastechpoliciesanddevelopmentrespondingtogreatpowercompetition us one china policy matter center strategic international studies last modified january httpswwwcsisorganalysiswhatusonechinapolicyandwhydoesitmatter nancy pelosi arrives taiwan drawing sharp response beijing new york times last modified august httpswwwnytimescomuspoliticsnancypelositaiwanbeijinghtml core aim chinas threat taiwan attempt move land sea power prospect foundation last modified may httpswwwpforgtwtwpfchhtml mingshih shen shiaushyang liou report security landscape indopacific region institute national defense security research taipei taiwan roc christopher chivvis uschina relations toward realistic scenario coexistence carnegie endowment international peace
External ,https://globaltaiwan.org/2025/03/how-taiwans-chip-industry-navigates-us-industrial-policy-and-export-controls/,Positive,0.07238744588744588,"Introduction

Taiwan’s relationship with the United States, and its role in geopolitics more broadly, is inextricable from that of the semiconductor industry—and more specifically, Taiwan Semiconductor Manufacturing Company (TSMC, 台灣積體電路製造股份有限公司). The chip shortage of 2021 put TSMC and chips at the center of debates around supply chains and equipment shortages, and made Taiwan a mainstream headline topic. TSMC, in its singular role at the apex of global semiconductor production, accounts for more than 90 percent of the world’s advanced semiconductor manufacturing capacity. In 2022, the Biden Administration continued the Trump Administration’s use of export controls, and placed the Foreign Direct Product Rule (FDPR) at center stage of the ongoing US effort to limit China’s technological advancement—especially in semiconductor capabilities. Those 2022 rules were expanded in 2023, and have once again received two major updates as Biden’s term ended and Trump returned to the presidency.

Despite Taiwan’s importance to the semiconductor industry and its geopolitical situation vis-à-vis China, Taiwan’s role in semiconductor export control efficacy, and what those chips mean for Taiwan, are often overlooked. The multilateral trade agreements that the United States has with Japan and the Netherlands do not include Taiwan. Moreover, China’s retaliatory measures in response to export controls usually skip targeting Taiwanese firms. Yet the past, present, and future status of export controls could have major ramifications for Taiwan, US-Taiwan relations, and US geopolitical goals.

What Are Export Controls and What Have Been Their Effects in Taiwan So Far?

Legally, export controls limit Taiwan’s economic freedom by giving the United States more leverage over the types of economic activity in which Taiwanese firms can engage. Using FDPR, any finished product that uses a certain amount of US technology is subject to export control jurisdiction, regardless of the place where it was made. An expert once described the situation as US technology “contaminating” whatever it is placed in, giving the United States jurisdiction over huge swaths of international supply chains. [1]

Although TSMC does operate subsidiaries in China, the fabs in China are kept several generations behind TSMC’s most advanced designs, and the company has received permission from the United States to continue exports permanently, ensuring that those fabs can continue to operate. In other words, these fabs are not relevant or a threat to the export control regime or the broader geopolitical balance of power. As Taiwan is included within the first tier (inner-group, partner country designation in the United States’ latest export control regulations), it is unlikely for these fabs to expand or receive technological advancements that are substantial enough to impact the broader landscape—now that rules limit the amount of production possible outside of tier one nations, and TSMC’s subsidies from the CHIPS Act prevent the company from expanding manufacturing in China.

TSMC moved quickly to cut off Huawei and other entities blacklisted by the US government, but given that international demand so far outweighs supply, the company has avoided financial damage from following US demands. Its services are so in demand that it has raised prices and recorded all-time highs in net profit as well as market capitalization.

Beyond TSMC, most Taiwanese semiconductor firms either do not make products that meet export control thresholds, or else they have received permission to continue business as usual— meaning that Taiwanese exports to China have grown in the years following the initial export control restrictions. This may be partly explained by Chinese firms stockpiling technology in case it is one day restricted; but overall, the close alignment between the United States and Taiwan on this issue has not imposed major material financial costs on Taiwanese firms.

What Happened at the End of 2024 and Beginning of 2025 that Will Materially Impact this Dynamic?

Two major pieces of US legislation, one in December 2024 and another in January 2025, will have major ramifications on this industry moving forward. The former is the 2024 expansion of the export control rules—which, like those in 2022 and 2023, makes the “small yard, high fence (小院高牆)” approach first put forward by US National Security Advisor Jake Sullivan larger and taller. Amongst the many changes, the new laws expanded controls to include high-bandwidth memory (HBM) chips (not just processing units), and lowers the de minimis thresholds for the FDPR, thereby ensuring that much of the industry remains subject to US jurisdiction. Previously, US restrictions only targeted finished products that met FDPR thresholds (such as NVIDIA’s AI accelerators), but these new rules aim to cut Chinese firms off from the intermediary technology that many have stockpiled over the last three years.

The January 2025 rules, known as the “AI Diffusion Rule,” were immediately controversial upon announcement—but they have yet to go into effect. NVIDIA called the regulations a “regulatory morass,” and accused them of weakening US global competitiveness and its technological advantage. Moor Insights & Strategy Founder, CEO, and Chief Analyst Patrick Moorhead called them “unprecedented.”

The new laws categorize every country in the world into three groups, with only the first group—made up of 18 key allies and partners—facing no restrictions on their access to chips. The law seeks to close loopholes, such as Chinese companies’ using data centers operated by third party firms outside of China’s borders. Interestingly, these laws also apply to the software behind the AI models, known as “weights,” which until now have escaped scrutiny. Furthermore, the law allows for countries in the other tiers and firms from those countries to be afforded higher thresholds for imports, exports, and computational power, if those entities obtain “National Verified End User Status.” It is a bold attempt by the US government to re-position itself as the leader in the technological sphere of influence—by withholding access to what many consider the next technological breakthrough only for countries that abide by its rules.

The AP has cited government officials to describe the new law as part of efforts to maintain America’s “six to 18-month advantage” in the AI space—a far cry from the 4-5 years that many originally envisioned when the Biden Administration first expanded export control laws. While this number is disputed, in August 2024 media outlets speculated that China had closed the gap to just two to three years. The controversy over this became loud enough that Taiwan’s National Science and Technology Council (國家科學及技術委員會) Minister Wu Cheng-wen (吳誠文) had to provide an explanation to the Legislative Yuan about it.

US efforts to lessen dependence on Taiwanese semiconductor manufacturing, part of the justification behind legislation such as the CHIPS and Science Act and a key talking point regarding US industrial policy, has yet to fully bear fruit. TMSC’s new Arizona plant, while successfully onshoring manufacturing that was long-ago lost to Asia, does not fundamentally reorient the semiconductor industry’s supply chain or decrease American reliance on Taiwanese expertise. In the same vein as a warning from TSMC’s chairman that an invasion would render TSMC not operable due to the facility’s connection to the outside world, it is equally difficult to imagine a world in which TSMC’s US fabs can operate without inputs from the main facilities in Taiwan.

Taiwan recently lifted restrictions on TSMC’s ability to manufacture leading-edge chips outside of Taiwan: no longer requiring that such production stay 1-2 generations behind domestic manufacturing, which also aligns with the American government’s goal of onshoring more capacity. However, much of the company’s research and development (R&D) and its leadership, will remain in Taiwan, to say nothing of the fact that TSMC remains subject to Taiwanese laws. Furthermore, TSMC being allowed to expand its capacity to meet the needs of US high-technology industries enlarges the moat the company has built for itself, making it even less likely that a US competitor like Intel could ever hope to catch up. Despite the lifting of restrictions—and despite Taiwan’s current minister of the economy saying that “times have changed”—TSMC’s international investments will remain a political issue on the island moving forward. During the elections at the end of 2022, Kuomintang (KMT, 國民黨) politicians complained about the Democratic Progressive Party (DPP, 民主黨) “gifting” the company to the United States.

Intel, nominally TSMC’s competitor, just fired its engineering-focused CEO Pat Gelsinger, who had promised to invest heavily into R&D and to challenge TSMC by manufacturing chips on behalf of other firms. The board’s surprise decision to fire him has led to widespread reports that the price tag on these investments, and the long time-horizon before they bore fruit, were unbearable for investors. Not only that, rumors abound that Intel may spin-off its chipmaking business—perhaps to a consortium including TSMC—who would then be charged with managing their former rival’s manufacturing facilities. That alone would have been unthinkable a month ago, let alone two years ago when the CHIPS Act was first passed.

Two years ago, Intel was the number one beneficiary of future funding under the CHIPS Act, and the poster child for the US foray into industrial policy as practiced in East Asia. Now, the firm seems to be doing an about-face and foregoing the billions in subsidies in return for a higher margin business model—one that, while financially sound, undermines the American government’s broader objectives and makes TSMC stand out even more in the sector. While President Trump states that the government’s goal is to onshore manufacturing, lessen dependence on outside stakeholders, and reduce trade deficits, Taiwan and TSMC are not mere pawns that will go along with such an exercise blindly.

Looking to US allies outside of Taiwan, in the semiconductor industry there are three that take priority: the Netherlands (home to ASML), Japan (home to several firms that are vital intermediaries in the supply chain), and South Korea (home to Samsung, SK Hynix, and several other key intermediary firms). Industry lobbying in the United States has pointed to Korean firms as a weak link in the semiconductor export control regime, claiming that overly strict export laws would result in Korean companies benefiting from continuing trade with China while American firms lose revenue. Furthermore, HBM chips, vital for AI breakthroughs, are only made in three companies in the world—Samsung, SK Hynix, and US-based Micron—meaning that South Korea is a vital lynchpin for the industry moving forward. Samsung’s failures in the increasingly crucial HBM space are widely publicized, and if the firm fails to catch up in this sector, it potentially concentrates another key aspect of the semiconductor supply chain in one source, outside US borders. Despite South Korea’s inclusion in the first tier of the “AI Diffusion Rule,” future Korean governments may be more amenable to China, and much less willing to go along with US export controls if they result in domestic firms falling behind Chinese competitors.

The lack of domestic alternatives to TSMC and other firms in allied countries means that while export controls do give the United States greater legal leverage over Taiwanese firms, they give those same firms and the Taiwanese government greater access to US technology, raise political support for pro-Taiwan policies in the United States, and ideally prevent Chinese competitors from overtaking them.

What Are the Things to Watch Out for in the Rest of the Year and Beyond?

Given uncertainties around the world, it is difficult to predict the future. For example, as manufacturing and inbound investment shifts away from China to other countries like India, ASEAN, or Mexico, that could lead to trading backlash towards them as well. A country like Vietnam, which has benefited from increased investment as companies move away from China, is now particularly susceptible to US tariff action, for example. Furthermore, given the current rhetoric from the Trump Administration, it would be incorrect to assume that Taiwan’s sole value is as the production hub of a valuable trade good. While semiconductors are important, the “silicon shield” is neither why Taiwan remains independent nor why China wishes to invade. It is also incredibly easy to project forward and assume that the current political climate has fixed global alignment in place. It was only a decade ago that Ma Ying-jeou (馬英九) and Xi Jinping (習近平) held their landmark meeting in Singapore as part of a push for Taiwan to more closely integrate with China. A repeat of that episode now seems impossible, but there is no guarantee that the status quo will remain as such in the long-term.

However, there are certain markers of progress or backsliding worth monitoring in the short term to see whether US policies are overly burdensome, and whether Taiwan is “winning” from its closer alignment with the United States. Within the semiconductor industry, Chinese targeting of firms like TSMC, UMC, or others in the sector would be a major indication of a changing dynamic. Furthermore, lower reported revenues, difficulties making further breakthroughs, or drastic drops in Taiwanese firms’ market share in China would all suggest that government policies have started to weigh down the sector. Hypothetically, if in the future, TSMC reported less than favorable growth, this would be a cause for concern— and would suggest to TSMC that growing its manufacturing and customer base in the United States at the expense of opportunities outside the US technological sphere no longer makes business sense.

If Chinese companies continue to catch up—or to leapfrog their way to relative competition with the likes of TSMC, NVIDIA, Oracle, Google, or any of the other major western tech firms—it would be difficult to maintain industry or political support for seemingly ineffective policies that cede significant amounts of global influence and market share to unrestricted competitors. The growing importance of firms like TSMC, NVIDIA, ASML, and more is also a weakness. Export controls’ ability to meet their goals rests on technological supremacy remaining within the US-led world order, which cannot be guaranteed moving forward.

The DeepSeek episode, which saw NVIDIA lose USD $600 billion in market value in one day, demonstrates that while these firms may be “too big to fail,” putting all of the proverbial eggs in one basket can backfire dramatically. Furthermore, Trump’s threat of placing tariffs on all Taiwanese semiconductors indicates that the bipartisan support Taiwan has enjoyed until now may not be a permanent condition.

The importance of Taiwan to the semiconductor industry, and in turn, the importance of the semiconductor industry to US geopolitical goals and technological development, places it at the center of Taiwan-US relations and policy. As such, it is possible to see semiconductor policy on both sides of the Pacific as a proxy for how US-Taiwan relations are developing, and how confident each side is in the other maintaining its commitments. From Taiwan’s perspective, the trade-off between US security guarantees versus economic growth from greater integration with China is a major question each presidential administration must grapple with. The regional military balance of power, US arms sales to the island, and increasingly official recognition of Taiwan’s sovereignty are all key signals of that balancing act.

The main point: Recent US export controls give the United States increasing leverage over Taiwan’s businesses, especially TSMC. Taiwan is ceding limited control of its most prized corporate jewel—betting that it can remain at the front of its field relative to competitors from China, South Korea, or the United States—in the hope that the United States will deepen its commitment to assisting the island in the face of increasing aggression from China. However, given the unpredictability of another Trump term, it is not clear whether that will happen. Moving forward, it will be important to keep an eye on several indicators— technological, political, economic, and security—in order to determine the cost and benefits of US-Taiwan engagement.

[1] Tamada, Dai, and Philippe Achilleas, eds. Theory and Practice of Export Control: Balancing International Security and International Economic Relations. Springer Briefs in Economics. Singapore: Springer, 2017, 59. https://doi.org/10.1007/978-981-10-5960-5.",introduction taiwans relationship united states role geopolitics broadly inextricable semiconductor industryand specifically taiwan semiconductor manufacturing company tsmc chip shortage put tsmc chips center debates around supply chains equipment shortages made taiwan mainstream headline topic tsmc singular role apex global semiconductor production accounts percent worlds advanced semiconductor manufacturing capacity biden administration continued trump administrations use export controls placed foreign direct product rule fdpr center stage ongoing us effort limit chinas technological advancementespecially semiconductor capabilities rules expanded received two major updates bidens term ended trump returned presidency despite taiwans importance semiconductor industry geopolitical situation visvis china taiwans role semiconductor export control efficacy chips mean taiwan often overlooked multilateral trade agreements united states japan netherlands include taiwan moreover chinas retaliatory measures response export controls usually skip targeting taiwanese firms yet past present future status export controls could major ramifications taiwan ustaiwan relations us geopolitical goals export controls effects taiwan far legally export controls limit taiwans economic freedom giving united states leverage types economic activity taiwanese firms engage using fdpr finished product uses certain amount us technology subject export control jurisdiction regardless place made expert described situation us technology contaminating whatever placed giving united states jurisdiction huge swaths international supply chains although tsmc operate subsidiaries china fabs china kept several generations behind tsmcs advanced designs company received permission united states continue exports permanently ensuring fabs continue operate words fabs relevant threat export control regime broader geopolitical balance power taiwan included within first tier innergroup partner country designation united states latest export control regulations unlikely fabs expand receive technological advancements substantial enough impact broader landscapenow rules limit amount production possible outside tier one nations tsmcs subsidies chips act prevent company expanding manufacturing china tsmc moved quickly cut huawei entities blacklisted us government given international demand far outweighs supply company avoided financial damage following us demands services demand raised prices recorded alltime highs net profit well market capitalization beyond tsmc taiwanese semiconductor firms either make products meet export control thresholds else received permission continue business usual meaning taiwanese exports china grown years following initial export control restrictions may partly explained chinese firms stockpiling technology case one day restricted overall close alignment united states taiwan issue imposed major material financial costs taiwanese firms happened end beginning materially impact dynamic two major pieces us legislation one december another january major ramifications industry moving forward former expansion export control ruleswhich like makes small yard high fence approach first put forward us national security advisor jake sullivan larger taller amongst many changes new laws expanded controls include highbandwidth memory hbm chips processing units lowers de minimis thresholds fdpr thereby ensuring much industry remains subject us jurisdiction previously us restrictions targeted finished products met fdpr thresholds nvidias ai accelerators new rules aim cut chinese firms intermediary technology many stockpiled last three years january rules known ai diffusion rule immediately controversial upon announcementbut yet go effect nvidia called regulations regulatory morass accused weakening us global competitiveness technological advantage moor insights strategy founder ceo chief analyst patrick moorhead called unprecedented new laws categorize every country world three groups first groupmade key allies partnersfacing restrictions access chips law seeks close loopholes chinese companies using data centers operated third party firms outside chinas borders interestingly laws also apply software behind ai models known weights escaped scrutiny furthermore law allows countries tiers firms countries afforded higher thresholds imports exports computational power entities obtain national verified end user status bold attempt us government reposition leader technological sphere influenceby withholding access many consider next technological breakthrough countries abide rules ap cited government officials describe new law part efforts maintain americas six month advantage ai spacea far cry years many originally envisioned biden administration first expanded export control laws number disputed august media outlets speculated china closed gap two three years controversy became loud enough taiwans national science technology council minister wu chengwen provide explanation legislative yuan us efforts lessen dependence taiwanese semiconductor manufacturing part justification behind legislation chips science act key talking point regarding us industrial policy yet fully bear fruit tmscs new arizona plant successfully onshoring manufacturing longago lost asia fundamentally reorient semiconductor industrys supply chain decrease american reliance taiwanese expertise vein warning tsmcs chairman invasion would render tsmc operable due facilitys connection outside world equally difficult imagine world tsmcs us fabs operate without inputs main facilities taiwan taiwan recently lifted restrictions tsmcs ability manufacture leadingedge chips outside taiwan longer requiring production stay generations behind domestic manufacturing also aligns american governments goal onshoring capacity however much companys research development rd leadership remain taiwan say nothing fact tsmc remains subject taiwanese laws furthermore tsmc allowed expand capacity meet needs us hightechnology industries enlarges moat company built making even less likely us competitor like intel could ever hope catch despite lifting restrictionsand despite taiwans current minister economy saying times changedtsmcs international investments remain political issue island moving forward elections end kuomintang kmt politicians complained democratic progressive party dpp gifting company united states intel nominally tsmcs competitor fired engineeringfocused ceo pat gelsinger promised invest heavily rd challenge tsmc manufacturing chips behalf firms boards surprise decision fire led widespread reports price tag investments long timehorizon bore fruit unbearable investors rumors abound intel may spinoff chipmaking businessperhaps consortium including tsmcwho would charged managing former rivals manufacturing facilities alone would unthinkable month ago let alone two years ago chips act first passed two years ago intel number one beneficiary future funding chips act poster child us foray industrial policy practiced east asia firm seems aboutface foregoing billions subsidies return higher margin business modelone financially sound undermines american governments broader objectives makes tsmc stand even sector president trump states governments goal onshore manufacturing lessen dependence outside stakeholders reduce trade deficits taiwan tsmc mere pawns go along exercise blindly looking us allies outside taiwan semiconductor industry three take priority netherlands home asml japan home several firms vital intermediaries supply chain south korea home samsung sk hynix several key intermediary firms industry lobbying united states pointed korean firms weak link semiconductor export control regime claiming overly strict export laws would result korean companies benefiting continuing trade china american firms lose revenue furthermore hbm chips vital ai breakthroughs made three companies worldsamsung sk hynix usbased micronmeaning south korea vital lynchpin industry moving forward samsungs failures increasingly crucial hbm space widely publicized firm fails catch sector potentially concentrates another key aspect semiconductor supply chain one source outside us borders despite south koreas inclusion first tier ai diffusion rule future korean governments may amenable china much less willing go along us export controls result domestic firms falling behind chinese competitors lack domestic alternatives tsmc firms allied countries means export controls give united states greater legal leverage taiwanese firms give firms taiwanese government greater access us technology raise political support protaiwan policies united states ideally prevent chinese competitors overtaking things watch rest year beyond given uncertainties around world difficult predict future example manufacturing inbound investment shifts away china countries like india asean mexico could lead trading backlash towards well country like vietnam benefited increased investment companies move away china particularly susceptible us tariff action example furthermore given current rhetoric trump administration would incorrect assume taiwans sole value production hub valuable trade good semiconductors important silicon shield neither taiwan remains independent china wishes invade also incredibly easy project forward assume current political climate fixed global alignment place decade ago yingjeou xi jinping held landmark meeting singapore part push taiwan closely integrate china repeat episode seems impossible guarantee status quo remain longterm however certain markers progress backsliding worth monitoring short term see whether us policies overly burdensome whether taiwan winning closer alignment united states within semiconductor industry chinese targeting firms like tsmc umc others sector would major indication changing dynamic furthermore lower reported revenues difficulties making breakthroughs drastic drops taiwanese firms market share china would suggest government policies started weigh sector hypothetically future tsmc reported less favorable growth would cause concern would suggest tsmc growing manufacturing customer base united states expense opportunities outside us technological sphere longer makes business sense chinese companies continue catch upor leapfrog way relative competition likes tsmc nvidia oracle google major western tech firmsit would difficult maintain industry political support seemingly ineffective policies cede significant amounts global influence market share unrestricted competitors growing importance firms like tsmc nvidia asml also weakness export controls ability meet goals rests technological supremacy remaining within usled world order cannot guaranteed moving forward deepseek episode saw nvidia lose usd billion market value one day demonstrates firms may big fail putting proverbial eggs one basket backfire dramatically furthermore trumps threat placing tariffs taiwanese semiconductors indicates bipartisan support taiwan enjoyed may permanent condition importance taiwan semiconductor industry turn importance semiconductor industry us geopolitical goals technological development places center taiwanus relations policy possible see semiconductor policy sides pacific proxy ustaiwan relations developing confident side maintaining commitments taiwans perspective tradeoff us security guarantees versus economic growth greater integration china major question presidential administration must grapple regional military balance power us arms sales island increasingly official recognition taiwans sovereignty key signals balancing act main point recent us export controls give united states increasing leverage taiwans businesses especially tsmc taiwan ceding limited control prized corporate jewelbetting remain front field relative competitors china south korea united statesin hope united states deepen commitment assisting island face increasing aggression china however given unpredictability another trump term clear whether happen moving forward important keep eye several indicators technological political economic securityin order determine cost benefits ustaiwan engagement tamada dai philippe achilleas eds theory practice export control balancing international security international economic relations springer briefs economics singapore springer httpsdoiorg
External ,https://www.citigroup.com/global/insights/the-u-s-china-chip-war-who-dares-to-win,Positive,0.07603458049886619,"The semiconductor industry is the driving force behind such technological innovations as artificial intelligence, electric vehicles, and factory automation, playing a crucial role in nations’ economic prosperity and national security. Despite accounting for 25% of total semiconductor demand, the U.S.’s total semiconductor manufacturing capacity is just 12%, down from 37% in the 1990s. That has sparked concerns about a threat to national security given China’s efforts to gain a significant foothold in this vital industry.

Source: Citi Research, TechInsights, SIA, and Gartner

A key focus of the report is the CHIPS and Science Act, which became U.S. law in 2022. Its aim is to boost domestic chip production, with $52.7 billion earmarked for allocation over five years to develop domestic manufacturing, as well as R&D and workforce programs.

As part of the CHIPS Act, semiconductor companies will get 25% investment tax credits for investing in semiconductor manufacturing or specialized tooling equipment. But as the report notes, the CHIPS Act faces challenges in turning its goals into realities. In March, the Commerce Department introduced conditions for companies seeking $150 million or more in funding, including stock buyback limitations, profit sharing, and a preference for union labor. The report warns such conditions could make returning leading-edge semiconductor manufacturing to the U.S. extremely difficult, with companies working to stay below the $150 million threshold.

The former chair and CEO of the Taiwan Semiconductor Manufacturing Company (TSMC), a behemoth that produces 90% of the world’s most advanced processor chips, estimates that it would cost up to 50% more to make leading-edge chips in the U.S. than in Taiwan due to labor costs and different worker norms.

And most semiconductor companies don’t need extra funding, as the industry is one of the world’s most profitable. That leads the authors to conclude that only less-profitable chip companies may prove more willing to participate in the CHIPS Act in its current form, limiting its industry impact.

Semiconductor companies that choose to manufacture chips in-house are known as Integrated Device Manufacturers (IDMs), with the plants that make such chips called fabs. Another model for the industry is to go “fabless,” outsourcing the manufacturing process to a foundry. And some companies have chosen a hybrid model.

The Semiconductor Industry Association estimates that the 10-year cost of a state-of-the-art fab ranges between $10 billion and $40 billion, up from less than $1 billion in 1997. Only four IDMs—Samsung, Intel, Hynix, and Micron—have the scale necessary to support construction of leading-edge fabs. Other semiconductor companies, including Nvidia, AMD, Qualcomm, and Marvel, have outsourced some or all of their manufacturing to TSMC.

Source: Citi Research, TechInsights, SIA, and Gartner

TSMC is the clear leader among the five major foundry companies, with a 58% share of the global market. In 2021, Intel announced it would refocus on the foundry business with an eye on overtaking Samsung as the second-largest foundry by 2025. But the authors point to several obstacles that got in the way of Intel’s ambitions—including rigid design rules and talent churn, and the fact that the foundry business model is totally different than that governing Intel’s CPU business.

Meanwhile, TSMC is rushing to establish fabs outside Taiwan as a hedge against supply chain disruptions that might arise from the region’s geopolitical tensions. The authors think this move will help TSMC hold onto most of the foundry business, although they note it has been having trouble establishing a leading-edge foundry in the United States. Samsung’s foundry business, on the other hand, is expected to benefit from the CHIPS Act given its 27 years of foundry experience in the United States.

The CHIPS Act isn’t the only tactic deployed in the U.S.–China chips rivalry. The U.S. and its allies are also using sanctions on China. These date to 2017 and U.S. action against ZTE; in October the U.S. Commerce Department’s Bureau of Industry and Security further tightened export controls on advanced semiconductor production equipment and high-performance computing chips. Such restrictions have limited China’s ability to acquire and make advanced chips, with an emphasis on items or technologies used for supercomputing and AI training. The export restrictions also apply to non-U.S. vendors and exporters, which has led Japan and the Netherlands to limit their semiconductor-making technologies. The authors note their belief that China’s advanced semiconductor fabs are still capable of producing chips in limited volumes, which will likely lead to further sanctions.

The European Union has created its own take on the CHIPS Act with the European Chips Act (ECA). As with the U.S., only about 10% of global chip manufacturing is situated in Europe; the EU aims to double that to 20% by 2030. European and international chip makers have already committed to R&D and fab expansion plans in Europe in hopes of accessing funding from the ECA and other sources. Because the ECA lacks the restrictions that come with the CHIPS Act, chip manufacturers seem to have few if any reservations about accessing this funding.

Japan has pursued its own drive to establish semiconductor production facilities, with 2022’s Economic Security Promotion Act outlining a framework for combined public and private financing of ¥10 trillion over 10 years. Japan accounts for 12% of global semiconductor consumption, but its share of production capacity is extremely low. Semiconductor industry activity is booming in Japan, a development that has been fueled by expectations for growing demand for Japanese-made chips as sourcing diversifies out of Taiwan. Japan has been encouraging foreign companies and foreign capital to play an active role, with examples of entities pursuing investment and collaboration including TSMC subsidiaries, Taiwan-based PSMC, and U.S.-based Micron.

A redacted public version of the report, first published on 30 November 2023 and including a Q&A with semiconductors expert Chris Miller and a graphical overview of the semiconductor industry, is available here.

Citi Global Insights (CGI) is Citi’s premier non-independent thought leadership curation. It is not investment research; however, it may contain thematic content previously expressed in an Independent Research report. For the full CGI disclosure, click here.",semiconductor industry driving force behind technological innovations artificial intelligence electric vehicles factory automation playing crucial role nations economic prosperity national security despite accounting total semiconductor demand uss total semiconductor manufacturing capacity sparked concerns threat national security given chinas efforts gain significant foothold vital industry source citi research techinsights sia gartner key focus report chips science act became us law aim boost domestic chip production billion earmarked allocation five years develop domestic manufacturing well rd workforce programs part chips act semiconductor companies get investment tax credits investing semiconductor manufacturing specialized tooling equipment report notes chips act faces challenges turning goals realities march commerce department introduced conditions companies seeking million funding including stock buyback limitations profit sharing preference union labor report warns conditions could make returning leadingedge semiconductor manufacturing us extremely difficult companies working stay million threshold former chair ceo taiwan semiconductor manufacturing company tsmc behemoth produces worlds advanced processor chips estimates would cost make leadingedge chips us taiwan due labor costs different worker norms semiconductor companies dont need extra funding industry one worlds profitable leads authors conclude lessprofitable chip companies may prove willing participate chips act current form limiting industry impact semiconductor companies choose manufacture chips inhouse known integrated device manufacturers idms plants make chips called fabs another model industry go fabless outsourcing manufacturing process foundry companies chosen hybrid model semiconductor industry association estimates year cost stateoftheart fab ranges billion billion less billion four idmssamsung intel hynix micronhave scale necessary support construction leadingedge fabs semiconductor companies including nvidia amd qualcomm marvel outsourced manufacturing tsmc source citi research techinsights sia gartner tsmc clear leader among five major foundry companies share global market intel announced would refocus foundry business eye overtaking samsung secondlargest foundry authors point several obstacles got way intels ambitionsincluding rigid design rules talent churn fact foundry business model totally different governing intels cpu business meanwhile tsmc rushing establish fabs outside taiwan hedge supply chain disruptions might arise regions geopolitical tensions authors think move help tsmc hold onto foundry business although note trouble establishing leadingedge foundry united states samsungs foundry business hand expected benefit chips act given years foundry experience united states chips act isnt tactic deployed uschina chips rivalry us allies also using sanctions china date us action zte october us commerce departments bureau industry security tightened export controls advanced semiconductor production equipment highperformance computing chips restrictions limited chinas ability acquire make advanced chips emphasis items technologies used supercomputing ai training export restrictions also apply nonus vendors exporters led japan netherlands limit semiconductormaking technologies authors note belief chinas advanced semiconductor fabs still capable producing chips limited volumes likely lead sanctions european union created take chips act european chips act eca us global chip manufacturing situated europe eu aims double european international chip makers already committed rd fab expansion plans europe hopes accessing funding eca sources eca lacks restrictions come chips act chip manufacturers seem reservations accessing funding japan pursued drive establish semiconductor production facilities economic security promotion act outlining framework combined public private financing trillion years japan accounts global semiconductor consumption share production capacity extremely low semiconductor industry activity booming japan development fueled expectations growing demand japanesemade chips sourcing diversifies taiwan japan encouraging foreign companies foreign capital play active role examples entities pursuing investment collaboration including tsmc subsidiaries taiwanbased psmc usbased micron redacted public version report first published november including qa semiconductors expert chris miller graphical overview semiconductor industry available citi global insights cgi citis premier nonindependent thought leadership curation investment research however may contain thematic content previously expressed independent research report full cgi disclosure click
External ,https://www.zurich.com/commercial-insurance/sustainability-and-insights/commercial-insurance-risk-insights/what-lies-ahead-for-the-geopolitics-of-semiconductors,Error,,,
External ,https://mexicobusiness.news/cloudanddata/news/mexico-aims-lead-global-semiconductor-production-2025,Positive,0.06135198135198135,"Mexico aims to position itself as a key player in the semiconductor industry by 2025, according to Alejandro Franco, Founder and CEO of QSM Semiconductors. Achieving this ambition will require private-public collaboration with key institutions, investment in specialized talent, and advancements in technology to boost local chip production and strengthen the country's technology ecosystem.

Foxconn, a multinational electronics manufacturer, announced earlier this month that it is beginning the construction of its largest production facility in Mexico for Nvidia's GB200 chips, which are essential for Artificial Intelligence (AI). This move reinforces Mexico's strategic position in the semiconductor manufacturing, not only in the region but globally, as demand continues to grow exponentially amidst the AI boom.

Similarly, QSM Semiconductor invested US$12 million in 2024 to build a plant in Mexico, which is expected to begin operating in 2025 and generate around 160 jobs. This plant aims to produce chips for commonly used devices like televisions, washing machines and cars, eliminating the need to outsource production. This contrasts with QSM’s current system of designing its chips in Mexico and sending them to Asia for manufacturing, which incurs additional costs and limits local production growth potential.

While these announcements are positive indicators of Mexico’s semiconductor industry potential, Franco, emphasized that the consolidation of the industry requires much more than institutional agreements. In addressing this need for consolidation, the executive highlighted the role of the National Metrology Center (CENAM) in ensuring that semiconductors produced in Mexico meet international quality standards and improve both the design and manufacturing processes.

According to Franco, the exchange of advanced metrology practices, processes, and prototype designs will be critical for sustaining the development of the semiconductor industry, he told Expansion. Collaboration between private companies and governments, adhering to the highest international standards, will be essential for ensuring compliance and fostering innovation.

In response to the recent developments by Foxconn and QSM, Carlos Slim emphasized Mexico’s significant nearshoring potential, particularly in the production of semiconductors. According to Slim, ongoing geopolitical conflicts between the United States and China could create a vacuum in domestic chip production, positioning Mexico as a strategic point to supply both regional and international markets.

According to Franco, three key factors give Mexico a strategic advantage in this sector: its geographic location, a competitive workforce, and its network of strong international trade agreements. Together, these elements position Mexico as a strategic hub to develop a robust supply chain, from chip design to production and global distribution.

However, for Mexico to effectively scale its semiconductor industry, Franco underscored the need to train specialized talent in areas such as design, manufacturing, and metrology. In addition, access to venture capital, advanced technology and strategic advice will be critical to developing the industry’s capabilities.",mexico aims position key player semiconductor industry according alejandro franco founder ceo qsm semiconductors achieving ambition require privatepublic collaboration key institutions investment specialized talent advancements technology boost local chip production strengthen countrys technology ecosystem foxconn multinational electronics manufacturer announced earlier month beginning construction largest production facility mexico nvidias gb chips essential artificial intelligence ai move reinforces mexicos strategic position semiconductor manufacturing region globally demand continues grow exponentially amidst ai boom similarly qsm semiconductor invested us million build plant mexico expected begin operating generate around jobs plant aims produce chips commonly used devices like televisions washing machines cars eliminating need outsource production contrasts qsms current system designing chips mexico sending asia manufacturing incurs additional costs limits local production growth potential announcements positive indicators mexicos semiconductor industry potential franco emphasized consolidation industry requires much institutional agreements addressing need consolidation executive highlighted role national metrology center cenam ensuring semiconductors produced mexico meet international quality standards improve design manufacturing processes according franco exchange advanced metrology practices processes prototype designs critical sustaining development semiconductor industry told expansion collaboration private companies governments adhering highest international standards essential ensuring compliance fostering innovation response recent developments foxconn qsm carlos slim emphasized mexicos significant nearshoring potential particularly production semiconductors according slim ongoing geopolitical conflicts united states china could create vacuum domestic chip production positioning mexico strategic point supply regional international markets according franco three key factors give mexico strategic advantage sector geographic location competitive workforce network strong international trade agreements together elements position mexico strategic hub develop robust supply chain chip design production global distribution however mexico effectively scale semiconductor industry franco underscored need train specialized talent areas design manufacturing metrology addition access venture capital advanced technology strategic advice critical developing industrys capabilities
External ,https://www.chinatalk.media/p/how-taiwan-sees-the-chip-war,Positive,0.19348471218935992,"Lin Hung-wen 林宏文 is Taiwan’s top tech journalist, with decades of experience covering semiconductors, biotechnology, and Taiwanese industrial policy.

His book, The Radiance of the Chip Island: TSMC, Semiconductors, the Chip War, and My 30 Years of Journalism, explores the geopolitics of semiconductors from a uniquely Taiwanese perspective.

We ran an interview in Chinese with Lin on the feed last week (Apple Podcasts, Spotify). An English translation of Lin’s book will be published in early 2025. What follows is a translated transcript of our conversation.

We discuss:

The underexplored story of Taiwan’s industrial policy, from subsistence agriculture and child labor to the rise of TSMC,

The role of the Taiwanese government in facilitating semiconductor development,

TSMC’s management model, including the balance between R&D and manufacturing departments, and talent cultivation strategies,

How TSMC battled international competitors like Samsung and Intel for dominance of the semiconductor industry,

The impact of the AI era on Taiwan’s international relationships,

TSMC’s role in global geopolitics, and the origin of the term “Silicon Shield,”

The differences between Taiwanese and American views of international relations, what these differences mean for Taiwan’s foreign policy.

Hosting today is Arrian Ebrahimi of the Chip Capitols Substack, with cohosting support from ChinaTalk editors Lily Ottinger and Nicholas Welch.

Taiwan’s Industrial Policy History

Arrian Ebrahimi: Mr. Lin, welcome to ChinaTalk. To start, can you explain the main thesis of your book?

Lin Hung-wen: I wrote this book with the main purpose of addressing what I saw as a gap in the existing literature. In 2022, when I started writing, I had read several books related to chips, such as Chris Miller’s Chip War and Yasu Ota’s The Geopolitics of Semiconductors. While these books were well-written and explored the semiconductor industry from different angles, I felt they lacked a perspective from the actual happenings in the semiconductor industry, especially in Taiwan.

Over the past 30 to 40 years, the global semiconductor industry has undergone a dramatic transformation. We’ve seen a paradigm shift from vertical integration to vertical specialization, from IDM (Integrated Device Manufacturer) to fabless and foundry models.

Taiwan seized a significant opportunity in this trend of vertical specialization. Companies like TSMC and UMC rapidly developed in the wafer foundry business. Additionally, Taiwan has numerous IC design houses and has also captured opportunities in packaging and testing markets.

Taiwan has seized the biggest opportunities in the professional specialization roles that emerged from the disaggregation of IDMs. I felt that Taiwan’s experience was crucial — yet other books didn’t mention Taiwan’s development.

How did Taiwan rise? Why can TSMC fabricate over 90% of the world’s advanced processors? Why do Taiwanese packaging houses account for nearly 60% of the global market share?

It seems every country has a version of the CHIPS Act. But subsidizing semiconductors without understanding how Taiwan succeeded is dangerous.

All these countries investing might labor in vain and fail in manufacturing.

Nicholas Welch: Let’s take a step back from current events and discuss TSMC’s history.

I’d like to ask how much of Taiwan’s semiconductor strategy can be attributed to fortunate/lucky economic planning after World War II. For example, consider the influence of Yin Chung-jung 尹仲容, who had a background in industrial engineering. In the 1950s, he established a model where key economic planning was led by industrial engineers rather than professional economists. This laid a good foundation for the Taiwan government to fully support TSMC in the 1980s and justify this approach on national security grounds. However, when Yin Chung-jung was in charge of Taiwan’s economy, semiconductors hadn’t even been invented yet.

Did Taiwan’s industrial policy planners foresee that Taiwan would one day dominate high-tech industries?

Lin Hung-wen: I don’t believe that Yin Chung-jung ever imagined that Taiwan would build the world’s most important foundry business. I’m certain they never considered such a possibility.

When they were promoting industrial development back then, Taiwan was in a very different situation. In the 1950s, after World War II and the relocation of the Nationalist government to Taiwan, the island had virtually no industry. There were only some light industries like textiles.

In fact, Taiwan’s economy in the 1950s was mainly based on home workshops producing items like Christmas lights or umbrellas for the US market.

Santa’s little helper: Before Hsinchu 新竹 made chips, the city’s primary industry was glass manufacturing. From the 1960s to the 1980s, households were encouraged to string Christmas lights as a family for export in a campaign called “The Living Room is the Factory” 客廳即工廠. By the 1970s, Taiwan produced 90% of the world’s Christmas lights. Source .

Taiwan had very weak economic strength, with no heavy industry or electronics industry to speak of. At that time, they likely didn’t understand how important integrated circuits would become. I believe the government officials of that era didn’t have a deep understanding of semiconductors. However, they were willing to trust some experts who had returned to Taiwan. They allowed these people to help, including Morris Chang 張忠謀.

Another important factor was that Taiwan’s technology came from RCA through licensing. RCA was an American semiconductor company that was preparing to exit the industry. Taiwan asked for RCA’s help. Later, Taiwan sent people to learn from RCA. We called them “knowledge-seeking ambassadors” — about 40 to 50 people who brought back RCA’s technology.

Following this, the establishment of Hsinchu Science Park and the Industrial Technology Research Institute (ITRI) were crucial steps. Looking back now, it might seem like they were incredibly farsighted and had grand visions. But in reality, it was just a step-by-step process of improvement.

A meeting between ITRI and RCA employees, ~1976. Source .

Now, suddenly, because of the US-China tech war or because of COVID, everyone has realized that TSMC is making all the world’s semiconductors.

Before that, who really cared about TSMC? Globally, I was probably the most dedicated person following TSMC. Not many people paid attention to it because it didn’t have its own products — it was just a foundry.

Lily Ottinger: We’ve been discussing the step-by-step development process, but I’d like to talk about Taiwan’s history and industrial policy strategies in more detail.

After the Nationalists arrived in Taiwan, the government implemented the “Land to the Tiller” 耕者有其田 redistribution program. That facilitated huge gains in agricultural productivity and economic growth, which enabled subsequent generations to go to school and pursue careers outside of subsistence agriculture.

But between land redistribution and the modern day, what specific policies were most crucial for enabling TSMC’s success in manufacturing? In the step-by-step process you mentioned, which steps do you consider most important?

Beneficiaries of land redistribution enjoy a meal after tending the fields with American missionary Barry L. Schuttler , Hualien, ~1960. Source .

Lin Hung-wen: For TSMC, I think the most important factors were talent, capital, and technology. Regarding talent, as I mentioned earlier, many people brought back technology from RCA training. Taiwan’s education system, especially in science and engineering, is quite strong and practical. People are very diligent and willing to work overtime. These are characteristics of Taiwanese engineers.

When Morris Chang came to Taiwan, he discovered these qualities and believed Taiwan could succeed in contract manufacturing. However, he didn’t think Taiwan would be successful in IC design, which is why he focused only on wafer foundry.

As for technology, we already had the RCA technology transfer. Another crucial factor was the development of the PC industry. Many talented individuals in Taiwan were involved in PC development. Taiwan became a significant producer of PCs, including desktops and laptops, with many companies also producing in mainland China. This created opportunities, as PCs required semiconductors. The PC industry became a crucial carrier for Taiwan’s semiconductor industry, providing an outlet for many chips used in PCs.

Regarding capital, Taiwan’s private sector resources have always been quite strong. There was a period when a lot of Taiwanese investment went to mainland China, so capital and talent flowed there. However, in recent years, capital has been flowing back to Taiwan, so funding has generally been abundant.

Arrian Ebrahimi: I have a question about the role of the government. You’ve previously discussed the different roles of the Legislative Yuan (the law-making branch of the Taiwanese government) and institutions like Academia Sinica. Can you explain the significance of these institutions to overseas readers?

Lin Hung-wen: The Taiwanese government did quite a lot in terms of industrial infrastructure. The Legislative Yuan’s crucial contribution was creating the Industrial Technology Research Institute (ITRI). The technology licensing from RCA was all done through ITRI. ITRI is a government-led research institution, but it’s not like many advanced research institutions in the US — Taiwan’s ITRI focuses more on commercializing technology.

ITRI was also involved in PC and communications technology, which were important areas, but semiconductors were perhaps their most significant contribution. The people we sent to RCA to learn came back and initially worked at ITRI. They started with 3-inch and 4-inch wafers (now we’re at 12-inch). A key point is that they established a commercial production line at ITRI. This wasn’t just in a lab — it was capable of mass production.

ITRI played an important role in Taiwan’s ability to seize opportunities in the global semiconductor vertical division of labor. We know that companies like UMC and TSMC all spun off from ITRI. So the predecessors of these companies, their teams, and their talent — ITRI played a crucial role in all of this.

Taiwan’s first IBM-compatible indigenously manufactured PC, photographed by ITRI ~1983. Source

Many countries around the world are now looking to learn from ITRI about how they did this back then. ITRI was a very important starting point. The science park that came later was another crucial element. The science park housed companies like UMC and TSMC — essentially providing a single window for the government, allowing businesses to achieve scale and accelerate production.

Government regulations also favored these companies in terms of exports.

Arrian Ebrahimi: You used the word “predecessor” very aptly, and I asked this question to emphasize that the Taiwanese government has been supporting its industry all along.

I remember Morris Chang complaining in an interview with Chris Miller that Chip War overemphasized the role of the Taiwanese government, saying they didn’t help him that much. But when you look at the talent and basic technology contributions from Academia Sinica and especially ITRI, the Taiwanese government’s support was really substantial.

Now, let’s start talking about some topics internal to TSMC, especially the different roles of their R&D department and engineering. Which aspect of the company do TSMC’s leaders value more — technological development or operational perspective? To ask a more specific question, would TSMC CEO C.C. Wei 魏哲家 be more excited about the R&D department’s contribution to the next generation of nanometer process invention, or about a 1% efficiency improvement announced by various factories? Which news would the president of TSMC be more eager to hear?

Lin Hung-wen: In my opinion, both are extremely important, but their importance varies at different times. In the early days, when TSMC’s technology wasn’t leading, they focused more on catching up technologically. When TSMC was founded, its technology lagged behind the world’s most advanced by about three to four generations. Now, of course, it far surpasses others.

TSMC’s technology leadership is crucial and ongoing. Today, we see TSMC as very powerful because its technology far exceeds that of its competitors. But you need to understand that TSMC’s technology was once behind. It wasn’t until around 2000 or 2001, at the 0.13 micron (130 nm) node, that they successfully developed their technology and started to show signs of leadership. Even then, they weren’t fully ahead.

It wasn’t until 2009, when Morris Chang returned as CEO, that they aggressively invested in 28nm technology and slowly surpassed others. Now, at 7nm, 5nm, and 3nm, they are leading. So from start to finish, technological leadership has always been extremely important.

However, the efficiency improvement you mentioned is something TSMC has always paid close attention to. In addition to technological leadership, operational excellence is crucial in wafer foundry. Good yield, short cycle time, and low cost all directly affect profitability. TSMC places great emphasis on efficiency improvements. They work on this every day, and all their engineers work overtime for this purpose.

So both aspects you mentioned are very important. Mr. C.C Wei now needs to focus on both. Technology must continue to lead for TSMC to maintain its high profitability and create high value for customers. Without technological leadership, it wouldn’t work because others are always catching up.

However, there’s another aspect that’s even more important than these two: customer-service satisfaction. From beginning to end, TSMC has always prioritized serving customers and maintaining high satisfaction. It’s not just about leading in technology or improving efficiency.

For example, if you look at TSMC’s competitors like Intel and Samsung: Intel had leading technology early on, but the problem is that Intel has its own products. Samsung also has its own products. When you have leading technology, do you use it for customers or for yourself? Honestly, this creates a conflict. In Samsung’s case, when they have leading technology, they might use it for their own products first and not give it to customers because they want their own products to be good.

So technological leadership isn’t actually the most crucial thing for a company like TSMC. The most important thing for TSMC is customer service and satisfaction. If customer service is good, then technological leadership and efficiency improvements are all for the benefit of customers.

TSMC has over 30 important customers, and these customers often change their product plans. Sometimes they urgently need something and ask TSMC to quickly adjust production to deliver goods earlier. So TSMC has to change its factory production process from top to bottom. Therefore, efficiency improvements are ultimately about serving customers.

I know Mr. C.C. Wei now arrives at the company at 4:30 a.m. every morning. Why? To serve customers. He can call and talk with European and American customers at that time to understand their needs. Serving customers is the key to TSMC’s success.

Arrian Ebrahimi: Mr. Lin, you’re mainly saying that R&D and efficient factories have made different contributions at different historical moments. At some points, one aspect may have played a more important role, while at other times, both were equally important.

But may I ask, why are most of TSMC’s leaders trained in factory management rather than coming from the R&D department?

This relates to another question: since management and R&D play different roles — and the importance and strategic value of these two departments vary at different times — why did Morris Chang want his successors to take turns leading different departments? It seems that most of them initially came from engineering, but later Chang decided to let them experience every department. Can you explain a bit about this internal management approach?

Lin Hung-wen: Yes — you’re referring to when he had Mark Liu 劉德音, C.C. Wei, and Chiang Shang-yi 蔣尚義 rotate through R&D, business, and wafer-fab management. I think this was basically Morris Chang’s way of ensuring that a CEO would be very familiar with all three departments. So he had them rotate through different positions to gain different experiences.

It was also a way for Morris to test them. Being a CEO isn’t just about ability — it’s also about how one handles different challenges. How do they react when faced with tests? Do they panic or handle situations calmly? I think this was all part of the testing process.

He used this method to let each of them hone their experience and mature their ability to handle situations and face challenges. So I think it’s natural to have successors experience different departments. This is an important process.

Arrian Ebrahimi: Although Morris Chang is retired, it feels like his shadow is still there, right? I’ve heard that some people still call him “Grandpa.” Does this role actually exist, or is it just something people discuss?

Lin Hung-wen: I think calling him “Grandpa Chang” is quite natural because he’s in his 90s now, so he could be everyone’s grandpa. I believe he’s still a spiritual leader. Although he’s no longer working in an official capacity, I believe he still has a lot of influence. I’m sure he still provides guidance to younger generations, though he probably doesn’t initiate it. But I imagine many people still seek his advice.

For instance, I think C.C. Wei might consult him if there are important matters. So I believe his influence is still there. Even now, I know that many US congressmen, senators, and state governors who visit Taiwan always hope to meet with him and hear his opinions. I think this is quite natural.

Arrian Ebrahimi: That’s a kind of filial piety, which is good.

From left to right: Mark Liu, Morris Chang, and C.C. Wei. Source .

Formidable Competition and TSMC’s AI Future

Arrian Ebrahimi: Let’s discuss TSMC’s battle with Samsung more specifically. Your book highlights this quote from TSMC founder Morris Chang: “Samsung is a formidable but not admirable competitor” 三星可畏，但不是可敬的對手.

What did Morris Chang mean by this?

Lin Hung-wen: Morris Chang said this in a very specific context. A reporter was asking him a question about TSMC’s competition with Samsung, and before the reporter could finish, Morris interrupted and said, “I didn’t say they were admirable, I said they were formidable.” He emphasized the word “formidable” several times in English.

Morris has never explained why Samsung is not admirable — he wasn’t emphasizing that part. But he did stress that they are formidable. In Morris Chang’s words, Samsung is like a 700-lb gorilla. Intel used to be a gorilla too, but they’re struggling now.

The key point is that Samsung became number one in many fields they’ve entered — whether it’s memory, phones, or TVs and displays in the past.

As for their competitive methods ... well, I understand this because I wrote a book about Samsung in 2012, describing them as a “financial crocodile.” I wrote that book because, at that time, Samsung was beating many Taiwanese industries badly. Taiwan’s position was miserable (辛苦), Taiwan’s flat-panel display industry was suffering, as were many other industries — all beaten by Samsung.

I understand why Morris Chang calls Samsung formidable. He’s never criticized Samsung, but he once shared an experience. Very early on, when he returned to Taiwan and was still at ITRI, before founding TSMC, he was invited by Lee Kun-hee, the previous chairman of Samsung (the father of Lee Jae-yong), to visit Korea. He went with Stan Shih 施振榮, the founder of Acer, and some others from ITRI. Lee Kun-hee showed them Samsung’s DRAM investments and essentially said, “Don’t invest yourselves — just come work for me.”

Morris, of course, didn’t give an answer. He felt he could do better by returning to Taiwan, and he wanted to start his own company, not work for Samsung. When he talks about this incident with Samsung and Lee Kun-hee, I think he’s clear that he believed he had the ability and ambition to build a company that could compete with Samsung.

Everyone knows that before returning to Taiwan, Morris was already the general manager of the semiconductor business at Texas Instruments. He was a very important leader in that company. So I think he had high expectations for himself. Of course, when he first founded TSMC, it was tough, but his goal was to build a very important company with great influence. This is my understanding of his comments about Samsung.

Morris Chang talking to a production line supervisor at Texas Instruments. Source : Fareed Zakaria for CNN.

Arrian Ebrahimi: You recently published an article titled, “The AI ​​Era Drives Reorganization of the Semiconductor Landscape! TSMC chose to cooperate with SK Hynix, causing Samsung to lose everything.”

Could you please explain how AI chips are affecting the memory industry and Samsung’s leading role? What impact have they already had?

Lin Hung-wen: Thank you for this question. It’s a very good topic, especially as SEMICON is currently being held in Taiwan.

The impact of AI is very dramatic. Everyone sees NVIDIA taking off because of the AI era, with its stock price soaring, but there are many stories behind this.

This year’s Taiwan semiconductor conference is very interesting. Samsung and SK Hynix have sent their most important people to Taiwan. In the past, Samsung and Hynix would send some people to attend Taiwan’s semiconductor exhibition, but never their top executives. This time, they all came. Why? Well, here’s some other interesting information: in the first half of 2024, Korea’s semiconductor exports to Taiwan increased by more than double.

What does this mean? The AI server chips, as we know, have NVIDIA as the most important customer, and TSMC helps with the manufacturing. Because these AI chips need to be power-efficient, high-performance, and well-packaged, they now package logic ICs (SoC) and HBM together. That’s why Korea’s memory exports to Taiwan have grown so much — NVIDIA needs these AI server products, and they need to package GPUs and HBM together. We call this CoWoS (Chip on Wafer on Substrate) technology.

In the past, system memory and logic chips were separate and could be shipped separately. But now, because TSMC controls the most advanced process technologies and NVIDIA places all its orders with TSMC, the HBM memory must be packaged together.

This has produced a very significant effect. Yesterday, I heard executives from Samsung and Hynix speak. One Hynix executive said he had already been to Taiwan more than a dozen times this year. They need to constantly discuss with TSMC how to package HBM together through CoWoS packaging. There are many areas where they need to collaborate.

As for Samsung, because TSMC and Samsung are competitors in wafer foundry, TSMC tends to support Hynix and Micron, the other two memory manufacturers. Samsung, of course, tends to be excluded. This can’t be helped — it’s the reality of competition.

Taiwan’s Startup Ecosystem and TSMC for Biotech

Lily Ottinger: Mr. Lin also writes articles covering biotechnology. The Taiwanese government has launched a state-owned biotechnology company called TBMC, which sounds like the biotechnology version of TSMC.

I’d like to ask, what are the differences between foundry manufacturing for integrated circuits and foundry manufacturing for biotechnology? What technical challenges might TBMC face?

Lin Hung-wen: Thank you for reading my articles so carefully. You’re right, I did write about TBMC and TSMC. When TBMC was being funded, they explicitly stated they wanted to emulate TSMC’s model, including partnering with the American Resilience Group. Resilience holds a 27.5% stake, which is the same percentage that Philips held in TSMC initially. They hope to create a successful model for biotechnology manufacturing in Taiwan, similar to what TSMC did for semiconductors.

However, I believe there are significant differences between these two industries. Biotech production processes are less complex, with about 30 steps, while semiconductor manufacturing involves around 1,500 steps. This difference in production complexity results in different entry barriers. Biotech manufacturing is relatively easier to enter, while high-end semiconductor manufacturing, especially for advanced processes, is much more difficult, leading to fewer competitors.

The investment amounts also differ greatly. A 12-inch semiconductor fab now requires at least US$10 billion in investment, which is over NT$300 billion. Many biological factories, on the other hand, only require NT$1 to 3 billion in investment. This hundredfold difference in investment further highlights the higher entry barrier for semiconductors.

Lastly, the products and cost structures of these industries are very different. For example, the production cost of Viagra accounts for only 0.7% of its price. If you reduce manufacturing costs by half, it only decreases the overall cost by 0.35%, which has a minimal impact. In contrast, semiconductor costs account for a much larger portion of the final product price. When TSMC uses the best technology to produce NVIDIA’s GPUs, the cost reduction is substantial.

IC functionality is also very powerful and continuously improves while prices decrease due to Moore’s Law. A single smartphone chip now uses 16 billion transistors, which is more than twice the world’s population. Pharmaceuticals, however, tend to become more expensive over time because they save lives, and the demand for healthcare is inelastic.

These fundamental differences between the two industries mean that TBMC faces many challenges, and its future success is uncertain.

Arrian Ebrahimi: Thank you, Mr. Lin. You mentioned the entry barriers, which leads me to my next topic — TSMC’s support for Taiwan’s startup ecosystem.

As someone who grew up in the western United States, I’ve seen my high school classmates jump from company to company, gaining industry knowledge until they create their own startups, which may fail, leading them to join large companies before trying again.

How would you compare Taiwan’s and America’s startup cultures, especially regarding job-hopping?

Lin Hung-wen: Taiwan’s situation is more similar to Silicon Valley. Job-hopping is very common in Taiwan because our industrial structure is dominated by small- and medium-sized enterprises (SMEs). Taiwan has 1.5 million SMEs, of which 1.4 million have fewer than 5 employees. This is quite different from Japan and Korea, where large conglomerates dominate and people often work for one company their entire lives.

The key difference is that Taiwan has a strong entrepreneurial spirit. In SMEs, people often have ownership stakes, making them more willing to work hard because they’re working for themselves. This entrepreneurial spirit is similar to Silicon Valley.

However, the form of entrepreneurship in Taiwan differs from Silicon Valley. Taiwan specializes in professional manufacturing within the global supply chain. Many Taiwanese companies do contract manufacturing for large American companies like Google, Amazon, and Facebook. Taiwan has seized opportunities in industrial specialization.

For 30 years, the most common news in Taiwan’s tech industry has been about “concept stocks” related to companies like Apple, Tesla, HP, and Dell. We focus on which Taiwanese companies are doing contract manufacturing or supplying components for these global brands. This structure of specialization continues today with companies like NVIDIA.

Arrian Ebrahimi: Mr. Lin, you’ve mentioned that Taiwan’s small companies are often supporting American big companies. Is it true that Taiwan’s startups are mostly in the chip industry, revolving around TSMC? Is their only goal to provide inputs and technology that TSMC needs?

Lin Hung-wen: That’s not entirely accurate. Taiwan doesn’t just have semiconductor companies. We have a significant PC industry with companies like Foxconn, Quanta, Compal, and others. We also have companies in various related fields, such as Largan Precision, which makes lenses for iPhone cameras, and many companies in networking and communications.

Taiwan also has a large industrial computer sector. While it’s true that many companies support TSMC, providing equipment, materials, and components that TSMC doesn’t develop in-house, this is just one part of Taiwan’s diverse tech ecosystem.

For example, with the rise of AI servers, heat dissipation has become crucial. Many Taiwanese companies are developing solutions for this challenge. So, Taiwan’s startups cover a wide range of technologies and industries, not just semiconductors.

International Isolation: The Chip on Taiwan’s Shoulder

Arrian Ebrahimi: I’d like to ask a potentially sensitive question: which is more important, TSMC or the Taiwanese government?

Lin Hung-wen: That’s a profound question that kept me up last night. It touches on a crucial point for Taiwanese people. Before 2018, when the US-China conflict intensified, the world didn’t pay much attention to Taiwan. Many Western observers were focused on China’s rapid growth over the past 30 years.

Both the Taiwanese government and TSMC are extremely important. The Taiwanese government represents our democratic system, chosen by the people’s votes. It embodies the direction we’ve chosen for ourselves after years of struggle.

TSMC is also crucial. It’s unprecedented for a Taiwanese company to reach such technological heights and play such a vital role in global chip production. For a small island of 23 million people to produce a company that influences the entire world and ranks among the top 10 globally by market value is a great source of pride for Taiwan.

Arrian Ebrahimi: This year, TSMC has accepted invitations from many countries to expand production abroad. It seems that the United States, Germany, and Japan are all grateful for TSMC’s cooperation. How should Taiwan seize this opportunity to enhance its international status?

Lin Hung-wen: I often give lectures in Japan, and I always say that I’m able to publish books thanks to TSMC’s success. Because TSMC is so successful, everyone pays attention to it, and the books I write sell well because everyone wants to read about it. But more importantly, I think Taiwan as a whole should capitalize on TSMC’s success.

People are thinking about how TSMC is now investing in the US, Japan, and Germany. In the past, many Taiwanese businesses invested in mainland China or Southeast Asia. We called it “westward expansion” or “southward expansion.” But those expansions were aimed at lowering costs, taking advantage of better production conditions in those places to earn excess profits.

Now, investing in the US, Japan, and Germany is fundamentally different because the costs in these places are much higher than in Taiwan. In the US, it’s several times higher. TSMC employees sent to Arizona have their salaries doubled, and they’re still paid less than American workers. It’s the same in Germany.

Now, Taiwan isn’t just trying to make money by lowering costs — we’re trying to create value, which is much more difficult. I think Taiwan needs to handle this well. If TSMC can successfully produce in the US, Japan, and Germany, if these factories can operate smoothly, it will involve different corporate cultures. As I mentioned, Taiwanese people are more dedicated to work and willing to work overtime, but American and German employees probably aren’t as willing to work overtime. Even Japanese people aren’t as willing to work overtime now.

There are also language barriers. To be honest, our English isn’t that good. It’s not our mother tongue, so when we go to Japan or the US, there are challenges in communicating with local employees. We see all these challenges.

But regardless, I think the Taiwanese government should use this opportunity to help more people understand Taiwan and its situation.

Taiwan still doesn’t have international status. We can’t even join the United Nations. We don’t have official diplomatic ties with most countries, and our representatives often have to meet foreign officials unofficially to avoid protests from China.

When we participate in the Olympics , we’re called “Chinese Taipei.” We can’t even use the name “Taiwan” without facing suppression.

Taiwan has been on the periphery of the world, just trying to survive.

I think this is a feeling many Taiwanese have in their hearts. It’s hard for us to assert anything because as soon as we do, fighter jets fly over and missiles are pointed at us. Even big brothers like the US tell us what to do. Taiwan is basically a little brother, and our international status is very low, almost non-existent.

But we can only expand our influence through economics and technology. We can make more investments and seize important opportunities in the global industrial division of labor. This is what everyone in Taiwan is working on now.

Jensen Huang poses with NVIDIA fans at the Ningxia night market in Taipei, Taiwan, October 2023. Source .

Nicholas Welch: Do average Taiwanese citizens actually use the term “Silicon Shield” (矽盾)?

Lin Hung-wen: Most Taiwanese people agree that TSMC is indeed a “nation-guarding sacred mountain” 護國神山. TSMC has reached unprecedented heights for a Taiwanese company, leading in technology and playing a crucial role in global chip production. With a market value among the world’s top 10, it’s a source of great pride for Taiwan, a country of just 23 million people, to have produced a company with such global influence.

The term “Silicon Shield” wasn’t invented by Taiwanese people — it originated from foreign media. Since the intensification of US-China tensions in 2018, this concept has gained significance. People realize that TSMC’s production of chips for major global companies in Taiwan means that war cannot occur casually here. A conflict would disrupt the entire global electronics industry, affecting not only economic but also national security, as chips are crucial for missiles, fighter jets, drones, and other security applications.

While average Taiwanese may not discuss the term “Silicon Shield” explicitly, the sentiment behind it is widely understood. Taiwan harbors no hostility towards anyone. We lack international status, so we strive to contribute positively to everyone’s success through our efforts. Our chips enable companies like Apple and NVIDIA to sell more products globally, helping their businesses grow and flourish.

Taiwan primarily focuses on contract manufacturing, with few of our own products. Our industry’s core is built on mutually beneficial partnerships. Taiwan isn’t aggressive; even our fighter jets are primarily for deterrence. In conclusion, while the average person may not deeply contemplate the “Silicon Shield” concept, using semiconductors for self-protection is a common perspective currently.

A Taiwanese View of Geopolitics

Arrian Ebrahimi: Mr. Lin, you’ve just explained the Taiwanese mindset. Now, I’d like to compare the perspectives of different nationalities on international relations, particularly Taiwanese and Americans.

After spending a summer in Taiwan, my observation is that average Taiwanese people seem to care mostly about foreign trends that directly impact Taiwan’s internal development.

In contrast, Americans tend to perceive certain countries as threats to national security, engaging in unfair trade practices, or exhibiting undemocratic behavior. It appears Taiwanese people focus primarily on their island, while Americans consider the entire world order. What do you think of this view, and how does Taiwan’s worldview influence its international strategy?

Lin Hung-wen: Your perception is understandable and natural. I largely agree with your observations, but it’s important to understand the underlying reasons. As I mentioned earlier, Taiwan has been continually suppressed and lacks international status. We have diplomatic relations with only a handful of small countries in Central and South America and Africa.

Taiwan has been on the world’s periphery, while the US is at its center. This fundamental difference in position shapes our respective worldviews.

In Taiwan, our primary concern has been survival. We focus on how others’ actions might impact us and how we can address the resulting challenges. The US, being at the world’s center, naturally considers global issues and seeks to maintain world order, sometimes intervening when situations don’t align with its interests.

Share

Your perspective is valid because we come from different backgrounds, cultures, and living conditions. Israelis would likely offer a different viewpoint, as would the Japanese, despite our shared Asian heritage and strong work ethic.

Taiwan has transitioned from being a completely overlooked peripheral nation to becoming the center of the global semiconductor industry, which has surprised many. I often use the analogy of stagehands in theater — Taiwan used to be like the black-clad stagehands who move props unseen, working behind the scenes while companies like Apple and NVIDIA took center stage. Now, these “stagehands” have become crucial players.

Taiwan’s fundamental role hasn’t changed; we’re still primarily engaged in contract manufacturing and production within the global supply chain. What has changed is the critical importance of our role. While global trends have shifted, Taiwan continues to perform its core functions, albeit now in a more pivotal capacity.

Lin’s Background and Vintage Tech Journalism

Arrian Ebrahimi: Let’s close with a discussion of your background. How did your career as a journalist impact the way you wrote the book?

Lin Hung-wen: This is my 31st year covering the semiconductor industry as a news reporter in Taiwan. I started reporting on semiconductors in 1993, and TSMC was established in 1987, so I began following this company shortly after its founding, writing daily news about it.

I’ve also written extensively about the semiconductor industry outside of Taiwan. Over the past three decades, I’ve traveled all over — to the United States, Japan, and Europe. I even went to Scotland three times, back when it was known as Europe’s “Silicon Glen.”

The ruins of IBM’s plant in Greenock, Scotland. Source .

My book was published in Taiwan in July 2023 and in Japan in April 2024. I’ve already been to Japan four times since the Japanese publication, as they’re very keen to understand Taiwan’s success story. I’ve had many exchanges with Japanese friends.

The Korean version will be published by the end of this year, and the English version will be out in the first half of next year. I hope to let everyone know that Taiwan’s development experience is very worthy of reference.

Of course, Taiwan has also had failed cases, and I don’t shy away from discussing these. For instance, Morris Chang was very successful at TSMC, but his first ventures were quite disastrous, and he later had to close down those operations. As a frontline reporter, I don’t conceal facts, but I strive to present Taiwan’s development experience fairly and objectively.

Arrian Ebrahimi: Thank you, Mr. Lin. You mentioned earlier that you’ll be releasing Korean, Japanese, and English versions of the book. What new aspects will you cover in the English version? How will you tailor the content for new audiences?

Lin Hung-wen: For the English version, I’ve added more current content. I’ve added a lot of new developments, including how AI is driving changes in the semiconductor industry, and the integration of SOC (System on Chip) and HBM (High Bandwidth Memory). These developments have had a significant impact on the industry.

I’ll also include more topics that English readers in America and Europe are interested in. For instance, TSMC is now starting to build a plant in Germany, so I’ll include some European developments as well.

Arrian Ebrahimi: I’m still curious about you personally. You mentioned that you started as a journalist around the same time TSMC was founded, not long after. Since you studied at National Chiao Tung University 國立交通大學 for your undergraduate degree, journalism probably wasn’t the most likely career path for you, right? I’ve lived in Hsinchu, and most people there dream of becoming engineers. Why did you want to become a journalist?

Lin Hung-wen: National Chiao Tung University should be familiar to many friends in Taiwan and mainland China. Essentially, Taiwan’s Chiao Tung University was re-established in Taiwan after the separation of the two sides of the strait, originating from the Chiao Tung University in mainland China.

Chiao Tung University is one of the top institutions for science and engineering. After studying there for four years, I realized I might not be suited to be an engineer. So after graduation, I became a journalist. I chose journalism because I enjoyed writing.

After becoming a journalist, I found it quite suitable for me. On one hand, I enjoy writing, and it’s a great pleasure for me. I often get to talk with many people and meet industry leaders. Standing on the shoulders of giants, I can see far.

Another important factor is that with my science and engineering background, I found it easier to cover this industry compared to journalism graduates who might face more obstacles. As I mentioned earlier, through my news coverage, I’ve gained many insights. Covering an industry isn’t just about writing industry news; I’ve seen a lot of competition between countries, economic and industrial development, and now geopolitical developments.

Through this industry, I’ve gained knowledge in many other areas. This exploration has been very interesting to me. Every day, I wake up with a pile of things to understand, analyze, and explore. I find this to be a very happy journey of exploration in my life.

The radiance of a TSMC facility. Source .

Arrian Ebrahimi: You mentioned that you’ve been a journalist for over 30 years, and this book is based on your interviews and reports over these years. Before discussing the process of writing this book, could you first tell us how you entered the chip industry and became a specialized journalist in this field? Then, how did you summarize your 30 years of experience into one book?

Lin Hung-wen: When I started covering the semiconductor industry, it was my supervisor at the newspaper who assigned me to it because there was a vacancy. They thought that with my background at Chiao Tung University, I could quickly take on the role.

As you know, Taiwan’s semiconductor development started in Hsinchu Science Park. At that time, I would go to Hsinchu every day, visiting different companies and chatting with people.

Every day, I would compile tables, listing the products, investment amounts, and other details of many Taiwanese companies. I was so young at the newspaper that they called me “Table Brother” — the brother who was good at making tables.

In this learning process, I began to find the chip industry very interesting. Now, everyone knows how important chips are. They’re in your phone, your computer, or anything connected to the internet. But in the early days, it wasn’t necessarily like that. When I first started reporting, it was mostly about consumer ICs, like those found in toys.

Young people might not know this, but we used to have musical greeting cards for Christmas. When you opened them, there would be a music IC that would play a tune. Taiwan used to make many of these audio ICs. Then, as telephones (not mobile phones, but desktop phones) started to develop, Taiwan slowly moved from these small consumer ICs into PCs.

Now we’ve entered the AI era with GPUs. I feel that over these 30 years, I’ve grown alongside the semiconductor industry. I started knowing nothing and gradually came into contact with many aspects of the industry’s development.

Many Taiwanese companies have gone through this process. As I mentioned, there have been several generations of different ICs. Taiwan has been slowly capturing these opportunities. Not all companies in Taiwan have successfully transformed, but some have. For example, MediaTek initially made ICs for PC-related optical drives, but when smartphones took off, they seized the opportunity.

The English version of Lin Hung-wen’s book, (working English title — Chip Island: How TSMC and Taiwan Triumph ) will be published in early 2025. We highly recommend you check it out!

Lin’s song of choice:",lin hungwen taiwans top tech journalist decades experience covering semiconductors biotechnology taiwanese industrial policy book radiance chip island tsmc semiconductors chip war years journalism explores geopolitics semiconductors uniquely taiwanese perspective ran interview chinese lin feed last week apple podcasts spotify english translation lins book published early follows translated transcript conversation discuss underexplored story taiwans industrial policy subsistence agriculture child labor rise tsmc role taiwanese government facilitating semiconductor development tsmcs management model including balance rd manufacturing departments talent cultivation strategies tsmc battled international competitors like samsung intel dominance semiconductor industry impact ai era taiwans international relationships tsmcs role global geopolitics origin term silicon shield differences taiwanese american views international relations differences mean taiwans foreign policy hosting today arrian ebrahimi chip capitols substack cohosting support chinatalk editors lily ottinger nicholas welch taiwans industrial policy history arrian ebrahimi mr lin welcome chinatalk start explain main thesis book lin hungwen wrote book main purpose addressing saw gap existing literature started writing read several books related chips chris millers chip war yasu otas geopolitics semiconductors books wellwritten explored semiconductor industry different angles felt lacked perspective actual happenings semiconductor industry especially taiwan past years global semiconductor industry undergone dramatic transformation weve seen paradigm shift vertical integration vertical specialization idm integrated device manufacturer fabless foundry models taiwan seized significant opportunity trend vertical specialization companies like tsmc umc rapidly developed wafer foundry business additionally taiwan numerous ic design houses also captured opportunities packaging testing markets taiwan seized biggest opportunities professional specialization roles emerged disaggregation idms felt taiwans experience crucial yet books didnt mention taiwans development taiwan rise tsmc fabricate worlds advanced processors taiwanese packaging houses account nearly global market share seems every country version chips act subsidizing semiconductors without understanding taiwan succeeded dangerous countries investing might labor vain fail manufacturing nicholas welch lets take step back current events discuss tsmcs history id like ask much taiwans semiconductor strategy attributed fortunatelucky economic planning world war ii example consider influence yin chungjung background industrial engineering established model key economic planning led industrial engineers rather professional economists laid good foundation taiwan government fully support tsmc justify approach national security grounds however yin chungjung charge taiwans economy semiconductors hadnt even invented yet taiwans industrial policy planners foresee taiwan would one day dominate hightech industries lin hungwen dont believe yin chungjung ever imagined taiwan would build worlds important foundry business im certain never considered possibility promoting industrial development back taiwan different situation world war ii relocation nationalist government taiwan island virtually industry light industries like textiles fact taiwans economy mainly based home workshops producing items like christmas lights umbrellas us market santas little helper hsinchu made chips citys primary industry glass manufacturing households encouraged string christmas lights family export campaign called living room factory taiwan produced worlds christmas lights source taiwan weak economic strength heavy industry electronics industry speak time likely didnt understand important integrated circuits would become believe government officials era didnt deep understanding semiconductors however willing trust experts returned taiwan allowed people help including morris chang another important factor taiwans technology came rca licensing rca american semiconductor company preparing exit industry taiwan asked rcas help later taiwan sent people learn rca called knowledgeseeking ambassadors people brought back rcas technology following establishment hsinchu science park industrial technology research institute itri crucial steps looking back might seem like incredibly farsighted grand visions reality stepbystep process improvement meeting itri rca employees source suddenly uschina tech war covid everyone realized tsmc making worlds semiconductors really cared tsmc globally probably dedicated person following tsmc many people paid attention didnt products foundry lily ottinger weve discussing stepbystep development process id like talk taiwans history industrial policy strategies detail nationalists arrived taiwan government implemented land tiller redistribution program facilitated huge gains agricultural productivity economic growth enabled subsequent generations go school pursue careers outside subsistence agriculture land redistribution modern day specific policies crucial enabling tsmcs success manufacturing stepbystep process mentioned steps consider important beneficiaries land redistribution enjoy meal tending fields american missionary barry l schuttler hualien source lin hungwen tsmc think important factors talent capital technology regarding talent mentioned earlier many people brought back technology rca training taiwans education system especially science engineering quite strong practical people diligent willing work overtime characteristics taiwanese engineers morris chang came taiwan discovered qualities believed taiwan could succeed contract manufacturing however didnt think taiwan would successful ic design focused wafer foundry technology already rca technology transfer another crucial factor development pc industry many talented individuals taiwan involved pc development taiwan became significant producer pcs including desktops laptops many companies also producing mainland china created opportunities pcs required semiconductors pc industry became crucial carrier taiwans semiconductor industry providing outlet many chips used pcs regarding capital taiwans private sector resources always quite strong period lot taiwanese investment went mainland china capital talent flowed however recent years capital flowing back taiwan funding generally abundant arrian ebrahimi question role government youve previously discussed different roles legislative yuan lawmaking branch taiwanese government institutions like academia sinica explain significance institutions overseas readers lin hungwen taiwanese government quite lot terms industrial infrastructure legislative yuans crucial contribution creating industrial technology research institute itri technology licensing rca done itri itri governmentled research institution like many advanced research institutions us taiwans itri focuses commercializing technology itri also involved pc communications technology important areas semiconductors perhaps significant contribution people sent rca learn came back initially worked itri started inch inch wafers inch key point established commercial production line itri wasnt lab capable mass production itri played important role taiwans ability seize opportunities global semiconductor vertical division labor know companies like umc tsmc spun itri predecessors companies teams talent itri played crucial role taiwans first ibmcompatible indigenously manufactured pc photographed itri source many countries around world looking learn itri back itri important starting point science park came later another crucial element science park housed companies like umc tsmc essentially providing single window government allowing businesses achieve scale accelerate production government regulations also favored companies terms exports arrian ebrahimi used word predecessor aptly asked question emphasize taiwanese government supporting industry along remember morris chang complaining interview chris miller chip war overemphasized role taiwanese government saying didnt help much look talent basic technology contributions academia sinica especially itri taiwanese governments support really substantial lets start talking topics internal tsmc especially different roles rd department engineering aspect company tsmcs leaders value technological development operational perspective ask specific question would tsmc ceo cc wei excited rd departments contribution next generation nanometer process invention efficiency improvement announced various factories news would president tsmc eager hear lin hungwen opinion extremely important importance varies different times early days tsmcs technology wasnt leading focused catching technologically tsmc founded technology lagged behind worlds advanced three four generations course far surpasses others tsmcs technology leadership crucial ongoing today see tsmc powerful technology far exceeds competitors need understand tsmcs technology behind wasnt around micron nm node successfully developed technology started show signs leadership even werent fully ahead wasnt morris chang returned ceo aggressively invested nm technology slowly surpassed others nm nm nm leading start finish technological leadership always extremely important however efficiency improvement mentioned something tsmc always paid close attention addition technological leadership operational excellence crucial wafer foundry good yield short cycle time low cost directly affect profitability tsmc places great emphasis efficiency improvements work every day engineers work overtime purpose aspects mentioned important mr cc wei needs focus technology must continue lead tsmc maintain high profitability create high value customers without technological leadership wouldnt work others always catching however theres another aspect thats even important two customerservice satisfaction beginning end tsmc always prioritized serving customers maintaining high satisfaction leading technology improving efficiency example look tsmcs competitors like intel samsung intel leading technology early problem intel products samsung also products leading technology use customers honestly creates conflict samsungs case leading technology might use products first give customers want products good technological leadership isnt actually crucial thing company like tsmc important thing tsmc customer service satisfaction customer service good technological leadership efficiency improvements benefit customers tsmc important customers customers often change product plans sometimes urgently need something ask tsmc quickly adjust production deliver goods earlier tsmc change factory production process top bottom therefore efficiency improvements ultimately serving customers know mr cc wei arrives company every morning serve customers call talk european american customers time understand needs serving customers key tsmcs success arrian ebrahimi mr lin youre mainly saying rd efficient factories made different contributions different historical moments points one aspect may played important role times equally important may ask tsmcs leaders trained factory management rather coming rd department relates another question since management rd play different roles importance strategic value two departments vary different times morris chang want successors take turns leading different departments seems initially came engineering later chang decided let experience every department explain bit internal management approach lin hungwen yes youre referring mark liu cc wei chiang shangyi rotate rd business waferfab management think basically morris changs way ensuring ceo would familiar three departments rotate different positions gain different experiences also way morris test ceo isnt ability also one handles different challenges react faced tests panic handle situations calmly think part testing process used method let hone experience mature ability handle situations face challenges think natural successors experience different departments important process arrian ebrahimi although morris chang retired feels like shadow still right ive heard people still call grandpa role actually exist something people discuss lin hungwen think calling grandpa chang quite natural hes could everyones grandpa believe hes still spiritual leader although hes longer working official capacity believe still lot influence im sure still provides guidance younger generations though probably doesnt initiate imagine many people still seek advice instance think cc wei might consult important matters believe influence still even know many us congressmen senators state governors visit taiwan always hope meet hear opinions think quite natural arrian ebrahimi thats kind filial piety good left right mark liu morris chang cc wei source formidable competition tsmcs ai future arrian ebrahimi lets discuss tsmcs battle samsung specifically book highlights quote tsmc founder morris chang samsung formidable admirable competitor morris chang mean lin hungwen morris chang said specific context reporter asking question tsmcs competition samsung reporter could finish morris interrupted said didnt say admirable said formidable emphasized word formidable several times english morris never explained samsung admirable wasnt emphasizing part stress formidable morris changs words samsung like lb gorilla intel used gorilla theyre struggling key point samsung became number one many fields theyve entered whether memory phones tvs displays past competitive methods well understand wrote book samsung describing financial crocodile wrote book time samsung beating many taiwanese industries badly taiwans position miserable taiwans flatpanel display industry suffering many industries beaten samsung understand morris chang calls samsung formidable hes never criticized samsung shared experience early returned taiwan still itri founding tsmc invited lee kunhee previous chairman samsung father lee jaeyong visit korea went stan shih founder acer others itri lee kunhee showed samsungs dram investments essentially said dont invest come work morris course didnt give answer felt could better returning taiwan wanted start company work samsung talks incident samsung lee kunhee think hes clear believed ability ambition build company could compete samsung everyone knows returning taiwan morris already general manager semiconductor business texas instruments important leader company think high expectations course first founded tsmc tough goal build important company great influence understanding comments samsung morris chang talking production line supervisor texas instruments source fareed zakaria cnn arrian ebrahimi recently published article titled ai era drives reorganization semiconductor landscape tsmc chose cooperate sk hynix causing samsung lose everything could please explain ai chips affecting memory industry samsungs leading role impact already lin hungwen thank question good topic especially semicon currently held taiwan impact ai dramatic everyone sees nvidia taking ai era stock price soaring many stories behind years taiwan semiconductor conference interesting samsung sk hynix sent important people taiwan past samsung hynix would send people attend taiwans semiconductor exhibition never top executives time came well heres interesting information first half koreas semiconductor exports taiwan increased double mean ai server chips know nvidia important customer tsmc helps manufacturing ai chips need powerefficient highperformance wellpackaged package logic ics soc hbm together thats koreas memory exports taiwan grown much nvidia needs ai server products need package gpus hbm together call cowos chip wafer substrate technology past system memory logic chips separate could shipped separately tsmc controls advanced process technologies nvidia places orders tsmc hbm memory must packaged together produced significant effect yesterday heard executives samsung hynix speak one hynix executive said already taiwan dozen times year need constantly discuss tsmc package hbm together cowos packaging many areas need collaborate samsung tsmc samsung competitors wafer foundry tsmc tends support hynix micron two memory manufacturers samsung course tends excluded cant helped reality competition taiwans startup ecosystem tsmc biotech lily ottinger mr lin also writes articles covering biotechnology taiwanese government launched stateowned biotechnology company called tbmc sounds like biotechnology version tsmc id like ask differences foundry manufacturing integrated circuits foundry manufacturing biotechnology technical challenges might tbmc face lin hungwen thank reading articles carefully youre right write tbmc tsmc tbmc funded explicitly stated wanted emulate tsmcs model including partnering american resilience group resilience holds stake percentage philips held tsmc initially hope create successful model biotechnology manufacturing taiwan similar tsmc semiconductors however believe significant differences two industries biotech production processes less complex steps semiconductor manufacturing involves around steps difference production complexity results different entry barriers biotech manufacturing relatively easier enter highend semiconductor manufacturing especially advanced processes much difficult leading fewer competitors investment amounts also differ greatly inch semiconductor fab requires least us billion investment nt billion many biological factories hand require nt billion investment hundredfold difference investment highlights higher entry barrier semiconductors lastly products cost structures industries different example production cost viagra accounts price reduce manufacturing costs half decreases overall cost minimal impact contrast semiconductor costs account much larger portion final product price tsmc uses best technology produce nvidias gpus cost reduction substantial ic functionality also powerful continuously improves prices decrease due moores law single smartphone chip uses billion transistors twice worlds population pharmaceuticals however tend become expensive time save lives demand healthcare inelastic fundamental differences two industries mean tbmc faces many challenges future success uncertain arrian ebrahimi thank mr lin mentioned entry barriers leads next topic tsmcs support taiwans startup ecosystem someone grew western united states ive seen high school classmates jump company company gaining industry knowledge create startups may fail leading join large companies trying would compare taiwans americas startup cultures especially regarding jobhopping lin hungwen taiwans situation similar silicon valley jobhopping common taiwan industrial structure dominated small mediumsized enterprises smes taiwan million smes million fewer employees quite different japan korea large conglomerates dominate people often work one company entire lives key difference taiwan strong entrepreneurial spirit smes people often ownership stakes making willing work hard theyre working entrepreneurial spirit similar silicon valley however form entrepreneurship taiwan differs silicon valley taiwan specializes professional manufacturing within global supply chain many taiwanese companies contract manufacturing large american companies like google amazon facebook taiwan seized opportunities industrial specialization years common news taiwans tech industry concept stocks related companies like apple tesla hp dell focus taiwanese companies contract manufacturing supplying components global brands structure specialization continues today companies like nvidia arrian ebrahimi mr lin youve mentioned taiwans small companies often supporting american big companies true taiwans startups mostly chip industry revolving around tsmc goal provide inputs technology tsmc needs lin hungwen thats entirely accurate taiwan doesnt semiconductor companies significant pc industry companies like foxconn quanta compal others also companies various related fields largan precision makes lenses iphone cameras many companies networking communications taiwan also large industrial computer sector true many companies support tsmc providing equipment materials components tsmc doesnt develop inhouse one part taiwans diverse tech ecosystem example rise ai servers heat dissipation become crucial many taiwanese companies developing solutions challenge taiwans startups cover wide range technologies industries semiconductors international isolation chip taiwans shoulder arrian ebrahimi id like ask potentially sensitive question important tsmc taiwanese government lin hungwen thats profound question kept last night touches crucial point taiwanese people uschina conflict intensified world didnt pay much attention taiwan many western observers focused chinas rapid growth past years taiwanese government tsmc extremely important taiwanese government represents democratic system chosen peoples votes embodies direction weve chosen years struggle tsmc also crucial unprecedented taiwanese company reach technological heights play vital role global chip production small island million people produce company influences entire world ranks among top globally market value great source pride taiwan arrian ebrahimi year tsmc accepted invitations many countries expand production abroad seems united states germany japan grateful tsmcs cooperation taiwan seize opportunity enhance international status lin hungwen often give lectures japan always say im able publish books thanks tsmcs success tsmc successful everyone pays attention books write sell well everyone wants read importantly think taiwan whole capitalize tsmcs success people thinking tsmc investing us japan germany past many taiwanese businesses invested mainland china southeast asia called westward expansion southward expansion expansions aimed lowering costs taking advantage better production conditions places earn excess profits investing us japan germany fundamentally different costs places much higher taiwan us several times higher tsmc employees sent arizona salaries doubled theyre still paid less american workers germany taiwan isnt trying make money lowering costs trying create value much difficult think taiwan needs handle well tsmc successfully produce us japan germany factories operate smoothly involve different corporate cultures mentioned taiwanese people dedicated work willing work overtime american german employees probably arent willing work overtime even japanese people arent willing work overtime also language barriers honest english isnt good mother tongue go japan us challenges communicating local employees see challenges regardless think taiwanese government use opportunity help people understand taiwan situation taiwan still doesnt international status cant even join united nations dont official diplomatic ties countries representatives often meet foreign officials unofficially avoid protests china participate olympics called chinese taipei cant even use name taiwan without facing suppression taiwan periphery world trying survive think feeling many taiwanese hearts hard us assert anything soon fighter jets fly missiles pointed us even big brothers like us tell us taiwan basically little brother international status low almost nonexistent expand influence economics technology make investments seize important opportunities global industrial division labor everyone taiwan working jensen huang poses nvidia fans ningxia night market taipei taiwan october source nicholas welch average taiwanese citizens actually use term silicon shield lin hungwen taiwanese people agree tsmc indeed nationguarding sacred mountain tsmc reached unprecedented heights taiwanese company leading technology playing crucial role global chip production market value among worlds top source great pride taiwan country million people produced company global influence term silicon shield wasnt invented taiwanese people originated foreign media since intensification uschina tensions concept gained significance people realize tsmcs production chips major global companies taiwan means war cannot occur casually conflict would disrupt entire global electronics industry affecting economic also national security chips crucial missiles fighter jets drones security applications average taiwanese may discuss term silicon shield explicitly sentiment behind widely understood taiwan harbors hostility towards anyone lack international status strive contribute positively everyones success efforts chips enable companies like apple nvidia sell products globally helping businesses grow flourish taiwan primarily focuses contract manufacturing products industrys core built mutually beneficial partnerships taiwan isnt aggressive even fighter jets primarily deterrence conclusion average person may deeply contemplate silicon shield concept using semiconductors selfprotection common perspective currently taiwanese view geopolitics arrian ebrahimi mr lin youve explained taiwanese mindset id like compare perspectives different nationalities international relations particularly taiwanese americans spending summer taiwan observation average taiwanese people seem care mostly foreign trends directly impact taiwans internal development contrast americans tend perceive certain countries threats national security engaging unfair trade practices exhibiting undemocratic behavior appears taiwanese people focus primarily island americans consider entire world order think view taiwans worldview influence international strategy lin hungwen perception understandable natural largely agree observations important understand underlying reasons mentioned earlier taiwan continually suppressed lacks international status diplomatic relations handful small countries central south america africa taiwan worlds periphery us center fundamental difference position shapes respective worldviews taiwan primary concern survival focus others actions might impact us address resulting challenges us worlds center naturally considers global issues seeks maintain world order sometimes intervening situations dont align interests share perspective valid come different backgrounds cultures living conditions israelis would likely offer different viewpoint would japanese despite shared asian heritage strong work ethic taiwan transitioned completely overlooked peripheral nation becoming center global semiconductor industry surprised many often use analogy stagehands theater taiwan used like blackclad stagehands move props unseen working behind scenes companies like apple nvidia took center stage stagehands become crucial players taiwans fundamental role hasnt changed still primarily engaged contract manufacturing production within global supply chain changed critical importance role global trends shifted taiwan continues perform core functions albeit pivotal capacity lins background vintage tech journalism arrian ebrahimi lets close discussion background career journalist impact way wrote book lin hungwen st year covering semiconductor industry news reporter taiwan started reporting semiconductors tsmc established began following company shortly founding writing daily news ive also written extensively semiconductor industry outside taiwan past three decades ive traveled united states japan europe even went scotland three times back known europes silicon glen ruins ibms plant greenock scotland source book published taiwan july japan april ive already japan four times since japanese publication theyre keen understand taiwans success story ive many exchanges japanese friends korean version published end year english version first half next year hope let everyone know taiwans development experience worthy reference course taiwan also failed cases dont shy away discussing instance morris chang successful tsmc first ventures quite disastrous later close operations frontline reporter dont conceal facts strive present taiwans development experience fairly objectively arrian ebrahimi thank mr lin mentioned earlier youll releasing korean japanese english versions book new aspects cover english version tailor content new audiences lin hungwen english version ive added current content ive added lot new developments including ai driving changes semiconductor industry integration soc system chip hbm high bandwidth memory developments significant impact industry ill also include topics english readers america europe interested instance tsmc starting build plant germany ill include european developments well arrian ebrahimi im still curious personally mentioned started journalist around time tsmc founded long since studied national chiao tung university undergraduate degree journalism probably wasnt likely career path right ive lived hsinchu people dream becoming engineers want become journalist lin hungwen national chiao tung university familiar many friends taiwan mainland china essentially taiwans chiao tung university reestablished taiwan separation two sides strait originating chiao tung university mainland china chiao tung university one top institutions science engineering studying four years realized might suited engineer graduation became journalist chose journalism enjoyed writing becoming journalist found quite suitable one hand enjoy writing great pleasure often get talk many people meet industry leaders standing shoulders giants see far another important factor science engineering background found easier cover industry compared journalism graduates might face obstacles mentioned earlier news coverage ive gained many insights covering industry isnt writing industry news ive seen lot competition countries economic industrial development geopolitical developments industry ive gained knowledge many areas exploration interesting every day wake pile things understand analyze explore find happy journey exploration life radiance tsmc facility source arrian ebrahimi mentioned youve journalist years book based interviews reports years discussing process writing book could first tell us entered chip industry became specialized journalist field summarize years experience one book lin hungwen started covering semiconductor industry supervisor newspaper assigned vacancy thought background chiao tung university could quickly take role know taiwans semiconductor development started hsinchu science park time would go hsinchu every day visiting different companies chatting people every day would compile tables listing products investment amounts details many taiwanese companies young newspaper called table brother brother good making tables learning process began find chip industry interesting everyone knows important chips theyre phone computer anything connected internet early days wasnt necessarily like first started reporting mostly consumer ics like found toys young people might know used musical greeting cards christmas opened would music ic would play tune taiwan used make many audio ics telephones mobile phones desktop phones started develop taiwan slowly moved small consumer ics pcs weve entered ai era gpus feel years ive grown alongside semiconductor industry started knowing nothing gradually came contact many aspects industrys development many taiwanese companies gone process mentioned several generations different ics taiwan slowly capturing opportunities companies taiwan successfully transformed example mediatek initially made ics pcrelated optical drives smartphones took seized opportunity english version lin hungwens book working english title chip island tsmc taiwan triumph published early highly recommend check lins song choice
External ,https://kleanindustries.com/insights/market-analysis-reports/insights-market-analysis-reports-china-rare-earth-export-ban-impact-tech-defense/ ,Neutral,0.0,"This page could not be found.  It may have been moved or deleted. Return to our home page. We support our client’s through our quoting and project development by providing a wealth of information and specifications about Klean Industries systems and technologies. 
              ©2025   All Rights Reserved.
              Terms of Use",page could found may moved deleted return home page support clients quoting project development providing wealth information specifications klean industries systems technologies rights reserved terms use
External ,https://www.csis.org/analysis/consequences-chinas-new-rare-earths-export-restrictions ,Positive,0.06000000000000001,"The page you were looking for could not be found. If you have any questions or concerns regarding this website, please contact the CSIS webmaster. Center for Strategic and International Studies
1616 Rhode Island Avenue, NW
Washington, DC 20036 Tel: 202.887.0200
Fax: 202.775.3199 See Media Page for more interview, contact, and citation details. ©2025 Center for Strategic & International Studies. All Rights Reserved.",page looking could found questions concerns regarding website please contact csis webmaster center strategic international studies rhode island avenue nw washington dc tel fax see media page interview contact citation details center strategic international studies rights reserved
